Timestamp,Bids,Price,Title,URL
Mar-18 17:37,7,36.2,2017-18 Panini Prizm Silver Ben Simmons #9 PSA 10 GEM MT (COMC),https://www.ebay.com/itm/2017-18-Panini-Prizm-Silver-Ben-Simmons-9-PSA-10-GEM-MT-COMC/233517789840?hash=item365ebeb290:g:A1gAAOSwKgxeY28D
Mar-18 17:36,9,37.0,2017-18 Panini Prizm Silver Ben Simmons #9 PSA 10 GEM MT (COMC),https://www.ebay.com/itm/2017-18-Panini-Prizm-Silver-Ben-Simmons-9-PSA-10-GEM-MT-COMC/233517789677?hash=item365ebeb1ed:g:94wAAOSw3axeY278
Mar-18 17:31,5,26.01,2017-18 Panini Prizm Silver Ben Simmons #9 PSA 10 GEM MT (COMC),https://www.ebay.com/itm/2017-18-Panini-Prizm-Silver-Ben-Simmons-9-PSA-10-GEM-MT-COMC/233517789428?hash=item365ebeb0f4:g:w4kAAOSw1vNeY27q
Mar-18 17:11,14,34.0,2017-18 Panini Prizm Silver Ben Simmons #9 PSA 10 GEM MT (COMC),https://www.ebay.com/itm/2017-18-Panini-Prizm-Silver-Ben-Simmons-9-PSA-10-GEM-MT-COMC/233517787991?hash=item365ebeab57:g:Z28AAOSwlsVeY26c
Mar-18 17:06,8,39.0,2017-18 Panini Prizm Silver Ben Simmons #9 PSA 10 GEM MT (COMC),https://www.ebay.com/itm/2017-18-Panini-Prizm-Silver-Ben-Simmons-9-PSA-10-GEM-MT-COMC/233517787629?hash=item365ebea9ed:g:374AAOSwAJheY26E
Mar-18 17:02,8,36.0,2017-18 Panini Prizm Silver Ben Simmons #9 PSA 10 GEM MT (COMC),https://www.ebay.com/itm/2017-18-Panini-Prizm-Silver-Ben-Simmons-9-PSA-10-GEM-MT-COMC/233517787326?hash=item365ebea8be:g:t78AAOSwrIxeY254
Mar-18 16:38,2,70.0,Kobe Bryant 2018 Panini Prizm SILVER PRIZM #15 PSA 10 GEM MINT,https://www.ebay.com/itm/Kobe-Bryant-2018-Panini-Prizm-SILVER-PRIZM-15-PSA-10-GEM-MINT/114146641563?hash=item1a93ab869b:g:hlgAAOSwj7heYbqW
Mar-18 16:34,8,2225.0,2019-20 Panini Prizm Silver Zion Williamson RC #248 PSA 10 New Orleans Pelicans,https://www.ebay.com/itm/2019-20-Panini-Prizm-Silver-Zion-Williamson-RC-248-PSA-10-New-Orleans-Pelicans/313027505955?hash=item48e1e4af23:g:yxQAAOSwOfFeaXD1
Mar-18 14:57,1,169.99,2018-19 Panini Prizm Silver Prizm DeAndre Ayton RC PSA 10 Rookie Card Gem Mint,https://www.ebay.com/itm/2018-19-Panini-Prizm-Silver-Prizm-DeAndre-Ayton-RC-PSA-10-Rookie-Card-Gem-Mint/264669895223?hash=item3d9f8e1a37:g:kIgAAOSwD2leXZFr
Mar-18 13:43,7,172.68,2019-20 PANINI PRIZM TYLER HERRO TRUE ROOKIE RC SILVER PSA 10 GEM MINT #259!,https://www.ebay.com/itm/2019-20-PANINI-PRIZM-TYLER-HERRO-TRUE-ROOKIE-RC-SILVER-PSA-10-GEM-MINT-259/254543706615?hash=item3b43fcb9f7:g:M2EAAOSw3Fleb9tO
Mar-18 10:56,6,177.5,Trae Young Rookie Silver Prizm BGS 9. 10 Centering. PSA 10?,https://www.ebay.com/itm/Trae-Young-Rookie-Silver-Prizm-BGS-9-10-Centering-PSA-10/372986180254?hash=item56d7b5729e:g:UT8AAOSwLB5ea8fS
Mar-17 23:41,22,901.89,Jayson Tatum PSA 10 2017-18 Panini Prizm Silver Prizm Rookie RC #16 Celtics🔥🔥,https://www.ebay.com/itm/Jayson-Tatum-PSA-10-2017-18-Panini-Prizm-Silver-Prizm-Rookie-RC-16-Celtics/174213667521?hash=item288ff19ac1:g:GcEAAOSwaZVeZJKC
Mar-17 21:08,20,144.5,2018-19 Panini Prizm Silver #66 Jaren Jackson Jr. Grizzlies RC Rookie PSA 10,https://www.ebay.com/itm/2018-19-Panini-Prizm-Silver-66-Jaren-Jackson-Jr-Grizzlies-RC-Rookie-PSA-10/233525014064?hash=item365f2cee30:g:UFMAAOSwQVJeawbm
Mar-17 20:59,32,1601.0,2018-19 Panini Prizm Silver #280 Luka Doncic Mavericks RC Rookie PSA 10 HOT CARD,https://www.ebay.com/itm/2018-19-Panini-Prizm-Silver-280-Luka-Doncic-Mavericks-RC-Rookie-PSA-10-HOT-CARD/383455978647?hash=item5947c1e497:g:VkwAAOSwtzJeZ7YZ
Mar-17 20:59,29,1550.0,2018-19 Panini Prizm Silver #280 Luka Doncic Mavericks RC Rookie PSA 10 HIGH END,https://www.ebay.com/itm/2018-19-Panini-Prizm-Silver-280-Luka-Doncic-Mavericks-RC-Rookie-PSA-10-HIGH-END/383455978106?hash=item5947c1e27a:g:D~4AAOSwpc1eZ7Vm
Mar-17 20:49,22,227.5,DE'AARON FOX 2017/18 PANINI PRIZM RC ROOKIE SILVER PRIZMS SP PSA 10 GEM MINT,https://www.ebay.com/itm/DEAARON-FOX-2017-18-PANINI-PRIZM-RC-ROOKIE-SILVER-PRIZMS-SP-PSA-10-GEM-MINT/233525000013?hash=item365f2cb74d:g:tLwAAOSwYoFeawKZ
Mar-17 20:44,1,439.0,Luka Doncic 2018 Prizm Rookie Rc GEM MINT PSA 10 no silver,https://www.ebay.com/itm/Luka-Doncic-2018-Prizm-Rookie-Rc-GEM-MINT-PSA-10-no-silver/254542559074?hash=item3b43eb3762:g:-h4AAOSwYbNeao1d
Mar-17 20:20,20,298.72,DONOVAN MITCHELL 2017/18 PANINI PRIZM #117 RC SILVER PRIZMS SP PSA 10 GEM MINT,https://www.ebay.com/itm/DONOVAN-MITCHELL-2017-18-PANINI-PRIZM-117-RC-SILVER-PRIZMS-SP-PSA-10-GEM-MINT/293506693356?hash=item44565cb8ec:g:bgYAAOSwZsdeaDQM
Mar-17 20:11,30,2425.0,ZION WILLIAMSON 2019-20 PANINI PRIZM ROOKIE SILVER PSA 10 GEM NO PELICANS RC,https://www.ebay.com/itm/ZION-WILLIAMSON-2019-20-PANINI-PRIZM-ROOKIE-SILVER-PSA-10-GEM-NO-PELICANS-RC/274305068547?hash=item3fdddb2e03:g:Qi0AAOSwIYteaRcj
Mar-17 20:11,17,62.0,2019-20 Panini Prizm Silver #263 Nickeil Alexander-Walk,https://www.ebay.com/itm/2019-20-Panini-Prizm-Silver-263-Nickeil-Alexander-Walker-RC-Rookie-PSA-10/372982032459?hash=item56d776284b:g:3QkAAOSwkbReZ8yw
Mar-17 20:11,36,390.0,2019-20 Panini Prizm Silver #253 Coby White Chicago Bulls RC Rookie PSA 10,https://www.ebay.com/itm/2019-20-Panini-Prizm-Silver-253-Coby-White-Chicago-Bulls-RC-Rookie-PSA-10/372982023821?hash=item56d776068d:g:KBIAAOSwRYReZ8l3
Mar-17 20:11,39,78.0,2019-20 Panini Prizm Silver #289 Darius Bazley Thunder RC Rookie PSA 10,https://www.ebay.com/itm/2019-20-Panini-Prizm-Silver-289-Darius-Bazley-Thunder-RC-Rookie-PSA-10/383456068703?hash=item5947c3445f:g:FzwAAOSwWp9eZ8xO
Mar-17 20:11,23,81.0,2019-20 Panini Prizm Silver #260 Romeo Langford Boston Celtics RC Rookie PSA 10,https://www.ebay.com/itm/2019-20-Panini-Prizm-Silver-260-Romeo-Langford-Boston-Celtics-RC-Rookie-PSA-10/362940258264?hash=item5480ecd7d8:g:uT4AAOSwNeFeZ8u2
Mar-17 20:10,20,182.5,2019 Panini Prizm Silver #64 Zion Williamson Duke RC Rookie PSA 10 GEM MINT,https://www.ebay.com/itm/2019-Panini-Prizm-Silver-64-Zion-Williamson-Duke-RC-Rookie-PSA-10-GEM-MINT/372982207546?hash=item56d778d43a:g:yu4AAOSwUyZeZ~x6
Mar-17 20:07,25,404.0,LeBron James - 2016/17 Optic Champ Is Here Silver Prizm - PSA 10/GEM MINT - NR!,https://www.ebay.com/itm/LeBron-James-2016-17-Optic-Champ-Is-Here-Silver-Prizm-PSA-10-GEM-MINT-NR/333546313649?hash=item4da8e8d7b1:g:kLEAAOSwWapebZue
Mar-17 20:05,7,44.99,BEN SIMMONS 2017-18 Panini Prizm  #9 SILVER PRIZM - PSA 10 GEM MINT 2nd Year,https://www.ebay.com/itm/BEN-SIMMONS-2017-18-Panini-Prizm-9-SILVER-PRIZM-PSA-10-GEM-MINT-2nd-Year/383459891884?hash=item5947fd9aac:g:obIAAOSweVZeavhj
Mar-17 20:04,11,25.45,2018-19 Panini Prizm Silver #4 De'Anthony Melton Rockets RC Rookie PSA 10,https://www.ebay.com/itm/2018-19-Panini-Prizm-Silver-4-DeAnthony-Melton-Rockets-RC-Rookie-PSA-10/383456284529?hash=item5947c68f71:g:itgAAOSwDVVeZ~zk
Mar-17 20:04,15,23.45,2018-19 Panini Prizm Silver #4 De'Anthony Melton Rockets RC Rookie PSA 10,https://www.ebay.com/itm/2018-19-Panini-Prizm-Silver-4-DeAnthony-Melton-Rockets-RC-Rookie-PSA-10/372982206545?hash=item56d778d051:g:ddgAAOSwNnZeZ~wy
Mar-17 20:03,29,151.0,2018/19 PANINI PRIZM JAREN JACKSON JR SILVER REFRACTOR GRIZZLIES #66 PSA 10 GEM,https://www.ebay.com/itm/2018-19-PANINI-PRIZM-JAREN-JACKSON-JR-SILVER-REFRACTOR-GRIZZLIES-66-PSA-10-GEM/274302798300?hash=item3fddb889dc:g:aGUAAOSwPO5eaFS-
Mar-17 20:02,19,77.51,2015 Panini Select Silver Prizm #196 Kristaps Porzingis Knicks RC Rookie PSA 10,https://www.ebay.com/itm/2015-Panini-Select-Silver-Prizm-196-Kristaps-Porzingis-Knicks-RC-Rookie-PSA-10/264663156532?hash=item3d9f274734:g:kd0AAOSwcw1eaFSl
Mar-17 20:00,50,160.5,2016-17 Panini Select Silver Prizm #118 Pascal Siakam Raptors RC Rookie PSA 10,https://www.ebay.com/itm/2016-17-Panini-Select-Silver-Prizm-118-Pascal-Siakam-Raptors-RC-Rookie-PSA-10/362940494348?hash=item5480f0720c:g:1EcAAOSwdQFeTtx-
Mar-17 19:59,20,142.5,2018-19 Panini Prizm Silver #66 Jaren Jackson Jr. Grizzlies RC Rookie PSA 10,https://www.ebay.com/itm/2018-19-Panini-Prizm-Silver-66-Jaren-Jackson-Jr-Grizzlies-RC-Rookie-PSA-10/383456199461?hash=item5947c54325:g:86sAAOSwwz9eZ-hQ
Mar-17 19:58,3,105.0,"Assorted RC Investor Lot (Culver, Hield, White, Ingram), Silver Prizm, PSA 10???",https://www.ebay.com/itm/Assorted-RC-Investor-Lot-Culver-Hield-White-Ingram-Silver-Prizm-PSA-10/313024458825?hash=item48e1b63049:g:8H8AAOSwjMteaFNK
Mar-17 19:52,14,122.5,2019-20 Prizm LeBron James #3 NBA FINALISTS SILVER 🔥HOT CARD!🔥 PSA 10?,https://www.ebay.com/itm/2019-20-Prizm-LeBron-James-3-NBA-FINALISTS-SILVER-HOT-CARD-PSA-10/283811007032?hash=item4214744a38:g:aeoAAOSwT9NeaEWB
Mar-17 19:39,35,67.0,2019-20 Panini Prizm Silver #282 Bol Bol Denver Nuggets RC Rookie PSA 10,https://www.ebay.com/itm/2019-20-Panini-Prizm-Silver-282-Bol-Bol-Denver-Nuggets-RC-Rookie-PSA-10/372982196966?hash=item56d778aae6:g:2ssAAOSwme5eZ~oc
Mar-17 19:37,14,28.0,2018-19 Panini Prizm Silver #138 Robert Williams III Celtics RC Rookie PSA 10,https://www.ebay.com/itm/2018-19-Panini-Prizm-Silver-138-Robert-Williams-III-Celtics-RC-Rookie-PSA-10/362940369388?hash=item5480ee89ec:g:ULoAAOSwckdeZ-8b
Mar-17 19:32,32,4050.0,Lot Of 4 Ja Morant 2019-20 Panini Prizm Silver Rookie RC #249 PSA 10 GEM MINT,https://www.ebay.com/itm/Lot-Of-4-Ja-Morant-2019-20-Panini-Prizm-Silver-Rookie-RC-249-PSA-10-GEM-MINT/353005267872?hash=item5230c0eba0:g:AaYAAOSwl7pebZOE
Mar-17 19:26,50,455.0,2019-20 Panini Prizm Silver #129 LeBron James Los Angeles Lakers PSA 10 GEM MINT,https://www.ebay.com/itm/2019-20-Panini-Prizm-Silver-129-LeBron-James-Los-Angeles-Lakers-PSA-10-GEM-MINT/372982097206?hash=item56d7772536:g:dC4AAOSwxBNeZ9-a
Mar-17 19:25,30,111.0,2018-19 Panini Prizm Silver #181 Marvin Bagley III Kings RC Rookie PSA 10,https://www.ebay.com/itm/2018-19-Panini-Prizm-Silver-181-Marvin-Bagley-III-Kings-RC-Rookie-PSA-10/383456226259?hash=item5947c5abd3:g:j5EAAOSwUvxeZ-5o
Mar-17 19:24,22,1475.0,LOT Of 2 2019 Panini Prizm #129 Lebron James SILVER PRIZM PSA 10 GEM MINT,https://www.ebay.com/itm/LOT-Of-2-2019-Panini-Prizm-129-Lebron-James-SILVER-PRIZM-PSA-10-GEM-MINT/353005262259?hash=item5230c0d5b3:g:81IAAOSw7ohebZHA
Mar-17 19:23,21,30.0,2019 Panini Prizm Silver #8 Coby White RC Rookie PSA 10 GEM MINT,https://www.ebay.com/itm/2019-Panini-Prizm-Silver-8-Coby-White-RC-Rookie-PSA-10-GEM-MINT/362940336531?hash=item5480ee0993:g:aOIAAOSwGCBeZ-aC
Mar-17 19:23,17,93.99,2019-20 Panini Prizm Silver #288 Darius Garland Cavaliers RC Rookie PSA 10,https://www.ebay.com/itm/2019-20-Panini-Prizm-Silver-288-Darius-Garland-Cavaliers-RC-Rookie-PSA-10/383456189957?hash=item5947c51e05:g:5OQAAOSwqzheZ-Xq
Mar-17 19:12,16,55.0,2019-20 Panini Prizm Silver Jaxson Hayes New Orleans Pelicans RC Rookie PSA 10,https://www.ebay.com/itm/2019-20-Panini-Prizm-Silver-Jaxson-Hayes-New-Orleans-Pelicans-RC-Rookie-PSA-10/372981991949?hash=item56d7758a0d:g:e1YAAOSwoYJeZ76f
Mar-17 19:12,31,86.0,2019-20 Panini Prizm Silver #261 Sekou Doumbouya Pistons RC Rookie PSA 10,https://www.ebay.com/itm/2019-20-Panini-Prizm-Silver-261-Sekou-Doumbouya-Pistons-RC-Rookie-PSA-10/362940219201?hash=item5480ec3f41:g:WdAAAOSwYAVeZ70E
Mar-17 19:12,28,53.0,2019-20 Panini Prizm Silver #265 Luka Samanic Spurs RC Rookie PSA 10 GEM MINT,https://www.ebay.com/itm/2019-20-Panini-Prizm-Silver-265-Luka-Samanic-Spurs-RC-Rookie-PSA-10-GEM-MINT/383456011393?hash=item5947c26481:g:EpAAAOSwiFBeZ72k
Mar-17 19:12,11,61.0,2019-20 Panini Prizm Silver #271 Mfiondu Kabengele Clippers RC Rookie PSA 10,https://www.ebay.com/itm/2019-20-Panini-Prizm-Silver-271-Mfiondu-Kabengele-Clippers-RC-Rookie-PSA-10/362940222176?hash=item5480ec4ae0:g:zowAAOSwdWZeZ74b
Mar-17 19:12,28,94.0,2019-20 Panini Prizm Silver #288 Darius Garland Cavaliers RC Rookie PSA 10,https://www.ebay.com/itm/2019-20-Panini-Prizm-Silver-288-Darius-Garland-Cavaliers-RC-Rookie-PSA-10/362940219914?hash=item5480ec420a:g:18sAAOSwHt9eZ71Q
Mar-17 19:04,24,39.0,2019-20 Prizm Draft Picks RJ Barrett Silver Prizm RC #3 PSA 10 Gem Mint LOW POP,https://www.ebay.com/itm/2019-20-Prizm-Draft-Picks-RJ-Barrett-Silver-Prizm-RC-3-PSA-10-Gem-Mint-LOW-POP/254538717731?hash=item3b43b09a23:g:ByUAAOSw9QVeabdK
Mar-17 19:02,26,625.0,"2019-20 Panini Prizm Ja Morant #249 Silver TRUE GEM BGS (9.5,10,9.5,9.",https://www.ebay.com/itm/2019-20-Panini-Prizm-Ja-Morant-249-Silver-TRUE-GEM-BGS-9-5-10-9-5-9-5-PSA-10/193373938452?hash=item2d05fc2314:g:o6gAAOSw03VeXXiR
Mar-17 19:02,1,199.0,2019-20 Panini Prizm ZION WILLIAMSON SILVER RC Rookie PSA 10 Gem Mint Pelicans,https://www.ebay.com/itm/2019-20-Panini-Prizm-ZION-WILLIAMSON-SILVER-RC-Rookie-PSA-10-Gem-Mint-Pelicans/324105782566?hash=item4b7635c526:g:x6oAAOSwXbZebAZJ
Mar-17 18:56,20,86.0,2019-20 Panini Prizm Sekou Doumbouya Silver Prizm RC #261 PSA 10 Gem Mint,https://www.ebay.com/itm/2019-20-Panini-Prizm-Sekou-Doumbouya-Silver-Prizm-RC-261-PSA-10-Gem-Mint/254538717735?hash=item3b43b09a27:g:9l4AAOSwPjNeacdK
Mar-17 18:54,25,87.99,2019-20 Panini Prizm Jarrett Culver Silver Prizm RC #252 PSA 10 Gem Mint Rookie,https://www.ebay.com/itm/2019-20-Panini-Prizm-Jarrett-Culver-Silver-Prizm-RC-252-PSA-10-Gem-Mint-Rookie/254538717739?hash=item3b43b09a2b:g:UGcAAOSwD39eacfc
Mar-17 18:52,20,93.5,2019-20 Panini Prizm Darius Garland Silver Prizm RC #288 PSA 10 Gem Mint,https://www.ebay.com/itm/2019-20-Panini-Prizm-Darius-Garland-Silver-Prizm-RC-288-PSA-10-Gem-Mint/254538717723?hash=item3b43b09a1b:g:2JAAAOSwu1BeacZ4
Mar-17 18:52,40,1375.0,2018-19 Panini Prizm Silver #288 DeVonte' Graham Hornets RC PSA 10 Lot Of 7,https://www.ebay.com/itm/2018-19-Panini-Prizm-Silver-288-DeVonte-Graham-Hornets-RC-PSA-10-Lot-Of-7/353005224543?hash=item5230c0425f:g:gOYAAOSwx7hebYoY
Mar-17 18:48,13,21.5,2019-20 PANINI-PRIZM #30 KEVIN PORTER JR. SILVER PRIZM ROOKIE PSA 10 GEM MINT,https://www.ebay.com/itm/2019-20-PANINI-PRIZM-30-KEVIN-PORTER-JR-SILVER-PRIZM-ROOKIE-PSA-10-GEM-MINT/223942724057?hash=item342406c9d9:g:SnQAAOSwh55eaENP
Mar-17 18:45,14,55.85,2017-18 Panini Select DE'AARON FOX SILVER Prizm Rookie RC PSA 10 GEM MINT KINGS,https://www.ebay.com/itm/2017-18-Panini-Select-DEAARON-FOX-SILVER-Prizm-Rookie-RC-PSA-10-GEM-MINT-KINGS/143552372443?hash=item216c635edb:g:HkMAAOSwl-teaEG8
Mar-17 18:38,8,15.5,2018-19 Panini Prizm Aaron Holiday Silver Prizm RC #114 PSA 10 Gem Mint Pacers,https://www.ebay.com/itm/2018-19-Panini-Prizm-Aaron-Holiday-Silver-Prizm-RC-114-PSA-10-Gem-Mint-Pacers/254538717726?hash=item3b43b09a1e:g:4t0AAOSwd1Jeacg-
Mar-17 18:17,24,114.88,2019 PANINI PRIZM ZION WILLIAMSON INSTANT IMPACT SILVER PRIZM PSA 10 GEM MINT,https://www.ebay.com/itm/2019-PANINI-PRIZM-ZION-WILLIAMSON-INSTANT-IMPACT-SILVER-PRIZM-PSA-10-GEM-MINT/392722389450?hash=item5b701419ca:g:ShMAAOSwxrBeZ67C
Mar-17 18:11,20,88.0,2019-20 Panini Prizm Silver #288 Darius Garland Cavaliers RC Rookie PSA 10,https://www.ebay.com/itm/2019-20-Panini-Prizm-Silver-288-Darius-Garland-Cavaliers-RC-Rookie-PSA-10/362940344304?hash=item5480ee27f0:g:w~AAAOSwT99eZ-ju
Mar-17 18:11,26,228.5,2019-20 Panini Prizm Silver #255 Rui Hachimura Wizards RC Rookie PSA 10 GEM MINT,https://www.ebay.com/itm/2019-20-Panini-Prizm-Silver-255-Rui-Hachimura-Wizards-RC-Rookie-PSA-10-GEM-MINT/362940344886?hash=item5480ee2a36:g:vZYAAOSw-~peZ-kV
Mar-17 18:11,25,5101.0,2019 lebron silver prizm PSA 10 10 card Lot,https://www.ebay.com/itm/2019-lebron-silver-prizm-PSA-10-10-card-Lot/353005191503?hash=item5230bfc14f:g:WckAAOSwCFBebYCC
Mar-17 18:08,28,285.0,2019-20 Panini Prizm Coby White Silver Prizm Rookie Rc PSA 10 GEM MINT Bulls,https://www.ebay.com/itm/2019-20-Panini-Prizm-Coby-White-Silver-Prizm-Rookie-Rc-PSA-10-GEM-MINT-Bulls/264662022160?hash=item3d9f15f810:g:mBgAAOSwU~VeZvuB
Mar-17 18:00,13,134.5,2018-19 Panini Prizm Lebron James Silver Prizm #6 PSA 10 GEM MINT Cavs Lakers,https://www.ebay.com/itm/2018-19-Panini-Prizm-Lebron-James-Silver-Prizm-6-PSA-10-GEM-MINT-Cavs-Lakers/264662017381?hash=item3d9f15e565:g:bHgAAOSw1mdeZvlQ
Mar-17 18:00,16,34.1,MO BAMBA 2018-19 Panini Prizm Basketball SILVER Rookie Refractor Card #99 PSA 10,https://www.ebay.com/itm/MO-BAMBA-2018-19-Panini-Prizm-Basketball-SILVER-Rookie-Refractor-Card-99-PSA-10/124115109127?hash=item1ce5d64507:g:i5AAAOSws6ReacFL
Mar-17 17:51,49,55.0,2018 Panini Prizm Silver Prizm #227 Mitchell Robinson RC Rookie Gem Mint PSA 10,https://www.ebay.com/itm/2018-Panini-Prizm-Silver-Prizm-227-Mitchell-Robinson-RC-Rookie-Gem-Mint-PSA-10/372982419883?hash=item56d77c11ab:g:FNAAAOSws4FeaDYg
Mar-17 17:17,2,31.0,2018 Panini Prizm All Day #10 Silver Prizm Lebron James Lakers PSA 10 POP 3,https://www.ebay.com/itm/2018-Panini-Prizm-All-Day-10-Silver-Prizm-Lebron-James-Lakers-PSA-10-POP-3/372978924025?hash=item56d746b9f9:g:NaEAAOSwbbtdE~4g
Mar-17 17:17,10,44.0,2018 Panini Prizm Dominance #29 Dominance-Silv,https://www.ebay.com/itm/2018-Panini-Prizm-Dominance-29-Dominance-Silver-Prizm-Lebron-James-PSA-10/383452532677?hash=item59478d4fc5:g:Ew0AAOSwpmZdE-Qv
Mar-17 16:43,23,30.0,2019-20 Prizm Draft Picks RJ Barrett KNICKS RC Crusade Silver #72 PSA 10,https://www.ebay.com/itm/2019-20-Prizm-Draft-Picks-RJ-Barrett-KNICKS-RC-Crusade-Silver-72-PSA-10/372982335093?hash=item56d77ac675:g:od8AAOSwKI5eYUuo
Mar-17 15:27,22,212.5,2019-20 NBA Panini Prizm JA MORANT Silver Refractor Rookie 🔥 PSA 10? 24 hours!,https://www.ebay.com/itm/2019-20-NBA-Panini-Prizm-JA-MORANT-Silver-Refractor-Rookie-PSA-10-24-hours/153867397099?hash=item23d33627eb:g:YGwAAOSwxcFebqFi
Mar-17 13:03,50,600.0,2018-19 Panini Select Luka Doncic Mavericks Rookie Silver Prizm #25 PSA 10 (D7),https://www.ebay.com/itm/2018-19-Panini-Select-Luka-Doncic-Mavericks-Rookie-Silver-Prizm-25-PSA-10-D7/254536987602?hash=item3b439633d2:g:RiAAAOSw8qBeZ~It
Mar-17 13:01,35,107.5,2019-20 Panini Prizm Eric Paschall Warriors Rookie Silver Prizm #279 PSA 10 (D7),https://www.ebay.com/itm/2019-20-Panini-Prizm-Eric-Paschall-Warriors-Rookie-Silver-Prizm-279-PSA-10-D7/133357352381?hash=item1f0cb7b5bd:g:ZSkAAOSwhI9eZ~G-
Mar-17 12:57,29,190.0,2019-20 Panini Prizm Rui Hachimura Wizards Rookie Silver Prizm #255 PSA 10 (D7),https://www.ebay.com/itm/2019-20-Panini-Prizm-Rui-Hachimura-Wizards-Rookie-Silver-Prizm-255-PSA-10-D7/254536982519?hash=item3b43961ff7:g:sccAAOSwyuFeZ~Ds
Mar-17 12:54,34,134.49,2019-20 Panini Prizm Zion Williamson Instant Impact Silver Prizm #2 PSA 10 (D7),https://www.ebay.com/itm/2019-20-Panini-Prizm-Zion-Williamson-Instant-Impact-Silver-Prizm-2-PSA-10-D7/133357348602?hash=item1f0cb7a6fa:g:JuoAAOSw9PNeZ~BH
Mar-17 11:25,12,62.02,2019 PANINI PRIZM DRAFT PICKS 65 JA MORANT SILVER PRIZM GEM MINT PSA 10!,https://www.ebay.com/itm/2019-PANINI-PRIZM-DRAFT-PICKS-65-JA-MORANT-SILVER-PRIZM-GEM-MINT-PSA-10/293506331184?hash=item4456573230:g:VWMAAOSwZ2leZ9og
Mar-17 09:31,1,9.99,Jacob Evans III 2018 Prizm Silver Rookie Rc PSA 10 GEM MINT 10 Warriors,https://www.ebay.com/itm/Jacob-Evans-III-2018-Prizm-Silver-Rookie-Rc-PSA-10-GEM-MINT-10-Warriors/254538668018?hash=item3b43afd7f2:g:z0AAAOSwA-VeHhD9
Mar-17 09:28,1,9.99,2018-19 Prizm Silver Khyri Thomas Detroit Pistons RC Rookie GEM MINT PSA 10,https://www.ebay.com/itm/2018-19-Prizm-Silver-Khyri-Thomas-Detroit-Pistons-RC-Rookie-GEM-MINT-PSA-10/264664800014?hash=item3d9f405b0e:g:B-4AAOSwYZJeHkNj
Mar-17 07:40,21,2650.0,2019-20 Panini Prizm Silver Zion Williamson Rookie RC #248 PSA 10 GEM MINT,https://www.ebay.com/itm/2019-20-Panini-Prizm-Silver-Zion-Williamson-Rookie-RC-248-PSA-10-GEM-MINT/254540542838?hash=item3b43cc7376:g:ppsAAOSw7GBeZEWU
Mar-16 23:44,17,86.0,Luka Doncic 2018/19 Contenders Optic “Class Acts” #13 SIlver Prizm RC PSA 10 Gem,https://www.ebay.com/itm/Luka-Doncic-2018-19-Contenders-Optic-Class-Acts-13-SIlver-Prizm-RC-PSA-10-Gem/193384407907?hash=item2d069be363:g:bXoAAOSwvxBebx9J
Mar-16 21:59,48,1000.0,2017-18 Panini Prizm Silver #16 Jayson Tatum Celtics RC Rookie PSA 10 GEM MINT,https://www.ebay.com/itm/2017-18-Panini-Prizm-Silver-16-Jayson-Tatum-Celtics-RC-Rookie-PSA-10-GEM-MINT/372977552166?hash=item56d731cb26:g:9BMAAOSwIWxeYp08
Mar-16 21:03,14,56.0,ANFERNEE SIMONS 2018/19 PANINI PRIZM #61 RC ROOKIE SILVER PRIZMS PSA 10 GEM MINT,https://www.ebay.com/itm/ANFERNEE-SIMONS-2018-19-PANINI-PRIZM-61-RC-ROOKIE-SILVER-PRIZMS-PSA-10-GEM-MINT/293505724973?hash=item44564df22d:g:wiwAAOSwZ41eZxCP
Mar-16 20:59,38,900.0,2017-18 Panini Prizm Silver #16 Jayson Tatum Celtics RC Rookie PSA 10 GEM MINT,https://www.ebay.com/itm/2017-18-Panini-Prizm-Silver-16-Jayson-Tatum-Celtics-RC-Rookie-PSA-10-GEM-MINT/383454651503?hash=item5947ada46f:g:DQkAAOSwkbReZnrb
Mar-16 20:59,25,1925.0,2018-19 Panini Prizm Silver #280 Luka Doncic Mavericks RC Rookie PSA 10,https://www.ebay.com/itm/2018-19-Panini-Prizm-Silver-280-Luka-Doncic-Mavericks-RC-Rookie-PSA-10/372980974135?hash=item56d7660237:g:DjwAAOSwGfVeZpyh
Mar-16 20:59,25,605.0,Trae Young 2018-19 Panini Prizm Silver Rookie RC #78 PSA 10 GEM MINT,https://www.ebay.com/itm/Trae-Young-2018-19-Panini-Prizm-Silver-Rookie-RC-78-PSA-10-GEM-MINT/383454421627?hash=item5947aa227b:g:r7gAAOSwnfVeZkn7
Mar-16 20:59,15,1625.0,2018-19 Panini Prizm Silver #280 Luka Doncic Mavericks RC Rookie PSA 10,https://www.ebay.com/itm/2018-19-Panini-Prizm-Silver-280-Luka-Doncic-Mavericks-RC-Rookie-PSA-10/383454892064?hash=item5947b15020:g:4eoAAOSw9rJeZrPj
Mar-16 20:50,16,160.0,2018-19 Panini Prizm Silver #288 Devonte Graham Hornets RC Rookie PSA 10,https://www.ebay.com/itm/2018-19-Panini-Prizm-Silver-288-Devonte-Graham-Hornets-RC-Rookie-PSA-10/383450866495?hash=item594773e33f:g:2PgAAOSw7QdeYoWY
Mar-16 20:42,24,190.0,Michael Porter Jr. 2018 19 Panini Prizm Nuggets RC Rookie Silver Prizms PSA 10,https://www.ebay.com/itm/Michael-Porter-Jr-2018-19-Panini-Prizm-Nuggets-RC-Rookie-Silver-Prizms-PSA-10/313020736784?hash=item48e17d6510:g:J8QAAOSwsEpeYwG4
Mar-16 20:18,29,107.5,2018-19 Panini Prizm Silver Freshman Phenoms #23 Luka Doncic RC PSA 10,https://www.ebay.com/itm/2018-19-Panini-Prizm-Silver-Freshman-Phenoms-23-Luka-Doncic-RC-PSA-10/383455013306?hash=item5947b329ba:g:vCgAAOSwr7xeZs7L
Mar-16 20:14,11,102.5,2018-19 Panini Prizm Emergent Silver #3 Luka Doncic Mavericks RC PSA 10,https://www.ebay.com/itm/2018-19-Panini-Prizm-Emergent-Silver-3-Luka-Doncic-Mavericks-RC-PSA-10/372981141046?hash=item56d7688e36:g:VSQAAOSwilpeZs5a
Mar-16 20:13,42,197.5,2018-19 Panini Prizm Silver #32 Michael Porter Jr. Nuggets RC Rookie PSA 10,https://www.ebay.com/itm/2018-19-Panini-Prizm-Silver-32-Michael-Porter-Jr-Nuggets-RC-Rookie-PSA-10/383451053645?hash=item594776be4d:g:i1QAAOSwXjteYrZd
Mar-16 20:03,25,740.0,2014-15 Panini Prizm Silver #73 Giannis Antetokounmpo Bucks PSA 10 GEM MINT,https://www.ebay.com/itm/2014-15-Panini-Prizm-Silver-73-Giannis-Antetokounmpo-Bucks-PSA-10-GEM-MINT/362939484287?hash=item5480e1087f:g:CWIAAOSwoVteZq0F
Mar-16 19:35,21,139.5,2017-18 Panini Prizm Silver Prizms Kyle Kuzma #283 PSA 10 MINT Rookie LA Lakers,https://www.ebay.com/itm/2017-18-Panini-Prizm-Silver-Prizms-Kyle-Kuzma-283-PSA-10-MINT-Rookie-LA-Lakers/233517770379?hash=item365ebe668b:g:yDIAAOSwhXJeY2m3
Mar-16 19:32,30,942.0,Jayson Tatum 2017 18 Panini Prizm #16 Celtics RC Rookie Silver Prizm PSA 10,https://www.ebay.com/itm/Jayson-Tatum-2017-18-Panini-Prizm-16-Celtics-RC-Rookie-Silver-Prizm-PSA-10/202928238429?hash=item2f3f772f5d:g:81AAAOSw~npeZlWn
Mar-16 19:29,11,10.0,2017-18 Panini Prizm Silver Dwayne Bacon Hornets RC Rookie PSA 10 GEM MINT,https://www.ebay.com/itm/2017-18-Panini-Prizm-Silver-Dwayne-Bacon-Hornets-RC-Rookie-PSA-10-GEM-MINT/372980927080?hash=item56d7654a68:g:Gj4AAOSw7gxeZoys
Mar-16 19:29,29,35.52,2018-19 Panini Prizm Silver Emergent #5 Trae Young Hawks RC Rookie PSA 10,https://www.ebay.com/itm/2018-19-Panini-Prizm-Silver-Emergent-5-Trae-Young-Hawks-RC-Rookie-PSA-10/372980924827?hash=item56d765419b:g:bHoAAOSw0KZeZott
Mar-16 19:29,11,8.5,2017-18 Panini Prizm Silver Dwayne Bacon Hornets RC Rookie PSA 10 GEM MINT,https://www.ebay.com/itm/2017-18-Panini-Prizm-Silver-Dwayne-Bacon-Hornets-RC-Rookie-PSA-10-GEM-MINT/362939379679?hash=item5480df6fdf:g:S2cAAOSwcpVeZowr
Mar-16 19:20,12,224.61,De'Aaron Fox 2017 18 Panini Prizm Basketball #24 Kings Silver RC Rookie PSA 10,https://www.ebay.com/itm/DeAaron-Fox-2017-18-Panini-Prizm-Basketball-24-Kings-Silver-RC-Rookie-PSA-10/313022988893?hash=item48e19fc25d:g:Gv0AAOSwZxZeZlWO
Mar-16 19:14,34,861.11,2014 Panini Prizm Silver #48 LeBron James Cleveland Cavaliers PSA 10 GEM MINT,https://www.ebay.com/itm/2014-Panini-Prizm-Silver-48-LeBron-James-Cleveland-Cavaliers-PSA-10-GEM-MINT/372981072859?hash=item56d76783db:g:HrgAAOSw0BVeZrkQ
Mar-16 19:05,10,15.5,2018-19 Panini Prizm Silver #209 Allonzo Trier Knicks RC Rookie PSA 10 GEM MINT,https://www.ebay.com/itm/2018-19-Panini-Prizm-Silver-209-Allonzo-Trier-Knicks-RC-Rookie-PSA-10-GEM-MINT/372981081556?hash=item56d767a5d4:g:lngAAOSw3e5eZry7
Mar-16 19:05,24,38.0,2018-19 Panini Prizm Silver #99 Mo Bamba Orlando Magic RC Rookie PSA 10 GEM MINT,https://www.ebay.com/itm/2018-19-Panini-Prizm-Silver-99-Mo-Bamba-Orlando-Magic-RC-Rookie-PSA-10-GEM-MINT/372981082880?hash=item56d767ab00:g:GEoAAOSwqqJeZr01
Mar-16 19:05,21,36.5,2018-19 Panini Prizm Silver #22 Kostas Antetokounmpo Mavericks RC Rookie PSA 10,https://www.ebay.com/itm/2018-19-Panini-Prizm-Silver-22-Kostas-Antetokounmpo-Mavericks-RC-Rookie-PSA-10/372981078211?hash=item56d76798c3:g:HiAAAOSwWepeZrua
Mar-16 19:05,15,17.5,2017-18 Panini Prizm Silver #267 Terrance Ferguson Thunder RC Rookie PSA 10,https://www.ebay.com/itm/2017-18-Panini-Prizm-Silver-267-Terrance-Ferguson-Thunder-RC-Rookie-PSA-10/383454933610?hash=item5947b1f26a:g:b80AAOSwRYReZryC
Mar-16 19:05,24,43.0,2018-19 Panini Prizm Silver #217 Kevin Knox Knicks RC Rookie PSA 10 GEM MINT,https://www.ebay.com/itm/2018-19-Panini-Prizm-Silver-217-Kevin-Knox-Knicks-RC-Rookie-PSA-10-GEM-MINT/372981080148?hash=item56d767a054:g:3G0AAOSwHP5eZrxR
Mar-16 19:05,16,33.0,2018-19 Panini Prizm Silver #80 Wendell Carter Jr. =Bulls RC Rookie PSA 10,https://www.ebay.com/itm/2018-19-Panini-Prizm-Silver-80-Wendell-Carter-Jr-Bulls-RC-Rookie-PSA-10/362939524306?hash=item5480e1a4d2:g:CTcAAOSwkxleZrz1
Mar-16 19:05,18,26.0,2018-19 Panini Prizm Silver #9 Hamidou Diallo Thunder RC Rookie PSA 10 GEM MINT,https://www.ebay.com/itm/2018-19-Panini-Prizm-Silver-9-Hamidou-Diallo-Thunder-RC-Rookie-PSA-10-GEM-MINT/383454930950?hash=item5947b1e806:g:fKcAAOSwZsdeZrwE
Mar-16 18:38,14,41.0,2018-19 Panini Prizm Silver Anfernee Simons #61 PSA 10 Rookie RC,https://www.ebay.com/itm/2018-19-Panini-Prizm-Silver-Anfernee-Simons-61-PSA-10-Rookie-RC/233517768564?hash=item365ebe5f74:g:1ewAAOSwb71eY2kf
Mar-16 18:32,11,40.0,2018-19 Panini Prizm Silver Miles Bridges #278 PSA 10 Rookie RC,https://www.ebay.com/itm/2018-19-Panini-Prizm-Silver-Miles-Bridges-278-PSA-10-Rookie-RC/233517768424?hash=item365ebe5ee8:g:-5sAAOSwZ2ZeY2kF
Mar-16 18:27,20,620.0,2018 PANINI PRIZM SILVER REFRACTOR #78 TRAE YOUNG RC PSA 10 GEM MINT,https://www.ebay.com/itm/2018-PANINI-PRIZM-SILVER-REFRACTOR-78-TRAE-YOUNG-RC-PSA-10-GEM-MINT/164112517880?hash=item2635de4af8:g:sRwAAOSwdppeYcZQ
Mar-16 18:26,22,81.0,2015 Panini Select Kristaps Porzingis Silver Prizm #17 RC PSA 10 Gem Mint Rookie,https://www.ebay.com/itm/2015-Panini-Select-Kristaps-Porzingis-Silver-Prizm-17-RC-PSA-10-Gem-Mint-Rookie/333542891109?hash=item4da8b49e65:g:TE0AAOSw0WNeaYT~
Mar-16 18:08,10,520.0,2019 PANINI PRIZM LeBRON JAMES SILVER PRIZM #129 PSA 10 LOS ANGELES LAKERS RARE,https://www.ebay.com/itm/2019-PANINI-PRIZM-LeBRON-JAMES-SILVER-PRIZM-129-PSA-10-LOS-ANGELES-LAKERS-RARE/352997824599?hash=item52304f5857:g:4KIAAOSwQKleZuhN
Mar-16 17:43,1,124.99,Marvin Bagley Jr. 2018-19 Panini Prizm SILVER #181 PSA 10 GEM MINT Rookie Card,https://www.ebay.com/itm/Marvin-Bagley-Jr-2018-19-Panini-Prizm-SILVER-181-PSA-10-GEM-MINT-Rookie-Card/372990112015?hash=item56d7f1710f:g:Qi0AAOSw-TFeDrJb
Mar-16 17:30,23,107.5,2017 Markelle Fultz Panini Silver Prizm Rookie #1 PSA 10 Gem RC Holo Refractor,https://www.ebay.com/itm/2017-Markelle-Fultz-Panini-Silver-Prizm-Rookie-1-PSA-10-Gem-RC-Holo-Refractor/392721208110?hash=item5b7002132e:g:3BkAAOSwE0peZt9l
Mar-16 17:16,27,92.05,2018-19 Panini Prizm Silver #181 Marvin Bagley Kings RC Rookie PSA 10 GEM MINT,https://www.ebay.com/itm/2018-19-Panini-Prizm-Silver-181-Marvin-Bagley-Kings-RC-Rookie-PSA-10-GEM-MINT/402163870078?hash=item5da2d5a97e:g:pDYAAOSwNOxeZuq-
Mar-16 17:08,22,80.15,2018-19 Panini Prizm Silver #181 Marvin Bagley Kings RC Rookie PSA 10 GEM MINT,https://www.ebay.com/itm/2018-19-Panini-Prizm-Silver-181-Marvin-Bagley-Kings-RC-Rookie-PSA-10-GEM-MINT/402163862350?hash=item5da2d58b4e:g:Kc0AAOSwoXZeZuow
Mar-16 17:00,41,1071.0,Ja Morant 2019 Panini Prizm Silver Rookie RC #249 PSA 10 GEM MINT LOW POP PMJS,https://www.ebay.com/itm/Ja-Morant-2019-Panini-Prizm-Silver-Rookie-RC-249-PSA-10-GEM-MINT-LOW-POP-PMJS/164117172230?hash=item2636255006:g:9HQAAOSwt1ZeZnmn
Mar-16 17:00,18,41.24,2018/19 PANINI PRIZM LANDRY SHAMET SILVER PRIZM RC ROOKIE CARD PSA 10 CLIPPERS,https://www.ebay.com/itm/2018-19-PANINI-PRIZM-LANDRY-SHAMET-SILVER-PRIZM-RC-ROOKIE-CARD-PSA-10-CLIPPERS/362941423221?hash=item5480fe9e75:g:R2wAAOSw8zNeaQkU
Mar-16 16:57,4,2900.0,2019-20 Panini Prizm Zion Williamson RC #248 Silver Prizm PSA 10 Gem Mint,https://www.ebay.com/itm/2019-20-Panini-Prizm-Zion-Williamson-RC-248-Silver-Prizm-PSA-10-Gem-Mint/324104713512?hash=item4b76257528:g:h8UAAOSw5IZeYIJM
Mar-16 16:36,29,910.0,2019-20 Panini Prizm JA Morant Silver Holo Refractor Rookie SP PSA 10 No. 249,https://www.ebay.com/itm/2019-20-Panini-Prizm-JA-Morant-Silver-Holo-Refractor-Rookie-SP-PSA-10-No-249/233526051961?hash=item365f3cc479:g:iFwAAOSwnhZeY4te
Mar-16 14:47,27,190.5,2019-20 NBA Panini Prizm JA MORANT Silver Refractor Rookie 🔥 PSA 10? ROY,https://www.ebay.com/itm/2019-20-NBA-Panini-Prizm-JA-MORANT-Silver-Refractor-Rookie-PSA-10-ROY/153866183597?hash=item23d323a3ad:g:YGwAAOSwxcFebqFi
Mar-16 12:38,9,3050.0,"<strong>
				2019 PANINI PRIZM ZION WILLIAMSON #248 SILVER PRIZM PSA 10 GEM MINT RC</strong>",https://www.ebay.com/itm/2019-PANINI-PRIZM-ZION-WILLIAMSON-248-SILVER-PRIZM-PSA-10-GEM-MINT-RC/293505389770?hash=item445648d4ca:g:tu0AAOSwrtteZUnM
Mar-16 08:45,35,599.1,2018-19 Panini Prizm Trae Young Silver Prizm Rookie PSA 10 GEM MINT RC Card #78,https://www.ebay.com/itm/2018-19-Panini-Prizm-Trae-Young-Silver-Prizm-Rookie-PSA-10-GEM-MINT-RC-Card-78/362943304220?hash=item54811b521c:g:I0kAAOSwoJ5ea6of
Mar-16 08:03,11,27.0,2019 Panini Prizm Draft Picks #44 Ja Morant RC Silver Prizm PSA 10 Gem Mint!,https://www.ebay.com/itm/2019-Panini-Prizm-Draft-Picks-44-Ja-Morant-RC-Silver-Prizm-PSA-10-Gem-Mint/193371980889?hash=item2d05de4459:g:fDoAAOSwubdePCql
Mar-16 05:26,17,887.87,2019-20 Panini Prizm Ja Morant Sensational Sigs Silver Prizm Auto PSA 10 Pop 2,https://www.ebay.com/itm/2019-20-Panini-Prizm-Ja-Morant-Sensational-Sigs-Silver-Prizm-Auto-PSA-10-Pop-2/164120100073?hash=item263651fce9:g:31IAAOSw~qVeY9qm
Mar-15 21:48,21,275.0,2018-19 PRIZM SHAI GILGEOUS-ALEXA,https://www.ebay.com/itm/2018-19-PRIZM-SHAI-GILGEOUS-ALEXANDER-ROOKIE-SILVER-PRIZM-PSA-10-RC-b-WG/264662201793?hash=item3d9f18b5c1:g:3IYAAOSwuyteZz-0
Mar-15 21:39,23,281.0,2018-19 PRIZM SHAI GILGEOUS-ALEXA,https://www.ebay.com/itm/2018-19-PRIZM-SHAI-GILGEOUS-ALEXANDER-ROOKIE-SILVER-PRIZM-PSA-10-RC-c-WG/264662202094?hash=item3d9f18b6ee:g:PRQAAOSwIuNeZ0CM
Mar-15 21:30,28,275.0,2018-19 PRIZM SHAI GILGEOUS-ALEXA,https://www.ebay.com/itm/2018-19-PRIZM-SHAI-GILGEOUS-ALEXANDER-ROOKIE-SILVER-PRIZM-PSA-10-RC-a-WG/264662199640?hash=item3d9f18ad58:g:pxEAAOSw5nxeZz9m
Mar-15 21:09,34,395.0,2019-20 Panini Prizm Silver Refractor #253 Coby White Bulls Rookie RC PSA 10,https://www.ebay.com/itm/2019-20-Panini-Prizm-Silver-Refractor-253-Coby-White-Bulls-Rookie-RC-PSA-10/223940739644?hash=item3423e8823c:g:gkMAAOSwOmteZcNT
Mar-15 20:37,40,1850.0,2018 Panini Prizm Luka Doncic #280  PSA 10 GEM MINT SILVER PRIZM Rookie,https://www.ebay.com/itm/2018-Panini-Prizm-Luka-Doncic-280-PSA-10-GEM-MINT-SILVER-PRIZM-Rookie/202923107703?hash=item2f3f28e577:g:9PEAAOSwcBleYXCa
Mar-15 20:35,11,120.5,TRAE YOUNG PSA 10 ROOKIE SILVER PRIZMS FAST BREAK #5 RC SP 2018-19 PANINI PRIZM,https://www.ebay.com/itm/TRAE-YOUNG-PSA-10-ROOKIE-SILVER-PRIZMS-FAST-BREAK-5-RC-SP-2018-19-PANINI-PRIZM/392716410609?hash=item5b6fb8def1:g:4AoAAOSwMQ5eYZvz
Mar-15 20:25,19,35.0,2019-20 Panini Prizm Prizms Silver Kostas Antetokounmpo #22 PSA 10 Gem Mint RC,https://www.ebay.com/itm/2019-20-Panini-Prizm-Prizms-Silver-Kostas-Antetokounmpo-22-PSA-10-Gem-Mint-RC/174211521307?hash=item288fd0db1b:g:mBMAAOSwt3teYTcD
Mar-15 20:24,9,56.0,2019-20 Panini Prizm Silver Prizm Rookie #254 Jaxson Hayes RC SP PSA 10 Gem Mint,https://www.ebay.com/itm/2019-20-Panini-Prizm-Silver-Prizm-Rookie-254-Jaxson-Hayes-RC-SP-PSA-10-Gem-Mint/124108342895?hash=item1ce56f066f:g:UzAAAOSwARheYcJD
Mar-15 20:17,26,113.5,DEVONTE GRAHAM PSA 10 ROOKIE SILVER PRIZMS REFRACTOR 288 RC 2018-19 PANINI PRIZM,https://www.ebay.com/itm/DEVONTE-GRAHAM-PSA-10-ROOKIE-SILVER-PRIZMS-REFRACTOR-288-RC-2018-19-PANINI-PRIZM/392716395306?hash=item5b6fb8a32a:g:W-QAAOSwwRpeYZvb
Mar-15 20:04,31,3500.02,2018-19 Panini Prizm Rookie Signature Silver Prizm Auto Luka Doncic PSA 10 GEM,https://www.ebay.com/itm/2018-19-Panini-Prizm-Rookie-Signature-Silver-Prizm-Auto-Luka-Doncic-PSA-10-GEM/372982559750?hash=item56d77e3406:g:vXQAAOSwuyteaFVJ
Mar-15 20:04,1,24.99,2019 PANINI PRIZM DRAFT PICKS 7 JARRETT CULVER SILVER PRIZM GEM MINT PSA 10!,https://www.ebay.com/itm/2019-PANINI-PRIZM-DRAFT-PICKS-7-JARRETT-CULVER-SILVER-PRIZM-GEM-MINT-PSA-10/143550846809?hash=item216c4c1759:g:u1sAAOSwXMheThlA
Mar-15 20:03,1,24.99,2018 PANINI PRIZM 9 HAMIDOU DIALLO SILVER PRIZM GEM MINT PSA 10!,https://www.ebay.com/itm/2018-PANINI-PRIZM-9-HAMIDOU-DIALLO-SILVER-PRIZM-GEM-MINT-PSA-10/184203272477?hash=item2ae35ee11d:g:9AIAAOSwAcheTgw6
Mar-15 20:00,41,200.0,Trae Young 2018-19 Prizm Silver Prizms Refractor RC #78 BGS 9 Mint (PSA 10?),https://www.ebay.com/itm/Trae-Young-2018-19-Prizm-Silver-Prizms-Refractor-RC-78-BGS-9-Mint-PSA-10/293504520576?hash=item44563b9180:g:N5oAAOSwMQJeZVov
Mar-15 19:56,36,255.0,2017-18 Panini Prizm Fast Break Silver Rookie Auto Donovan Mitchell RC SP PSA 10,https://www.ebay.com/itm/2017-18-Panini-Prizm-Fast-Break-Silver-Rookie-Auto-Donovan-Mitchell-RC-SP-PSA-10/124111542053?hash=item1ce59fd725:g:2xsAAOSwCeFeZa~E
Mar-15 19:52,27,51.0,2018-19 Donruss Optic All Heart Holo Prizm Silver Kobe Bryant #19 PSA 10 (COMC),https://www.ebay.com/itm/2018-19-Donruss-Optic-All-Heart-Holo-Prizm-Silver-Kobe-Bryant-19-PSA-10-COMC/233517758421?hash=item365ebe37d5:g:eesAAOSwedNeY2Yn
Mar-15 19:49,8,8.5,2018-19 Prizm Luck of the Lottery Silver Fast Break Marvin Bagley III PSA 10 RC,https://www.ebay.com/itm/2018-19-Prizm-Luck-of-the-Lottery-Silver-Fast-Break-Marvin-Bagley-III-PSA-10-RC/133355562044?hash=item1f0c9c643c:g:TasAAOSw0iNeZa7K
Mar-15 19:45,21,41.5,2019-20 Panini Prizm Jarrett Culver Sensational Sig Silver Prizm RC Auto PSA 10,https://www.ebay.com/itm/2019-20-Panini-Prizm-Jarrett-Culver-Sensational-Sig-Silver-Prizm-RC-Auto-PSA-10/352996900705?hash=item5230413f61:g:yK8AAOSwxuJeZa2N
Mar-15 19:43,19,51.0,MARKELLE FULTZ PSA 10 ROOKIE HOLO SILVER PRIZMS #200 RC SP 2017-18 DONRUSS OPTIC,https://www.ebay.com/itm/MARKELLE-FULTZ-PSA-10-ROOKIE-HOLO-SILVER-PRIZMS-200-RC-SP-2017-18-DONRUSS-OPTIC/293504720123?hash=item44563e9cfb:g:tL8AAOSwfadeZZN3
Mar-15 19:38,25,191.5,2019 Panini Prizm DP Zion Williamson #64 PSA 10 GEM MINT SILVER PRIZM,https://www.ebay.com/itm/2019-Panini-Prizm-DP-Zion-Williamson-64-PSA-10-GEM-MINT-SILVER-PRIZM/202922825037?hash=item2f3f24954d:g:6wUAAOSwS3deYTyu
Mar-15 19:33,1,24.99,2019 PANINI PRIZM DP 6 DARIUS GARLAND SILVER GEM MINT PSA 10! ROOKIE,https://www.ebay.com/itm/2019-PANINI-PRIZM-DP-6-DARIUS-GARLAND-SILVER-GEM-MINT-PSA-10-ROOKIE/184203249872?hash=item2ae35e88d0:g:0bkAAOSwDX9eZar-
Mar-15 19:30,10,21.5,2018-19 Panini Prizm HAMIDOU DIALLO Silver Prizm PSA 10 Gem Mint!,https://www.ebay.com/itm/2018-19-Panini-Prizm-HAMIDOU-DIALLO-Silver-Prizm-PSA-10-Gem-Mint/264658291346?hash=item3d9edd0a92:g:MtAAAOSw3iFeQHto
Mar-15 19:30,24,1775.0,2018-19 Prizm Luka Doncic Rookie RC #280 SILVER PSA 10 Gem Mint (Read Des.),https://www.ebay.com/itm/2018-19-Prizm-Luka-Doncic-Rookie-RC-280-SILVER-PSA-10-Gem-Mint-Read-Des/283808922162?hash=item4214547a32:g:w~oAAOSwtyxeZMLG
Mar-15 19:30,4,26.0,Lot of (2) 2018-19 Panini Prizm JEVON CARTER Silver Prizm PSA 10 Gem Mint!,https://www.ebay.com/itm/Lot-of-2-2018-19-Panini-Prizm-JEVON-CARTER-Silver-Prizm-PSA-10-Gem-Mint/264658305751?hash=item3d9edd42d7:g:8sAAAOSw6Axd0V6y
Mar-15 19:30,1,19.99,Lot of (2) 2018-19 Panini Prizm ELIE OKOBO Silver Prizm PSA 10 Gem Mint!,https://www.ebay.com/itm/Lot-of-2-2018-19-Panini-Prizm-ELIE-OKOBO-Silver-Prizm-PSA-10-Gem-Mint/264658306879?hash=item3d9edd473f:g:MgAAAOSwjZFeL25W
Mar-15 19:30,5,27.0,Lot of (3) 2018-19 Panini Prizm KHYRI THOMAS Silver Prizm PSA 10 Gem Mint!,https://www.ebay.com/itm/Lot-of-3-2018-19-Panini-Prizm-KHYRI-THOMAS-Silver-Prizm-PSA-10-Gem-Mint/264658297232?hash=item3d9edd2190:g:91IAAOSwUvxeXB1O
Mar-15 19:29,24,237.5,TRAE YOUNG PSA 10 ROOKIE PRIZMS SCOPE SILVER PREMIER LEVEL RC 2018-19 SELECT 142,https://www.ebay.com/itm/TRAE-YOUNG-PSA-10-ROOKIE-PRIZMS-SCOPE-SILVER-PREMIER-LEVEL-RC-2018-19-SELECT-142/293501912484?hash=item445613c5a4:g:YuMAAOSwDaFeYZuZ
Mar-15 19:28,27,3638.0,2018-19 Panini Prizm Silver Luka Doncic Mavericks RC Rookie AUTO PSA 10 GEM MINT,https://www.ebay.com/itm/2018-19-Panini-Prizm-Silver-Luka-Doncic-Mavericks-RC-Rookie-AUTO-PSA-10-GEM-MINT/143552392134?hash=item216c63abc6:g:k4YAAOSwjdFeWGkR
Mar-15 19:26,40,153.0,JAREN JACKSON JR 2018/19 PANINI PRIZM RC ROOKIE SILVER PRIZMS SP PSA 10 GEM MINT,https://www.ebay.com/itm/JAREN-JACKSON-JR-2018-19-PANINI-PRIZM-RC-ROOKIE-SILVER-PRIZMS-SP-PSA-10-GEM-MINT/352996893892?hash=item52304124c4:g:I8gAAOSwZN5eZZQt
Mar-15 19:25,25,1299.0,JA MORANT RC ROOKIE CARD LOT  🔥 🔥 Silver Prizm Optic Fanatics Select PSA  10,https://www.ebay.com/itm/JA-MORANT-RC-ROOKIE-CARD-LOT-Silver-Prizm-Optic-Fanatics-Select-PSA-10/333544086292?hash=item4da8c6db14:g:HrMAAOSw~t5eaux8
Mar-15 19:23,19,33.0,KYLE KUZMA PSA 10 LAKERS ROOKIE PRIZMS SILVER SHOCK 174 RC 2017-18 DONRUSS OPTIC,https://www.ebay.com/itm/KYLE-KUZMA-PSA-10-LAKERS-ROOKIE-PRIZMS-SILVER-SHOCK-174-RC-2017-18-DONRUSS-OPTIC/392716352517?hash=item5b6fb7fc05:g:oCoAAOSwRYReYZuR
Mar-15 19:10,42,3300.0,2019 Panini Prizm 248 Zion Williamson RC Rookie Silver Prizm Refractor PSA 10,https://www.ebay.com/itm/2019-Panini-Prizm-248-Zion-Williamson-RC-Rookie-Silver-Prizm-Refractor-PSA-10/153855062074?hash=item23d279f03a:g:vh8AAOSwcpVeYbD-
Mar-15 19:07,19,565.0,2015-16 Prizm Devin Booker Rc Rookie Silver Refractor PSA10!,https://www.ebay.com/itm/2015-16-Prizm-Devin-Booker-Rc-Rookie-Silver-Refractor-PSA10/124112648039?hash=item1ce5b0b767:g:jDkAAOSw6wdeZvGB
Mar-15 19:00,6,11.61,"Lot of (3) 2018-19 Panini Prizm KEVIN HERVEY Silver Prizm (2 -PSA 10, 1 -PSA 9)",https://www.ebay.com/itm/Lot-of-3-2018-19-Panini-Prizm-KEVIN-HERVEY-Silver-Prizm-2-PSA-10-1-PSA-9/264658281724?hash=item3d9edce4fc:g:YqIAAOSwIYJeSH4G
Mar-15 19:00,11,15.5,2018-19 Panini Prizm KEITA BATES-DIOP Silver Prizm PSA 10 Gem Mint!,https://www.ebay.com/itm/2018-19-Panini-Prizm-KEITA-BATES-DIOP-Silver-Prizm-PSA-10-Gem-Mint/264658283222?hash=item3d9edcead6:g:yLYAAOSw5pBddUpp
Mar-15 19:00,29,650.0,2018-19 Panini Prizm Trae Young Silver Prizm PSA 10 #78 Rookie RC Gem Mint Hawks,https://www.ebay.com/itm/2018-19-Panini-Prizm-Trae-Young-Silver-Prizm-PSA-10-78-Rookie-RC-Gem-Mint-Hawks/293501765651?hash=item4456118813:g:BnwAAOSwiDRd4wQT
Mar-15 18:47,13,56.0,2019-20 Panini Prizm Jaxson Hayes Silver Prizm PSA 10 RC Pelicans #254,https://www.ebay.com/itm/2019-20-Panini-Prizm-Jaxson-Hayes-Silver-Prizm-PSA-10-RC-Pelicans-254/174216415250?hash=item28901b8812:g:4NsAAOSwFnleaAYZ
Mar-15 18:30,27,660.0,2018-19 Panini Prizm Trae Young Silver Prizm Rookie PSA 10 GEM MINT RC Card #78,https://www.ebay.com/itm/2018-19-Panini-Prizm-Trae-Young-Silver-Prizm-Rookie-PSA-10-GEM-MINT-RC-Card-78/124111292087?hash=item1ce59c06b7:g:6gUAAOSwymteZV7X
Mar-15 18:30,31,118.37,2019-20 Panini Prizm De’Andre Hunter Silver Prizm PSA 10 RC Hawks #251,https://www.ebay.com/itm/2019-20-Panini-Prizm-De-Andre-Hunter-Silver-Prizm-PSA-10-RC-Hawks-251/174216406133?hash=item28901b6475:g:J3UAAOSwvFteaAK4
Mar-15 18:30,28,150.5,2018-19 Panini Prizm Basketball Michael Porter JR Silver  PSA 10,https://www.ebay.com/itm/2018-19-Panini-Prizm-Basketball-Michael-Porter-JR-Silver-PSA-10/392724716476?hash=item5b70379bbc:g:AbsAAOSwq4VearIP
Mar-15 18:27,15,34.0,2019-20 Panini Prizm KZ Okpala Silver Prizm PSA 10 RC Heat #275,https://www.ebay.com/itm/2019-20-Panini-Prizm-KZ-Okpala-Silver-Prizm-PSA-10-RC-Heat-275/174216419254?hash=item28901b97b6:g:zE0AAOSwU8ReaAcy
Mar-15 18:25,23,1525.0,luka doncic 2018 panini prizm silver psa 10,https://www.ebay.com/itm/luka-doncic-2018-panini-prizm-silver-psa-10/223944799635?hash=item3424267593:g:Z~8AAOSwGg5eaIIK
Mar-15 18:24,22,980.0,2017 Panini Prizm Silver Jayson Tatum PSA 10 Silver! HOT!!,https://www.ebay.com/itm/2017-Panini-Prizm-Silver-Jayson-Tatum-PSA-10-Silver-HOT/153857972217?hash=item23d2a657f9:g:99sAAOSwKwJeYdJO
Mar-15 18:22,15,555.0,2015-16 Panini Prizm Silver Devin Booker #308 PSA 10 Rookie RC (COMC),https://www.ebay.com/itm/2015-16-Panini-Prizm-Silver-Devin-Booker-308-PSA-10-Rookie-RC-COMC/233517752845?hash=item365ebe220d:g:vloAAOSwms1eY2TG
Mar-15 18:11,9,10.5,2018 Panini Prizm Marvin Bagley Freshman Phenoms Silver SP RC PSA 10,https://www.ebay.com/itm/2018-Panini-Prizm-Marvin-Bagley-Freshman-Phenoms-Silver-SP-RC-PSA-10/184203164705?hash=item2ae35d3c21:g:Dm0AAOSw4GdeZYK6
Mar-15 18:04,50,53.0,#21 silver prizm  TRAE YOUNG   rc  2018 panini PRIZM FRESHMEN PHENOMS  PSA 10,https://www.ebay.com/itm/21-silver-prizm-TRAE-YOUNG-rc-2018-panini-PRIZM-FRESHMEN-PHENOMS-PSA-10/153856610744?hash=item23d29191b8:g:86UAAOSwo~1eY5HR
Mar-15 18:02,41,102.0,2018-19 Panini Prizm Silver Marvin Bagley III #181 PSA 10 Rookie RC,https://www.ebay.com/itm/2018-19-Panini-Prizm-Silver-Marvin-Bagley-III-181-PSA-10-Rookie-RC/233517751424?hash=item365ebe1c80:g:NFwAAOSwHt9eY2Rp
Mar-15 17:59,25,3000.0,2019-20 Panini Prizm Zion Williamson RC #248 Silver Prizm PSA 10 Gem Mint 1192,https://www.ebay.com/itm/2019-20-Panini-Prizm-Zion-Williamson-RC-248-Silver-Prizm-PSA-10-Gem-Mint-1192/353005175043?hash=item5230bf8103:g:mM8AAOSwvxBebX3V
Mar-15 17:56,1,3.0,2017-18 Donruss Optic Rookie Kings Prizm - DeAaron Fox RC SILVER SP Mint Psa 10?,https://www.ebay.com/itm/2017-18-Donruss-Optic-Rookie-Kings-Prizm-DeAaron-Fox-RC-SILVER-SP-Mint-Psa-10/233522068752?hash=item365efffd10:g:83sAAOSwWPteaBkD
Mar-15 17:56,36,203.5,Zion Williamson RC 2019-20 Panini Prizm DP SILVER REFRACTOR #64 PSA 10 GEM Mint,https://www.ebay.com/itm/Zion-Williamson-RC-2019-20-Panini-Prizm-DP-SILVER-REFRACTOR-64-PSA-10-GEM-Mint/143550780717?hash=item216c4b152d:g:1isAAOSw4kNeZZOa
Mar-15 17:55,22,18.5,LONZO BALL 2017-18 PANINI PRIZM ROOKIE EMERGENT SILVER SP PSA 10 GEM MINT LAKERS,https://www.ebay.com/itm/LONZO-BALL-2017-18-PANINI-PRIZM-ROOKIE-EMERGENT-SILVER-SP-PSA-10-GEM-MINT-LAKERS/164116364430?hash=item263618fc8e:g:kVAAAOSwjVReZZPs
Mar-15 17:54,33,1081.0,2016-17 Panini Prizm Silver Ben Simmons #1 PSA 10 GEM MT Rookie RC (COMC),https://www.ebay.com/itm/2016-17-Panini-Prizm-Silver-Ben-Simmons-1-PSA-10-GEM-MT-Rookie-RC-COMC/233517750983?hash=item365ebe1ac7:g:LQQAAOSwq8FeY2RL
Mar-15 17:50,35,1025.0,2016-17 Panini Prizm Silver Ben Simmons #1 PSA 10 GEM MT Rookie RC (COMC),https://www.ebay.com/itm/2016-17-Panini-Prizm-Silver-Ben-Simmons-1-PSA-10-GEM-MT-Rookie-RC-COMC/233517750865?hash=item365ebe1a51:g:WN0AAOSw5XxeY2Q6
Mar-15 17:49,20,26.0,2019 PANINI PRIZM JAMES HARDEN SILVER PRIZM #107 PSA 10 HOUSTON ROCKETS,https://www.ebay.com/itm/2019-PANINI-PRIZM-JAMES-HARDEN-SILVER-PRIZM-107-PSA-10-HOUSTON-ROCKETS/313022445174?hash=item48e1977676:g:b6kAAOSwOoVeZZKL
Mar-15 17:49,21,107.5,2019 PANINI PRIZM DRAFT PICKS 65 JA MORANT SILVER PRIZM GEM MINT PSA 10!,https://www.ebay.com/itm/2019-PANINI-PRIZM-DRAFT-PICKS-65-JA-MORANT-SILVER-PRIZM-GEM-MINT-PSA-10/184204361606?hash=item2ae36f7f86:g:vUAAAOSwgOdeHiiC
Mar-15 17:47,25,125.0,2019 PANINI PRIZM DRAFT PICKS 2 JA MORANT SILVER PRIZM GEM MINT PSA 10!,https://www.ebay.com/itm/2019-PANINI-PRIZM-DRAFT-PICKS-2-JA-MORANT-SILVER-PRIZM-GEM-MINT-PSA-10/184204351210?hash=item2ae36f56ea:g:q4EAAOSwcVdeTgrB
Mar-15 17:47,34,355.0,2019 PANINI PRIZM COBY WHITE SILVER PRIZM #253 PSA 10 CHICAGO BULLS,https://www.ebay.com/itm/2019-PANINI-PRIZM-COBY-WHITE-SILVER-PRIZM-253-PSA-10-CHICAGO-BULLS/313022444302?hash=item48e197730e:g:uUgAAOSw5XxeZZHz
Mar-15 17:45,4,17.5,2019-20 Panini Prizm Basketball Rookie Lot Plus More! Silver Refractors! PSA 10?,https://www.ebay.com/itm/2019-20-Panini-Prizm-Basketball-Rookie-Lot-Plus-More-Silver-Refractors-PSA-10/392722377137?hash=item5b7013e9b1:g:IDAAAOSwD-5eaDMY
Mar-15 17:43,63,1036.0,2016-17 Panini Prizm Silver Ben Simmons #1 PSA 10 GEM MT Rookie RC (COMC),https://www.ebay.com/itm/2016-17-Panini-Prizm-Silver-Ben-Simmons-1-PSA-10-GEM-MT-Rookie-RC-COMC/233517750539?hash=item365ebe190b:g:nN4AAOSwsZleY2Qj
Mar-15 17:36,5,31.0,2018 PANINI PRIZM OMARI SPELLMAN ROOKIE AUTO SILVER PRIZM GEM MINT PSA 10!,https://www.ebay.com/itm/2018-PANINI-PRIZM-OMARI-SPELLMAN-ROOKIE-AUTO-SILVER-PRIZM-GEM-MINT-PSA-10/143551466696?hash=item216c558cc8:g:GAUAAOSwuNZeZrzq
Mar-15 17:33,9,15.0,# 34 silver PRIZM  CARSEN  EDWARDS  rc 2019  panini PRIZM dp   PSA 10   PURDUE,https://www.ebay.com/itm/34-silver-PRIZM-CARSEN-EDWARDS-rc-2019-panini-PRIZM-dp-PSA-10-PURDUE/153857559904?hash=item23d2a00d60:g:ntQAAOSw~XFeSpk0
Mar-15 17:33,51,1011.0,2016-17 Panini Prizm Silver Ben Simmons #1 PSA 10 GEM MT Rookie RC (COMC),https://www.ebay.com/itm/2016-17-Panini-Prizm-Silver-Ben-Simmons-1-PSA-10-GEM-MT-Rookie-RC-COMC/233517750243?hash=item365ebe17e3:g:i98AAOSwRHleY2QB
Mar-15 17:29,26,1006.0,2016-17 Panini Prizm Silver Ben Simmons #1 PSA 10 GEM MT Rookie RC (COMC),https://www.ebay.com/itm/2016-17-Panini-Prizm-Silver-Ben-Simmons-1-PSA-10-GEM-MT-Rookie-RC-COMC/233517750135?hash=item365ebe1777:g:7SgAAOSwZRFeY2Px
Mar-15 17:25,34,986.0,2016-17 Panini Prizm Silver Ben Simmons #1 PSA 10 GEM MT Rookie RC (COMC),https://www.ebay.com/itm/2016-17-Panini-Prizm-Silver-Ben-Simmons-1-PSA-10-GEM-MT-Rookie-RC-COMC/233517750047?hash=item365ebe171f:g:f4AAAOSwxspeY2Po
Mar-15 17:23,13,36.0,2018 Prizm JAREN JACKSON JR SILVER ROOKIE Pack Fresh Pull PSA 10?,https://www.ebay.com/itm/2018-Prizm-JAREN-JACKSON-JR-SILVER-ROOKIE-Pack-Fresh-Pull-PSA-10/153858032128?hash=item23d2a74200:g:yBcAAOSwE0peZYxi
Mar-15 17:09,1,99.99,Ja Morant 2019 Prizm Draft Picks SILVER Rookie Rc PSA 10 GEM MINT Grizzlies,https://www.ebay.com/itm/Ja-Morant-2019-Prizm-Draft-Picks-SILVER-Rookie-Rc-PSA-10-GEM-MINT-Grizzlies/254541927371?hash=item3b43e193cb:g:XyIAAOSwLB5eaoqK
Mar-15 16:48,20,148.01,2019 PANINI PRIZM BRANDON CLARKE ROOKIE RC SILVER PRIZM PSA 10 GEM MINT,https://www.ebay.com/itm/2019-PANINI-PRIZM-BRANDON-CLARKE-ROOKIE-RC-SILVER-PRIZM-PSA-10-GEM-MINT/184202866917?hash=item2ae358b0e5:g:TXoAAOSwdUBeZVBk
Mar-15 15:06,33,75.0,2019 PANINI PRIZM CARSEN EDWARDS SILVER PRIZM  #276 PSA 10 BOSTON CELTICS,https://www.ebay.com/itm/2019-PANINI-PRIZM-CARSEN-EDWARDS-SILVER-PRIZM-276-PSA-10-BOSTON-CELTICS/264660745391?hash=item3d9f027caf:g:rXwAAOSwktpeZWw~
Mar-15 15:02,47,520.0,2019 PANINI PRIZM LeBRON JAMES SILVER PRIZM #129 PSA 10 LOS ANGELES LAKERS,https://www.ebay.com/itm/2019-PANINI-PRIZM-LeBRON-JAMES-SILVER-PRIZM-129-PSA-10-LOS-ANGELES-LAKERS/313022349140?hash=item48e195ff54:g:PcwAAOSwcGheZWtJ
Mar-15 14:15,23,1801.0,🏀 2018-19 LUKA DONCIC Panini Silver Prizm RC PSA 10 🏀,https://www.ebay.com/itm/2018-19-LUKA-DONCIC-Panini-Silver-Prizm-RC-PSA-10/324094323378?hash=item4b7586eab2:g:jPoAAOSw2fheYWuh
Mar-15 13:53,5,34.0,LOT OF 2!! 2018-19 Panini Prizm Silver DE'AARON FOX Rare PSA 10 Sacramento Kings,https://www.ebay.com/itm/LOT-OF-2-2018-19-Panini-Prizm-Silver-DEAARON-FOX-Rare-PSA-10-Sacramento-Kings/233520935472?hash=item365eeeb230:g:i5kAAOSwl7peZt99
Mar-15 13:22,12,55.0,2017 Panini Prizm Emergent Silver Jayson Tatum PSA 10 Gem Mint,https://www.ebay.com/itm/2017-Panini-Prizm-Emergent-Silver-Jayson-Tatum-PSA-10-Gem-Mint/193374923534?hash=item2d060b2b0e:g:518AAOSwuSxeZVOw
Mar-15 13:09,8,77.0,2018-19 Panini Select Silver Prizm Shai Gilgeous-Alexa,https://www.ebay.com/itm/2018-19-Panini-Select-Silver-Prizm-Shai-Gilgeous-Alexander-Rookie-RC-PSA-10/303514549700?hash=item46aae07dc4:g:sSwAAOSwN6VebQsB
Mar-15 12:24,1,889.0,Kawhi Leonard 2012 Panini Prizm Rookie Rc PSA 10 GEM MINT - no silver,https://www.ebay.com/itm/Kawhi-Leonard-2012-Panini-Prizm-Rookie-Rc-PSA-10-GEM-MINT-no-silver/254538814784?hash=item3b43b21540:g:upsAAOSwIOdeaoxG
Mar-15 12:19,7,15.51,Rookie Prizm Lot PSA 10? 10 CARD PRIZM LOT SILVER INSERTS AYTON,https://www.ebay.com/itm/Rookie-Prizm-Lot-PSA-10-10-CARD-PRIZM-LOT-SILVER-INSERTS-AYTON/274300341565?hash=item3fdd930d3d:g:3ZUAAOSwP2ZeZBZF
Mar-15 10:49,1,0.99,2019-20 Panini Prizm JaVale McGee Green Silver Prizm PSA 10?,https://www.ebay.com/itm/2019-20-Panini-Prizm-JaVale-McGee-Green-Silver-Prizm-PSA-10/174216201062?hash=item2890184366:g:37IAAOSw13heZ9L0
Mar-15 10:47,1,0.99,2019-20 Panini Prizm Kris Dunn Silver Prizm PSA 10?,https://www.ebay.com/itm/2019-20-Panini-Prizm-Kris-Dunn-Silver-Prizm-PSA-10/174216199862?hash=item2890183eb6:g:zJAAAOSwirVeZ9KC
Mar-15 10:43,2,2.25,2019-20 Panini Prizm Nassir Little Red White And Blue Silver Rookie PSA 10?,https://www.ebay.com/itm/2019-20-Panini-Prizm-Nassir-Little-Red-White-And-Blue-Silver-Rookie-PSA-10/174216196904?hash=item2890183328:g:SOYAAOSwE6ReZ9Gb
Mar-14 20:45,12,46.0,LANDRY SHAMET 2018 Prizm SILVER Refractor RC #199 💎 PSA 10 Gem Mint Rookie,https://www.ebay.com/itm/LANDRY-SHAMET-2018-Prizm-SILVER-Refractor-RC-199-PSA-10-Gem-Mint-Rookie/184201931660?hash=item2ae34a6b8c:g:cbwAAOSwClNeZGnK
Mar-14 20:44,11,36.0,LANDRY SHAMET 2018 Prizm SILVER Refractor RC #199 💎 PSA 10 Gem Mint Rookie,https://www.ebay.com/itm/LANDRY-SHAMET-2018-Prizm-SILVER-Refractor-RC-199-PSA-10-Gem-Mint-Rookie/184201931342?hash=item2ae34a6a4e:g:cbwAAOSwClNeZGnK
Mar-14 20:38,22,1625.0,2018-19 Panini Prizm Silver #280 Luka Doncic RC Rookie PSA 10 GEM MINT,https://www.ebay.com/itm/2018-19-Panini-Prizm-Silver-280-Luka-Doncic-RC-Rookie-PSA-10-GEM-MINT/184209929429?hash=item2ae3c474d5:g:FpMAAOSwiiheZWjQ
Mar-14 20:36,7,1700.0,2018-19 Panini Prizm Silver #280 Luka Doncic RC Rookie PSA 10 GEM MINT,https://www.ebay.com/itm/2018-19-Panini-Prizm-Silver-280-Luka-Doncic-RC-Rookie-PSA-10-GEM-MINT/184209926483?hash=item2ae3c46953:g:7CkAAOSwsZleZuqw
Mar-14 20:31,14,1600.0,2018-19 Panini Prizm Silver #280 Luka Doncic RC Rookie PSA 10 GEM MINT,https://www.ebay.com/itm/2018-19-Panini-Prizm-Silver-280-Luka-Doncic-RC-Rookie-PSA-10-GEM-MINT/184209923416?hash=item2ae3c45d58:g:~50AAOSwUAVeZWpW
Mar-14 20:24,32,287.0,TRAE YOUNG 2018/19 PANINI SELECT #142 RC ROOKIE SILVER PRIZMS SP PSA 10 GEM MINT,https://www.ebay.com/itm/TRAE-YOUNG-2018-19-PANINI-SELECT-142-RC-ROOKIE-SILVER-PRIZMS-SP-PSA-10-GEM-MINT/352995951072?hash=item523032c1e0:g:zywAAOSwilpeZFkZ
Mar-14 20:04,17,202.5,MICHAEL PORTER JR 2018/19 PANINI PRIZM RC ROOKIE SILVER PRIZMS PSA 10 GEM MINT,https://www.ebay.com/itm/MICHAEL-PORTER-JR-2018-19-PANINI-PRIZM-RC-ROOKIE-SILVER-PRIZMS-PSA-10-GEM-MINT/352995942871?hash=item523032a1d7:g:h38AAOSwttFeZFj4
Mar-14 20:00,8,1525.0,"2091-20 Panini ""Silver"" Prizm Zion Williamson #248 RC SGC 10 (Comp to PSA 10) EC",https://www.ebay.com/itm/2091-20-Panini-Silver-Prizm-Zion-Williamson-248-RC-SGC-10-Comp-to-PSA-10-EC/353000104076?hash=item523072208c:g:kYQAAOSwdaxeZnmU
Mar-14 19:36,12,127.5,DEVONTE GRAHAM 2018/19 PANINI PRIZM RC ROOKIE SILVER PRIZMS SP PSA 10 GEM MINT,https://www.ebay.com/itm/DEVONTE-GRAHAM-2018-19-PANINI-PRIZM-RC-ROOKIE-SILVER-PRIZMS-SP-PSA-10-GEM-MINT/293503793162?hash=item445630780a:g:Q1EAAOSwh~NeZFjR
Mar-14 19:16,18,26.0,2018 Select Lonnie Walker IV Silver Prizm SP RC PSA 10,https://www.ebay.com/itm/2018-Select-Lonnie-Walker-IV-Silver-Prizm-SP-RC-PSA-10/184201859517?hash=item2ae34951bd:g:4R0AAOSwJ4xeZFU9
Mar-14 19:12,12,63.0,2018-19 Panini Prizm Silver Miles Bridges Charlotte Hornets RC Rookie PSA 10,https://www.ebay.com/itm/2018-19-Panini-Prizm-Silver-Miles-Bridges-Charlotte-Hornets-RC-Rookie-PSA-10/124110448538?hash=item1ce58f279a:g:XmcAAOSww7FeZFQa
Mar-14 19:00,9,338.0,"2018-19 Panini ""Silver"" Prizm Trae Young #78 RC SGC 10 (Comp to PSA 10) EC",https://www.ebay.com/itm/2018-19-Panini-Silver-Prizm-Trae-Young-78-RC-SGC-10-Comp-to-PSA-10-EC/352997468604?hash=item523049e9bc:g:x1EAAOSwhaZeZnVq
Mar-14 18:55,2,89.99,Joel Embiid 2014 PSA 10 Panini Silver Prizm SP Variation Rookie RC #253GEM MINT,https://www.ebay.com/itm/Joel-Embiid-2014-PSA-10-Panini-Silver-Prizm-SP-Variation-Rookie-RC-253GEM-MINT/133360481417?hash=item1f0ce77489:g:eVkAAOSwcBleaaK5
Mar-14 18:54,18,40.0,2019-20 Prizm Draft Picks RJ Barrett Silver Prizm RC #3 PSA 10!!!,https://www.ebay.com/itm/2019-20-Prizm-Draft-Picks-RJ-Barrett-Silver-Prizm-RC-3-PSA-10/164117655278?hash=item26362caeee:g:9JwAAOSw~t5eZvJJ
Mar-14 18:42,23,311.86,2016-17 Panini Prizm LeBron James Silver Prizm Refractor PSA 10 GEM MINT #31 #2,https://www.ebay.com/itm/2016-17-Panini-Prizm-LeBron-James-Silver-Prizm-Refractor-PSA-10-GEM-MINT-31-2/174217564085?hash=item28902d0fb5:g:WAIAAOSwHzheaZHW
Mar-14 18:40,32,567.77,2015-16 Panini Prizm LeBron James Silver Prizm Refractor PSA 10 GEM MINT #125,https://www.ebay.com/itm/2015-16-Panini-Prizm-LeBron-James-Silver-Prizm-Refractor-PSA-10-GEM-MINT-125/174217563314?hash=item28902d0cb2:g:lY4AAOSwmVxeaZKq
Mar-14 18:37,30,61.0,2015-16 Panini Prizm: Justice Winslow Silver PSA 10 GEM MINT,https://www.ebay.com/itm/2015-16-Panini-Prizm-Justice-Winslow-Silver-PSA-10-GEM-MINT/324093148246?hash=item4b7574fc56:g:rKEAAOSwa8NeYBuY
Mar-14 18:34,22,280.0,2016-17 Panini Prizm LeBron James Silver Prizm Refractor PSA 10 GEM MINT #31 #1,https://www.ebay.com/itm/2016-17-Panini-Prizm-LeBron-James-Silver-Prizm-Refractor-PSA-10-GEM-MINT-31-1/174217560681?hash=item28902d0269:g:308AAOSweqdeaZEj
Mar-14 18:27,48,610.0,2019-20 Prizm Lebron James Finalist Silver Prizm PSA 10 GEM MINT Cavs Lakers,https://www.ebay.com/itm/2019-20-Prizm-Lebron-James-Finalist-Silver-Prizm-PSA-10-GEM-MINT-Cavs-Lakers/233518583273?hash=item365ecacde9:g:DQsAAOSwWSJeZElj
Mar-14 18:11,25,1300.0,2018-19 Select LeBron James Courtside #215 Silver Prizm PSA 10 Gem Mint,https://www.ebay.com/itm/2018-19-Select-LeBron-James-Courtside-215-Silver-Prizm-PSA-10-Gem-Mint/174217549533?hash=item28902cd6dd:g:0wQAAOSwX~heaYvh
Mar-14 17:28,8,237.5,2019 Prizm Draft Picks Zion Williamson Silver Prizm Rookie PSA 10 White Jersey,https://www.ebay.com/itm/2019-Prizm-Draft-Picks-Zion-Williamson-Silver-Prizm-Rookie-PSA-10-White-Jersey/313023395343?hash=item48e1a5f60f:g:Mo0AAOSwxfheZtCg
Mar-14 14:44,1,22.0,2016 Panini Prizm Dario Saric Silver Prizm PSA 10 Gem Mint Rookie RC,https://www.ebay.com/itm/2016-Panini-Prizm-Dario-Saric-Silver-Prizm-PSA-10-Gem-Mint-Rookie-RC/202925887276?hash=item2f3f534f2c:g:1EMAAOSwBrReSIgE
Mar-14 13:48,1,349.99,2018-19 Panini Prizm Silver Trae Young RC BGS 9.5 = PSA 10,https://www.ebay.com/itm/2018-19-Panini-Prizm-Silver-Trae-Young-RC-BGS-9-5-PSA-10/114149282845?hash=item1a93d3d41d:g:JeYAAOSwkBtebT6Y
Mar-14 13:43,14,46.24,JARRETT ALLEN 2017 Panini Prizm SILVER Refractor Brooklyn Nets SP Rookie PSA 10,https://www.ebay.com/itm/JARRETT-ALLEN-2017-Panini-Prizm-SILVER-Refractor-Brooklyn-Nets-SP-Rookie-PSA-10/392718802245?hash=item5b6fdd5d45:g:dMMAAOSwPFBeUbc0
Mar-14 13:42,13,33.0,AARON HOLIDAY 2018 Panini Prizm SILVER Refractor Indiana Pacers SP Rookie PSA 10,https://www.ebay.com/itm/AARON-HOLIDAY-2018-Panini-Prizm-SILVER-Refractor-Indiana-Pacers-SP-Rookie-PSA-10/392718801772?hash=item5b6fdd5b6c:g:UQcAAOSwITReUbeE
Mar-14 10:05,31,67.0,SHAI GILGEOUS ALEXANDER 2018-19 Panini Select Rookie Silver Prizm RC 🔥 PSA 10,https://www.ebay.com/itm/SHAI-GILGEOUS-ALEXANDER-2018-19-Panini-Select-Rookie-Silver-Prizm-RC-PSA-10/143552791594?hash=item216c69c42a:g:5lAAAOSwq8FeaQAq
Mar-14 09:31,38,2851.0,2019-20 Panini Prizm 248 ZION WILLIAMSON Rookie SILVER Prizm PSA 10 GEM MINT,https://www.ebay.com/itm/2019-20-Panini-Prizm-248-ZION-WILLIAMSON-Rookie-SILVER-Prizm-PSA-10-GEM-MINT/174219097477?hash=item2890447585:g:WOUAAOSwahheYxka
Mar-14 09:27,1,10.9,2019-20 Prizm LeBron James #3 NBA FINALISTS SILVER 🔥HOT CARD!🔥 PSA 10?,https://www.ebay.com/itm/2019-20-Prizm-LeBron-James-3-NBA-FINALISTS-SILVER-HOT-CARD-PSA-10/164124322120?hash=item2636926948:g:mAcAAOSwiEVebQBG
Mar-14 07:21,20,505.0,2019-20 PANINI PRIZM LEBRON JAMES SILVER PRIZM PSA 10 LOS ANGELES LAKERS,https://www.ebay.com/itm/2019-20-PANINI-PRIZM-LEBRON-JAMES-SILVER-PRIZM-PSA-10-LOS-ANGELES-LAKERS/223939058579?hash=item3423cedb93:g:q9kAAOSwcMNeY6zb
Mar-14 07:02,12,159.5,2018-19 Panini Prizm COLLIN SEXTON Silver Prizm PSA 10 Gem Mint!,https://www.ebay.com/itm/2018-19-Panini-Prizm-COLLIN-SEXTON-Silver-Prizm-PSA-10-Gem-Mint/264659169669?hash=item3d9eea7185:g:FKoAAOSwhEdeWmzK
Mar-13 20:20,29,3850.0,2019 Panini Prizm Silver Penmanship Zion Williamson RC AUTO PSA 10 Pop 4 PMJS,https://www.ebay.com/itm/2019-Panini-Prizm-Silver-Penmanship-Zion-Williamson-RC-AUTO-PSA-10-Pop-4-PMJS/164111971383?hash=item2635d5f437:g:EDMAAOSwsVZeTvCW
Mar-13 20:19,1,124.99,2018-19 Panini Prizm Silver DeAndre Ayton RC PSA 10 Rookie Card Gem Mint Suns,https://www.ebay.com/itm/2018-19-Panini-Prizm-Silver-DeAndre-Ayton-RC-PSA-10-Rookie-Card-Gem-Mint-Suns/153863573241?hash=item23d2fbcef9:g:vqkAAOSwqdNea9Hm
Mar-13 19:55,34,227.5,2019-20 Panini Prizm Instant Impact SILVER Ja Morant Rookie RC PSA 10 Gem Mint,https://www.ebay.com/itm/2019-20-Panini-Prizm-Instant-Impact-SILVER-Ja-Morant-Rookie-RC-PSA-10-Gem-Mint/362936874807?hash=item5480b93737:g:Mv4AAOSwkbZeYwzd
Mar-13 19:26,1,4.0,Coby White 2019-20 Panini SILVER PRIZM Rookie PSA 10? Chicago Bulls 🔥🔥,https://www.ebay.com/itm/Coby-White-2019-20-Panini-SILVER-PRIZM-Rookie-PSA-10-Chicago-Bulls/352999818418?hash=item52306dc4b2:g:kXIAAOSwE1VeaRq6
Mar-13 19:23,24,176.5,2018-19 Panini Prizm Silver #32 Michael Porter Jr. Nuggets RC Rookie PSA 10,https://www.ebay.com/itm/2018-19-Panini-Prizm-Silver-32-Michael-Porter-Jr-Nuggets-RC-Rookie-PSA-10/233519833562?hash=item365edde1da:g:rkwAAOSwygFeZahK
Mar-13 19:11,24,113.5,2018-19 Prizm DEANDRE AYTON Rookie RC SILVER PRIZM BASE PSA 10 GEM MT Suns,https://www.ebay.com/itm/2018-19-Prizm-DEANDRE-AYTON-Rookie-RC-SILVER-PRIZM-BASE-PSA-10-GEM-MT-Suns/202927100657?hash=item2f3f65d2f1:g:Bp4AAOSwUvxeZYzf
Mar-13 19:11,20,117.5,2018-19 Prizm DEANDRE AYTON Rookie RC SILVER PRIZM BASE PSA 10 GEM MT Suns,https://www.ebay.com/itm/2018-19-Prizm-DEANDRE-AYTON-Rookie-RC-SILVER-PRIZM-BASE-PSA-10-GEM-MT-Suns/202927100658?hash=item2f3f65d2f2:g:EvgAAOSwu1BeZYyU
Mar-13 19:11,30,112.75,2018-19 Prizm DEANDRE AYTON Rookie RC SILVER PRIZM BASE PSA 10 GEM MT Suns,https://www.ebay.com/itm/2018-19-Prizm-DEANDRE-AYTON-Rookie-RC-SILVER-PRIZM-BASE-PSA-10-GEM-MT-Suns/202927100662?hash=item2f3f65d2f6:g:1tgAAOSw0XheZYwe
Mar-13 19:11,24,107.5,2018-19 Prizm DEANDRE AYTON Rookie RC SILVER PRIZM BASE PSA 10 GEM MT Suns,https://www.ebay.com/itm/2018-19-Prizm-DEANDRE-AYTON-Rookie-RC-SILVER-PRIZM-BASE-PSA-10-GEM-MT-Suns/202927100663?hash=item2f3f65d2f7:g:1zEAAOSwcBleZYxK
Mar-13 19:11,25,123.5,2018-19 Prizm DEANDRE AYTON Rookie RC SILVER PRIZM BASE PSA 10 GEM MT Suns,https://www.ebay.com/itm/2018-19-Prizm-DEANDRE-AYTON-Rookie-RC-SILVER-PRIZM-BASE-PSA-10-GEM-MT-Suns/383453824445?hash=item5947a105bd:g:SKIAAOSwJgxeZYv1
Mar-13 18:14,18,605.0,2018 Trae Young Prizm Silver PSA 10 Free Shipping. Basketball Card,https://www.ebay.com/itm/2018-Trae-Young-Prizm-Silver-PSA-10-Free-Shipping-Basketball-Card/124109411716?hash=item1ce57f5584:g:zHIAAOSwKY9eYvU-
Mar-13 17:55,31,150.5,2018-19 Panini Prizm Silver #66 Jaren Jackson Jr. Grizzlies RC Rookie PSA 10,https://www.ebay.com/itm/2018-19-Panini-Prizm-Silver-66-Jaren-Jackson-Jr-Grizzlies-RC-Rookie-PSA-10/293502789289?hash=item44562126a9:g:ONQAAOSw4wVeYvD5
Mar-13 17:45,16,152.5,2018-19 Donruss Optic DeAndre Ayton Silver Holo Prizm Rookie RC PSA 10,https://www.ebay.com/itm/2018-19-Donruss-Optic-DeAndre-Ayton-Silver-Holo-Prizm-Rookie-RC-PSA-10/313020673932?hash=item48e17c6f8c:g:SNEAAOSwzRleYuhz
Mar-13 17:00,23,182.0,2019-20 Panini Prizm Luka Doncic Silver Prizm PSA 10,https://www.ebay.com/itm/2019-20-Panini-Prizm-Luka-Doncic-Silver-Prizm-PSA-10/353001711166?hash=item52308aa63e:g:RYAAAOSwaLxeaYIy
Mar-13 16:49,16,17.93,2018 Panini Prizm Emergent 4 Jaren Jackson Jr. Silver Prizm PSA10,https://www.ebay.com/itm/2018-Panini-Prizm-Emergent-4-Jaren-Jackson-Jr-Silver-Prizm-PSA10/264658631499?hash=item3d9ee23b4b:g:jnkAAOSwsG9eYuE5
Mar-13 15:22,1,9.99,2017-18 Panini Prizm Frank Jackson Silver Prizm #125 PSA 10 GEM MT,https://www.ebay.com/itm/2017-18-Panini-Prizm-Frank-Jackson-Silver-Prizm-125-PSA-10-GEM-MT/193368014251?hash=item2d05a1bdab:g:8~MAAOSwStheOaZK
Mar-13 15:21,44,1849.0,2018-19 Panini Prizm Silver #280 Luka Doncic RC Rookie PSA 10 GEM MINT,https://www.ebay.com/itm/2018-19-Panini-Prizm-Silver-280-Luka-Doncic-RC-Rookie-PSA-10-GEM-MINT/184203008427?hash=item2ae35ad9ab:g:~50AAOSwUAVeZWpW
Mar-13 14:56,8,1850.0,2018-19 Panini Prizm Silver #280 Luka Doncic RC Rookie PSA 10 GEM MINT,https://www.ebay.com/itm/2018-19-Panini-Prizm-Silver-280-Luka-Doncic-RC-Rookie-PSA-10-GEM-MINT/184202981708?hash=item2ae35a714c:g:FpMAAOSwiiheZWjQ
Mar-13 08:55,2,76.0,2018 Anfernee Simons Panini Silver Prizm #61 PSA 10 Gem Mint RC Refractor Rookie,https://www.ebay.com/itm/2018-Anfernee-Simons-Panini-Silver-Prizm-61-PSA-10-Gem-Mint-RC-Refractor-Rookie/313020279955?hash=item48e1766c93:g:uZUAAOSw0i9eWTeT
Mar-13 08:33,11,51.0,2018 Anfernee Simons prizm silver psa 10!!!,https://www.ebay.com/itm/2018-Anfernee-Simons-prizm-silver-psa-10/143548761765?hash=item216c2c46a5:g:APAAAOSwmWFeYm0I
Mar-13 08:30,10,202.0,2019-20 Prizm JA MORANT Silver Prizm RC!! Silver Rookie!! PSA 10?,https://www.ebay.com/itm/2019-20-Prizm-JA-MORANT-Silver-Prizm-RC-Silver-Rookie-PSA-10/153859902100?hash=item23d2c3ca94:g:NHgAAOSwkBteZ7Hs
Mar-12 23:40,21,1801.0,2018-19 LUKA DONCIC PANINI PRIZM Silver #280 Rookie Card PSA 10 Gem Mint,https://www.ebay.com/itm/2018-19-LUKA-DONCIC-PANINI-PRIZM-Silver-280-Rookie-Card-PSA-10-Gem-Mint/193371347463?hash=item2d05d49a07:g:KSoAAOSwilpeYfBA
Mar-12 23:23,15,99.0,2018-19 PRIZM MICHAEL PORTER JR. ROOKIE HYPER SILVER PRIZM PSA 10 RC [SQ],https://www.ebay.com/itm/2018-19-PRIZM-MICHAEL-PORTER-JR-ROOKIE-HYPER-SILVER-PRIZM-PSA-10-RC-SQ/264657275585?hash=item3d9ecd8ac1:g:DGcAAOSw7yVeYTvE
Mar-12 23:22,15,187.5,2018-19 PRIZM BASKETBALL MICHAEL PORTER JR. ROOKIE SILVER PRIZM PSA 10 RC [SQ],https://www.ebay.com/itm/2018-19-PRIZM-BASKETBALL-MICHAEL-PORTER-JR-ROOKIE-SILVER-PRIZM-PSA-10-RC-SQ/264657276179?hash=item3d9ecd8d13:g:~esAAOSwIuNeYTvt
Mar-12 21:59,49,3250.0,2018-19 Panini Prizm Silver #280 Luka Doncic Mavericks RC Rookie PSA 10 GEM MINT,https://www.ebay.com/itm/2018-19-Panini-Prizm-Silver-280-Luka-Doncic-Mavericks-RC-Rookie-PSA-10-GEM-MINT/372976422877?hash=item56d7208fdd:g:TYwAAOSwJJVeYVT5
Mar-12 21:07,26,295.0,2019 Panini PRIZM DP #64 SILVER Prizm ZION WILLIAMSON Rookie PSA 10 GEM MT Rc,https://www.ebay.com/itm/2019-Panini-PRIZM-DP-64-SILVER-Prizm-ZION-WILLIAMSON-Rookie-PSA-10-GEM-MT-Rc/233516330122?hash=item365ea86c8a:g:3vUAAOSwA9teYcxB
Mar-12 21:00,66,165.0,Kobe Bryant 2017-18 Select Slash & Dash Silver Prizm PSA 10 GEM MINT POP 2,https://www.ebay.com/itm/Kobe-Bryant-2017-18-Select-Slash-Dash-Silver-Prizm-PSA-10-GEM-MINT-POP-2/383449854734?hash=item594764730e:g:paQAAOSw0dZePDAR
Mar-12 20:34,26,31.0,2018-19 Panini Prizm Silver #250 Jalen Brunson Mavericks RC Rookie PSA 10,https://www.ebay.com/itm/2018-19-Panini-Prizm-Silver-250-Jalen-Brunson-Mavericks-RC-Rookie-PSA-10/362935139581?hash=item54809ebcfd:g:h90AAOSwFFxeYQ2N
Mar-12 20:27,21,77.0,2017-18 Panini Prizm Fast Break Silver Rookie De'Aaron Fox RC SP PSA 10 Gem Mint,https://www.ebay.com/itm/2017-18-Panini-Prizm-Fast-Break-Silver-Rookie-DeAaron-Fox-RC-SP-PSA-10-Gem-Mint/124108344325?hash=item1ce56f0c05:g:UmUAAOSwxspeYcKd
Mar-12 20:25,12,27.24,Josh Hart Panini Prizm Rookie Silver 2017-18 Lot Of 2 Psa 10 Bgs 9.5 Gem Lakers,https://www.ebay.com/itm/Josh-Hart-Panini-Prizm-Rookie-Silver-2017-18-Lot-Of-2-Psa-10-Bgs-9-5-Gem-Lakers/202925989302?hash=item2f3f54ddb6:g:AEcAAOSwA9teWMLQ
Mar-12 20:15,41,3550.0,2018-19 Select Basketball Luka Doncic RC Courtside Silver Prizm #229 PSA 10,https://www.ebay.com/itm/2018-19-Select-Basketball-Luka-Doncic-RC-Courtside-Silver-Prizm-229-PSA-10/362935456831?hash=item5480a3943f:g:1aMAAOSw9jdeYUll
Mar-12 20:14,11,151.0,2018-19 Panini Prizm Silver Collin Sexton RC #170 PSA 10 Gem Mint,https://www.ebay.com/itm/2018-19-Panini-Prizm-Silver-Collin-Sexton-RC-170-PSA-10-Gem-Mint/174213597768?hash=item288ff08a48:g:HmsAAOSwxKxeZGLG
Mar-12 20:12,13,35.0,2018-19 Panini Prizm Silver Dominance Lebron James #29 PSA 10 Gem Mint,https://www.ebay.com/itm/2018-19-Panini-Prizm-Silver-Dominance-Lebron-James-29-PSA-10-Gem-Mint/174213597316?hash=item288ff08884:g:oNUAAOSwBnZeZGJQ
Mar-12 20:05,19,130.23,LEBRON JAMES 2018/19 PANINI PRIZM #6 SILVER PRIZMS LAKERS PSA 10 GEM MINT $500+,https://www.ebay.com/itm/LEBRON-JAMES-2018-19-PANINI-PRIZM-6-SILVER-PRIZMS-LAKERS-PSA-10-GEM-MINT-500/293501935234?hash=item4456141e82:g:xBsAAOSwkBteYbPi
Mar-12 20:02,20,82.0,DONTE DIVINCENZO 2018-19 PRIZM ROOKIE SILVER #246 PSA 10 GEM MINT BUCKS RC,https://www.ebay.com/itm/DONTE-DIVINCENZO-2018-19-PRIZM-ROOKIE-SILVER-246-PSA-10-GEM-MINT-BUCKS-RC/402146286194?hash=item5da1c95a72:g:33wAAOSwFhxeZF~H
Mar-12 19:46,17,158.5,KAWHI LEONARD 2015/16 PANINI PRIZM #81 SILVER PRIZMS SP PSA 10 GEM MINT $500+,https://www.ebay.com/itm/KAWHI-LEONARD-2015-16-PANINI-PRIZM-81-SILVER-PRIZMS-SP-PSA-10-GEM-MINT-500/392716367005?hash=item5b6fb8349d:g:tRUAAOSwk9FeYbPH
Mar-12 19:45,15,99.28,2017-18 Panini Prizm Silver #109 John Collins Atlanta Hawks RC Rookie PSA 10,https://www.ebay.com/itm/2017-18-Panini-Prizm-Silver-109-John-Collins-Atlanta-Hawks-RC-Rookie-PSA-10/362935592145?hash=item5480a5a4d1:g:DFAAAOSwzateYXOU
Mar-12 19:45,23,128.5,2017-18 Panini Prizm Silver #109 John Collins Atlanta Hawks RC Rookie PSA 10,https://www.ebay.com/itm/2017-18-Panini-Prizm-Silver-109-John-Collins-Atlanta-Hawks-RC-Rookie-PSA-10/362935592848?hash=item5480a5a790:g:BWgAAOSwtANeYXPW
Mar-12 19:45,17,152.5,2017-18 Panini Prizm Silver #109 John Collins RC Rookie AUTO Hawks PSA 10,https://www.ebay.com/itm/2017-18-Panini-Prizm-Silver-109-John-Collins-RC-Rookie-AUTO-Hawks-PSA-10/383449728907?hash=item594762878b:g:Hs4AAOSwvuxeYXNE
Mar-12 19:45,22,108.5,2017-18 Panini Prizm Silver #109 John Collins Atlanta Hawks RC Rookie PSA 10,https://www.ebay.com/itm/2017-18-Panini-Prizm-Silver-109-John-Collins-Atlanta-Hawks-RC-Rookie-PSA-10/372976518857?hash=item56d72206c9:g:7TgAAOSwGTxeYXNt
Mar-12 19:45,40,140.5,2017-18 Panini Prizm Silver #109 John Collins RC Rookie AUTO Hawks PSA 10,https://www.ebay.com/itm/2017-18-Panini-Prizm-Silver-109-John-Collins-RC-Rookie-AUTO-Hawks-PSA-10/372976518361?hash=item56d72204d9:g:NXsAAOSwnT5eYXMJ
Mar-12 19:45,31,99.28,2017-18 Panini Prizm Silver #109 John Collins Atlanta Hawks RC Rookie PSA 10,https://www.ebay.com/itm/2017-18-Panini-Prizm-Silver-109-John-Collins-Atlanta-Hawks-RC-Rookie-PSA-10/372976519281?hash=item56d7220871:g:D4AAAOSw8nFeYXO0
Mar-12 19:35,33,530.0,2015-16 Panini Prizm Silver #248 Kristaps Porzingis Knicks RC Rookie PSA 10,https://www.ebay.com/itm/2015-16-Panini-Prizm-Silver-248-Kristaps-Porzingis-Knicks-RC-Rookie-PSA-10/383449707104?hash=item5947623260:g:Z9MAAOSw5JdeYW9X
Mar-12 19:35,35,76.0,2017-18 Panini Prizm Silver #38 OG Anunoby Raptors RC Rookie PSA 10 GEM MINT,https://www.ebay.com/itm/2017-18-Panini-Prizm-Silver-38-OG-Anunoby-Raptors-RC-Rookie-PSA-10-GEM-MINT/362935581482?hash=item5480a57b2a:g:Fy0AAOSwq29eYW7g
Mar-12 19:29,20,63.01,LONNIE WALKER JR 2018 19 PANINI PRIZM SILVER PRIZM ROOKIE RC PSA 10- GEM MINT,https://www.ebay.com/itm/LONNIE-WALKER-JR-2018-19-PANINI-PRIZM-SILVER-PRIZM-ROOKIE-RC-PSA-10-GEM-MINT/202925967149?hash=item2f3f54872d:g:5fwAAOSw9u1eXwfj
Mar-12 19:19,38,142.5,2019-20 Panini Prizm 251 De'Andre Hunter Silver RC Rookie PSA 10 GEM MT 45200256,https://www.ebay.com/itm/2019-20-Panini-Prizm-251-DeAndre-Hunter-Silver-RC-Rookie-PSA-10-GEM-MT-45200256/153855068593?hash=item23d27a09b1:g:MTwAAOSwlgVeYbMi
Mar-12 19:11,9,18.0,2016-17 Prizm Taurean Prince Silver Prizms Rookie RC PSA 10 GEM MINT Hawks JRI,https://www.ebay.com/itm/2016-17-Prizm-Taurean-Prince-Silver-Prizms-Rookie-RC-PSA-10-GEM-MINT-Hawks-JRI/124110448010?hash=item1ce58f258a:g:ydIAAOSwnexeZFRU
Mar-12 19:09,20,33.0,Buddy Hield 2016 Panini Select RC Silver Prizm PSA 10 #122 Gem Mint Kings,https://www.ebay.com/itm/Buddy-Hield-2016-Panini-Select-RC-Silver-Prizm-PSA-10-122-Gem-Mint-Kings/233518604668?hash=item365ecb217c:g:kssAAOSwGmteZFNa
Mar-12 18:52,30,71.0,2018-19 Panini Prizm Silver #61 Anfernee Simons Trail Blazers RC Rookie PSA 10,https://www.ebay.com/itm/2018-19-Panini-Prizm-Silver-61-Anfernee-Simons-Trail-Blazers-RC-Rookie-PSA-10/274297427469?hash=item3fdd66960d:g:EqYAAOSw7BBeYarg
Mar-12 18:48,1,19.99,Myles Turner 2015-16 Panini Select Silver Prizm PSA 10 Gem Rookie RC Pacers #8,https://www.ebay.com/itm/Myles-Turner-2015-16-Panini-Select-Silver-Prizm-PSA-10-Gem-Rookie-RC-Pacers-8/133358482547?hash=item1f0cc8f473:g:makAAOSwqkxeaZTK
Mar-12 18:32,8,9.5,"RJ Barrett 2019 Panini Prizm Draft Rookie #62 ** PSA 10 ** ""Silver"" Prizm",https://www.ebay.com/itm/RJ-Barrett-2019-Panini-Prizm-Draft-Rookie-62-PSA-10-Silver-Prizm/153855038768?hash=item23d2799530:g:Y8UAAOSwInleYaf-
Mar-12 18:20,12,400.0,2018-19 PANINI SILVER PRIZM MOSAIC LUKA DONCIC RC PSA 10 GEM MINT #68,https://www.ebay.com/itm/2018-19-PANINI-SILVER-PRIZM-MOSAIC-LUKA-DONCIC-RC-PSA-10-GEM-MINT-68/184204517274?hash=item2ae371df9a:g:qZgAAOSw~15eZur6
Mar-12 18:00,12,1075.0,2017 Panini Prizm Jayson Tatum Prizm Silver RC - #16 PSA 10 - Boston Celtics,https://www.ebay.com/itm/2017-Panini-Prizm-Jayson-Tatum-Prizm-Silver-RC-16-PSA-10-Boston-Celtics/124108071480?hash=item1ce56ae238:g:icoAAOSwXjteYXRP
Mar-12 17:28,30,306.0,Shai Gilgeous-Alexa,https://www.ebay.com/itm/Shai-Gilgeous-Alexander-2018-19-Panini-Prizm-Silver-184-Thunder-RC-PSA-10-Gem/233518548641?hash=item365eca46a1:g:b6oAAOSw33FeZDuB
Mar-12 14:33,5,152.5,2017 Prizm Silver #109 John Collins Atlanta Hawks RC Rookie Card PSA 10 GEM MINT,https://www.ebay.com/itm/2017-Prizm-Silver-109-John-Collins-Atlanta-Hawks-RC-Rookie-Card-PSA-10-GEM-MINT/392716052252?hash=item5b6fb3671c:g:p7wAAOSwjzdeObDV
Mar-12 14:15,5,48.0,Miles Bridges Rookie Card Silver Prizm PSA 10 GEM MINT,https://www.ebay.com/itm/Miles-Bridges-Rookie-Card-Silver-Prizm-PSA-10-GEM-MINT/392716026797?hash=item5b6fb303ad:g:wwwAAOSwG21eYWsK
Mar-12 12:28,1,145.0,2017-18 Panini Prizm Silver #1 Markelle Fultz 76ers RC Rookie PSA 10 GEM MINT,https://www.ebay.com/itm/2017-18-Panini-Prizm-Silver-1-Markelle-Fultz-76ers-RC-Rookie-PSA-10-GEM-MINT/202927042582?hash=item2f3f64f016:g:JTIAAOSwWbNeZZEK
Mar-12 10:00,19,227.5,2019-20 Prizm Silver rui hachimura PSA 10,https://www.ebay.com/itm/2019-20-Prizm-Silver-rui-hachimura-PSA-10/174213092111?hash=item288fe8d30f:g:zfsAAOSwfZpeY60L
Mar-12 10:00,33,305.0,2019-20 Panini Prizm Silver JA Morant RC PSA 10? Grizzlies,https://www.ebay.com/itm/2019-20-Panini-Prizm-Silver-JA-Morant-RC-PSA-10-Grizzlies/174213105354?hash=item288fe906ca:g:qkcAAOSwBzteU88Q
Mar-12 09:58,25,658.0,2018-19 Panini Prizm Silver #78 Trae Young Hawks RC Rookie PSA 10 GEM MINT,https://www.ebay.com/itm/2018-19-Panini-Prizm-Silver-78-Trae-Young-Hawks-RC-Rookie-PSA-10-GEM-MINT/153854638165?hash=item23d2737855:g:DiIAAOSwWc1eYS70
Mar-12 08:40,13,1950.0,2018-19 Panini Prizm Silver #280 Luka Doncic RC Rookie PSA 10 GEM MINT,https://www.ebay.com/itm/2018-19-Panini-Prizm-Silver-280-Luka-Doncic-RC-Rookie-PSA-10-GEM-MINT/184201251001?hash=item2ae34008b9:g:ODoAAOSwDdxeYuyD
Mar-11 22:12,39,1990.0,2019-20 Donruss Optic Zion Williamson PSA 10 RC #158 HOLO Silver Rookie  Prizm,https://www.ebay.com/itm/2019-20-Donruss-Optic-Zion-Williamson-PSA-10-RC-158-HOLO-Silver-Rookie-Prizm/223940769396?hash=item3423e8f674:g:J5YAAOSwX2teY~gJ
Mar-11 21:47,14,20.5,2018-19 Panini Select Silver Prizm #112 Marvin Bagley III Kings RC Rookie PSA 10,https://www.ebay.com/itm/2018-19-Panini-Select-Silver-Prizm-112-Marvin-Bagley-III-Kings-RC-Rookie-PSA-10/362934464174?hash=item5480946eae:g:-skAAOSwj0NeYB2Y
Mar-11 21:40,22,3550.0,2019-20 Panini Prizm Zion Williamson RC #248 Silver Prizm PSA 10 Gem Mint,https://www.ebay.com/itm/2019-20-Panini-Prizm-Zion-Williamson-RC-248-Silver-Prizm-PSA-10-Gem-Mint/324093682435?hash=item4b757d2303:g:h8UAAOSw5IZeYIJM
Mar-11 21:38,15,23.5,2018-19 Panini Prizm Silver Dominance Stephen Curry Warriors PSA 10 GEM MINT,https://www.ebay.com/itm/2018-19-Panini-Prizm-Silver-Dominance-Stephen-Curry-Warriors-PSA-10-GEM-MINT/383448376076?hash=item59474de30c:g:Fm4AAOSwz8teYCGv
Mar-11 21:36,12,42.0,2018-19 Panini Prizm Silver #217 Kevin Knox New York Knicks RC Rookie PSA 10,https://www.ebay.com/itm/2018-19-Panini-Prizm-Silver-217-Kevin-Knox-New-York-Knicks-RC-Rookie-PSA-10/362934522766?hash=item548095538e:g:8EsAAOSwifheYDD3
Mar-11 21:36,16,43.0,2018-19 Panini Prizm Silver #217 Kevin Knox New York Knicks RC Rookie PSA 10,https://www.ebay.com/itm/2018-19-Panini-Prizm-Silver-217-Kevin-Knox-New-York-Knicks-RC-Rookie-PSA-10/372975181617?hash=item56d70d9f31:g:Z-8AAOSwOQJeYDCB
Mar-11 21:28,11,52.0,2018-19 Panini Prizm Silver Landry Shamet Philadelphia 76ers RC Rookie PSA 10,https://www.ebay.com/itm/2018-19-Panini-Prizm-Silver-Landry-Shamet-Philadelphia-76ers-RC-Rookie-PSA-10/362934512775?hash=item5480952c87:g:N1sAAOSw6qheYC3G
Mar-11 21:28,4,51.0,2018-19 Panini Prizm Silver Landry Shamet Philadelphia 76ers RC Rookie PSA 10,https://www.ebay.com/itm/2018-19-Panini-Prizm-Silver-Landry-Shamet-Philadelphia-76ers-RC-Rookie-PSA-10/372975174085?hash=item56d70d81c5:g:F24AAOSwNBleYC5g
Mar-11 21:28,22,32.0,2019 Panini Prizm Silver #66 RJ Barrett Duke RC Rookie PSA 10 GEM MINT,https://www.ebay.com/itm/2019-Panini-Prizm-Silver-66-RJ-Barrett-Duke-RC-Rookie-PSA-10-GEM-MINT/372975171824?hash=item56d70d78f0:g:4OAAAOSwkqBeYC08
Mar-11 21:28,4,51.0,2018-19 Panini Prizm Silver Landry Shamet Philadelphia 76ers RC Rookie PSA 10,https://www.ebay.com/itm/2018-19-Panini-Prizm-Silver-Landry-Shamet-Philadelphia-76ers-RC-Rookie-PSA-10/383448421703?hash=item59474e9547:g:dNUAAOSwD75eYC8j
Mar-11 21:28,4,67.0,2018-19 Panini Prizm Silver Landry Shamet Philadelphia 76ers RC Rookie PSA 10,https://www.ebay.com/itm/2018-19-Panini-Prizm-Silver-Landry-Shamet-Philadelphia-76ers-RC-Rookie-PSA-10/372975176016?hash=item56d70d8950:g:J2wAAOSw4uleYC7y
Mar-11 21:28,6,67.0,2018-19 Panini Prizm Silver Landry Shamet Philadelphia 76ers RC Rookie PSA 10,https://www.ebay.com/itm/2018-19-Panini-Prizm-Silver-Landry-Shamet-Philadelphia-76ers-RC-Rookie-PSA-10/372975174506?hash=item56d70d836a:g:a6EAAOSwsyNeYC6S
Mar-11 21:28,8,79.0,2018-19 Panini Prizm Silver Landry Shamet Philadelphia 76ers RC Rookie PSA 10,https://www.ebay.com/itm/2018-19-Panini-Prizm-Silver-Landry-Shamet-Philadelphia-76ers-RC-Rookie-PSA-10/362934513935?hash=item548095310f:g:WR8AAOSwbq5eYC41
Mar-11 21:28,7,76.0,2018-19 Panini Prizm Silver Landry Shamet Philadelphia 76ers RC Rookie PSA 10,https://www.ebay.com/itm/2018-19-Panini-Prizm-Silver-Landry-Shamet-Philadelphia-76ers-RC-Rookie-PSA-10/372975173183?hash=item56d70d7e3f:g:nesAAOSwSPVeYC36
Mar-11 21:28,7,73.0,2018-19 Panini Prizm Silver Landry Shamet Philadelphia 76ers RC Rookie PSA 10,https://www.ebay.com/itm/2018-19-Panini-Prizm-Silver-Landry-Shamet-Philadelphia-76ers-RC-Rookie-PSA-10/362934515663?hash=item54809537cf:g:394AAOSwtPNeYC7D
Mar-11 21:25,14,18.5,2018-19 PANINI PRIZM SILVER PRIZM COLLIN SEXTON RC PSA 10 GEM MINT,https://www.ebay.com/itm/2018-19-PANINI-PRIZM-SILVER-PRIZM-COLLIN-SEXTON-RC-PSA-10-GEM-MINT/283806794879?hash=item421434047f:g:cooAAOSwWkFeYyIe
Mar-11 21:14,9,55.04,2012-13 Panini Silver Prizm PSA 10 ISAIAH THOMAS Rookie Refractor RC!,https://www.ebay.com/itm/2012-13-Panini-Silver-Prizm-PSA-10-ISAIAH-THOMAS-Rookie-Refractor-RC/124107159945?hash=item1ce55cf989:g:RbAAAOSwWxxeSdsw
Mar-11 21:06,1,799.0,2018-19 PANINI SELECT SILVER PRIZM LUKA DONCIC RC #25 PSA 10,https://www.ebay.com/itm/2018-19-PANINI-SELECT-SILVER-PRIZM-LUKA-DONCIC-RC-25-PSA-10/402141472111?hash=item5da17fe56f:g:SCEAAOSw1tVeYXox
Mar-11 21:02,29,80.01,2019-20 Prizm Basketball PJ Washington Jr. Silver Prizm RC PSA 10 Hornets,https://www.ebay.com/itm/2019-20-Prizm-Basketball-PJ-Washington-Jr-Silver-Prizm-RC-PSA-10-Hornets/362936908739?hash=item5480b9bbc3:g:LTgAAOSwwI9eYxya
Mar-11 21:00,32,102.5,2018-19 Panini Prizm Silver #15 Kobe Bryant Los Angeles Lakers PSA 10 GEM MINT,https://www.ebay.com/itm/2018-19-Panini-Prizm-Silver-15-Kobe-Bryant-Los-Angeles-Lakers-PSA-10-GEM-MINT/383448483162?hash=item59474f855a:g:TeEAAOSw6WJeO0OI
Mar-11 20:47,23,3550.0,2019-20 Panini Prizm 248 ZION WILLIAMSON Rookie SILVER Prizm PSA 10 GEM MINT,https://www.ebay.com/itm/2019-20-Panini-Prizm-248-ZION-WILLIAMSON-Rookie-SILVER-Prizm-PSA-10-GEM-MINT/174212752274?hash=item288fe3a392:g:WOUAAOSwahheYxka
Mar-11 20:43,10,72.0,2018-19 Panini Prizm Silver #199 Landry Shamet 76ers RC Rookie PSA 10 GEM MINT,https://www.ebay.com/itm/2018-19-Panini-Prizm-Silver-199-Landry-Shamet-76ers-RC-Rookie-PSA-10-GEM-MINT/383448376268?hash=item59474de3cc:g:v9YAAOSwETteYCHu
Mar-11 20:36,16,76.0,2018-19 Panini Prizm Silver #251 Lonnie Walker IV Spurs RC Rookie PSA 10,https://www.ebay.com/itm/2018-19-Panini-Prizm-Silver-251-Lonnie-Walker-IV-Spurs-RC-Rookie-PSA-10/372975077971?hash=item56d70c0a53:g:j-kAAOSwOJVeYBVx
Mar-11 20:35,29,700.5,TRAE YOUNG 2018/19 PANINI PRIZM #78 RC ROOKIE SILVER PRIZMS SP PSA 10 GEM MINT,https://www.ebay.com/itm/TRAE-YOUNG-2018-19-PANINI-PRIZM-78-RC-ROOKIE-SILVER-PRIZMS-SP-PSA-10-GEM-MINT/392714725917?hash=item5b6f9f2a1d:g:uQIAAOSwoVteYEH7
Mar-11 20:15,34,260.0,TRAE YOUNG PSA 10 ROOKIE PRIZMS SCOPE SILVER PREMIER LEVEL RC 2018-19 SELECT 142,https://www.ebay.com/itm/TRAE-YOUNG-PSA-10-ROOKIE-PRIZMS-SCOPE-SILVER-PREMIER-LEVEL-RC-2018-19-SELECT-142/264662997195?hash=item3d9f24d8cb:g:nd0AAOSw5BNeaCtP
Mar-11 20:08,29,127.5,2018-19 Panini Prizm Silver #279 DeAndre Ayton Suns RC Rookie PSA 10 GEM MINT,https://www.ebay.com/itm/2018-19-Panini-Prizm-Silver-279-DeAndre-Ayton-Suns-RC-Rookie-PSA-10-GEM-MINT/383448336714?hash=item59474d494a:g:SC0AAOSw409eYByj
Mar-11 20:08,28,160.0,2018-19 Panini Prizm Silver #66 Jaren Jackson Jr. Grizzlies RC Rookie PSA 10,https://www.ebay.com/itm/2018-19-Panini-Prizm-Silver-66-Jaren-Jackson-Jr-Grizzlies-RC-Rookie-PSA-10/362934463291?hash=item5480946b3b:g:QWYAAOSw3fteYB0p
Mar-11 20:00,1,3.0,Dillon Brooks Optic Holo Silver Prizm Rookie Card RC Mint PSA 10??? 🔥💎,https://www.ebay.com/itm/Dillon-Brooks-Optic-Holo-Silver-Prizm-Rookie-Card-RC-Mint-PSA-10/233517321892?hash=item365eb78ea4:g:z5EAAOSwgnteYuPX
Mar-11 19:48,2,16.0,2019-20 Panini Prizm DE’Andre Hunter Emergent Silver Prizm PSA 10 Hawks *POP 1*,https://www.ebay.com/itm/2019-20-Panini-Prizm-DE-Andre-Hunter-Emergent-Silver-Prizm-PSA-10-Hawks-POP-1/333537899133?hash=item4da868727d:g:vi8AAOSw8FxeXHPg
Mar-11 19:45,22,112.5,Marvin Bagley 2018-19 Panini Prizm Prizms Silver Rookie Rc #181 PSA 10 GEM 8153,https://www.ebay.com/itm/Marvin-Bagley-2018-19-Panini-Prizm-Prizms-Silver-Rookie-Rc-181-PSA-10-GEM-8153/274296009700?hash=item3fdd50f3e4:g:SWoAAOSwQEteYAJZ
Mar-11 19:17,5,15.0,2018 Panini Prizm Alonzo Trier RC Silver Prizm PSA 10 New York Knicks - GEM MINT,https://www.ebay.com/itm/2018-Panini-Prizm-Alonzo-Trier-RC-Silver-Prizm-PSA-10-New-York-Knicks-GEM-MINT/202924545356?hash=item2f3f3ed54c:g:RaAAAOSwQYxeXwZP
Mar-11 18:53,9,2025.0,2018-19 Luka Doncic Panini Prizm Rookie Silver #280 PSA 10 GEM MINT,https://www.ebay.com/itm/2018-19-Luka-Doncic-Panini-Prizm-Rookie-Silver-280-PSA-10-GEM-MINT/233517418445?hash=item365eb907cd:g:76EAAOSwSq1d9sIS
Mar-11 18:46,26,1774.0,2017 Panini Select Silver Prizm Jayson Tatum Gem Mint PSA 10,https://www.ebay.com/itm/2017-Panini-Select-Silver-Prizm-Jayson-Tatum-Gem-Mint-PSA-10/372975316487?hash=item56d70fae07:g:VhIAAOSwMKFeYFoJ
Mar-11 18:32,30,127.51,2017 Panini Prizm Silver #1 Markelle Fultz RC Rookie Gem Mint PSA 10,https://www.ebay.com/itm/2017-Panini-Prizm-Silver-1-Markelle-Fultz-RC-Rookie-Gem-Mint-PSA-10/333535784612?hash=item4da8482ea4:g:EUMAAOSwwgVeYFbB
Mar-11 18:15,5,4.25,OKARO WHITE - 2017/18 PANINI PRIZM - ROOKIE - #52 - SILVER REFRACTOR PSA 10 PMJS,https://www.ebay.com/itm/OKARO-WHITE-2017-18-PANINI-PRIZM-ROOKIE-52-SILVER-REFRACTOR-PSA-10-PMJS/164108724696?hash=item2635a469d8:g:YcwAAOSwrpRdqHjN
Mar-11 18:14,17,18.57,2018 Panini Prizm #62 Jamal Murray Silver PRIZM PSA 10 GEM MT Denver Nuggets,https://www.ebay.com/itm/2018-Panini-Prizm-62-Jamal-Murray-Silver-PRIZM-PSA-10-GEM-MT-Denver-Nuggets/164106104051?hash=item26357c6cf3:g:8QIAAOSwq29eW~Ew
Mar-11 18:08,10,72.0,Lonnie Walker Rookie Silver Prizm 2018-19 Spurs Rc Sp PSA 10 Gem Mint No. 251,https://www.ebay.com/itm/Lonnie-Walker-Rookie-Silver-Prizm-2018-19-Spurs-Rc-Sp-PSA-10-Gem-Mint-No-251/114139536628?hash=item1a933f1cf4:g:oM4AAOSwwz9eYFDz
Mar-11 18:00,8,7.0,2017-18 Panini Prizm TJ Leaf Silver Prizm PSA 10 Gem Mint PMJS,https://www.ebay.com/itm/2017-18-Panini-Prizm-TJ-Leaf-Silver-Prizm-PSA-10-Gem-Mint-PMJS/164108719168?hash=item2635a45440:g:29cAAOSwPMNdqcKI
Mar-11 17:43,19,232.5,2017 Panini Prizm Silver Prizms #289 Lonzo Ball PSA 10 GEM MT Los Angeles Lakers,https://www.ebay.com/itm/2017-Panini-Prizm-Silver-Prizms-289-Lonzo-Ball-PSA-10-GEM-MT-Los-Angeles-Lakers/233512737513?hash=item365e719ae9:g:SxsAAOSw3tdeBwQ5
Mar-11 15:00,42,3250.0,2019-20 Panini Prizm Silver #248 Zion Williamson RC Rookie PSA 10 CENTERED,https://www.ebay.com/itm/2019-20-Panini-Prizm-Silver-248-Zion-Williamson-RC-Rookie-PSA-10-CENTERED/283808763608?hash=item4214520ed8:g:N-0AAOSwHVFeZWpJ
Mar-11 15:00,11,34.0,2017-18 Panini Prizm Silver Zach Collins Auto Trail Blazers PSA 10 #144 RC,https://www.ebay.com/itm/2017-18-Panini-Prizm-Silver-Zach-Collins-Auto-Trail-Blazers-PSA-10-144-RC/184200497882?hash=item2ae3348ada:g:EEIAAOSwMAxdl9Oe
Mar-11 15:00,19,48.0,2019-20 Panini Prizm Silver Get Hyped Lebron James #2 La Lakers PSA 10 Gem Mint,https://www.ebay.com/itm/2019-20-Panini-Prizm-Silver-Get-Hyped-Lebron-James-2-La-Lakers-PSA-10-Gem-Mint/184200497878?hash=item2ae3348ad6:g:KFcAAOSw-eleJKXZ
Mar-11 11:13,16,2136.0,Luka Doncic 2018 Panini Prizm SILVER Rookie Rc GEM MINT PSA 10 Dallas Mavericks,https://www.ebay.com/itm/Luka-Doncic-2018-Panini-Prizm-SILVER-Rookie-Rc-GEM-MINT-PSA-10-Dallas-Mavericks/264660496362?hash=item3d9efeafea:g:LNsAAOSw7RJeXZyH
Mar-11 10:00,17,44.0,2018-19 Panini Prizm Silver Troy Brown Jr. RC Washington Wizards #213 PSA 10,https://www.ebay.com/itm/2018-19-Panini-Prizm-Silver-Troy-Brown-Jr-RC-Washington-Wizards-213-PSA-10/174210524500?hash=item288fc1a554:g:1lUAAOSwvvleUb0n
Mar-11 10:00,10,16.0,2017-18 Panini Prizm Silver Jordan Bell RC #47 Warriors PSA 10 Gem Mint,https://www.ebay.com/itm/2017-18-Panini-Prizm-Silver-Jordan-Bell-RC-47-Warriors-PSA-10-Gem-Mint/174210524371?epid=3024346983&hash=item288fc1a4d3:g:CdoAAOSwm8ZeJKQv
Mar-11 10:00,8,29.0,2017-18 Panini Prizm Silver Zach Collins Auto Trail Blazers PSA 10 #144 RC,https://www.ebay.com/itm/2017-18-Panini-Prizm-Silver-Zach-Collins-Auto-Trail-Blazers-PSA-10-144-RC/174210524408?hash=item288fc1a4f8:g:EEIAAOSwMAxdl9Oe
Mar-11 10:00,17,30.54,2018-19 Panini Prizm Silver Wendell Carter Jr. Chicago Bulls RC #80 PSA 10,https://www.ebay.com/itm/2018-19-Panini-Prizm-Silver-Wendell-Carter-Jr-Chicago-Bulls-RC-80-PSA-10/174210524384?hash=item288fc1a4e0:g:xpQAAOSwZexeUb65
Mar-11 10:00,2,6.5,2018-19 Panini Prizm Silver Jacob Evans III RC #212 Golden State Warriors PSA 10,https://www.ebay.com/itm/2018-19-Panini-Prizm-Silver-Jacob-Evans-III-RC-212-Golden-State-Warriors-PSA-10/184197657810?hash=item2ae30934d2:g:t1cAAOSw6WleVN65
Mar-11 04:16,1,80.0,2017-18 Panini Prizm Frank Ntilikina Rookie Silver Prizm NY Knicks RC PSA 10,https://www.ebay.com/itm/2017-18-Panini-Prizm-Frank-Ntilikina-Rookie-Silver-Prizm-NY-Knicks-RC-PSA-10/202927041242?hash=item2f3f64eada:g:UGUAAOSwZ2ZeZZAc
Mar-10 21:36,39,113.5,2015-16 Panini Select Silver Prizm Giannis Antetokounmpo Bucks PSA 10 GEM MINT,https://www.ebay.com/itm/2015-16-Panini-Select-Silver-Prizm-Giannis-Antetokounmpo-Bucks-PSA-10-GEM-MINT/372973965248?hash=item56d6fb0fc0:g:bPgAAOSwjLxeXvIK
Mar-10 21:31,28,112.5,2018-19 Panini Prizm Silver #288 DeVonte' Graham Hornets RC Rookie PSA 10,https://www.ebay.com/itm/2018-19-Panini-Prizm-Silver-288-DeVonte-Graham-Hornets-RC-Rookie-PSA-10/383447032032?hash=item59473960e0:g:a90AAOSwKKpeXtaI
Mar-10 21:31,19,56.0,2018-19 Panini Prizm Silver #61 Anfernee Simons Trail Blazers RC Rookie PSA 10,https://www.ebay.com/itm/2018-19-Panini-Prizm-Silver-61-Anfernee-Simons-Trail-Blazers-RC-Rookie-PSA-10/362933420151?hash=item5480848077:g:m~UAAOSw5j9eXtRl
Mar-10 21:31,39,440.0,2019-20 Panini Prizm Silver Fireworks #26 Zion Williamson RC Rookie PSA 10,https://www.ebay.com/itm/2019-20-Panini-Prizm-Silver-Fireworks-26-Zion-Williamson-RC-Rookie-PSA-10/362933434315?hash=item548084b7cb:g:2CAAAOSwTBReXtqn
Mar-10 21:18,13,47.6,2018-19 Panini Prizm Silver #222 Stephen Curry Golden State Warriors PSA 10,https://www.ebay.com/itm/2018-19-Panini-Prizm-Silver-222-Stephen-Curry-Golden-State-Warriors-PSA-10/383446787727?hash=item594735a68f:g:~eYAAOSwE6ReXqQ7
Mar-10 21:11,20,250.0,2018-19 Panini Select Silver Prizm #11 LeBron James Los Angeles Lakers PSA 10,https://www.ebay.com/itm/2018-19-Panini-Select-Silver-Prizm-11-LeBron-James-Los-Angeles-Lakers-PSA-10/383445729132?hash=item5947257f6c:g:dTsAAOSw92ReXaV0
Mar-10 21:11,27,150.0,2018-19 Panini Prizm Silver #15 Kobe Bryant Los Angeles Lakers PSA 10 GEM MINT,https://www.ebay.com/itm/2018-19-Panini-Prizm-Silver-15-Kobe-Bryant-Los-Angeles-Lakers-PSA-10-GEM-MINT/383445726915?hash=item59472576c3:g:KtIAAOSw5IZeXaS2
Mar-10 21:11,33,500.0,Lot of (5) 2018-19 Panini Prizm Silver Emergent Luka Doncic RC Rookie PSA 10,https://www.ebay.com/itm/Lot-of-5-2018-19-Panini-Prizm-Silver-Emergent-Luka-Doncic-RC-Rookie-PSA-10/372972767555?hash=item56d6e8c943:g:pYsAAOSwFp5eXacj
Mar-10 21:11,15,255.0,2018-19 Panini Select Silver Prizm #11 LeBron James Los Angeles Lakers PSA 10,https://www.ebay.com/itm/2018-19-Panini-Select-Silver-Prizm-11-LeBron-James-Los-Angeles-Lakers-PSA-10/383445729477?hash=item59472580c5:g:PvgAAOSwtRBeXaXA
Mar-10 21:05,38,3807.0,2018-19 Panini Select Courtside Silver Prizm Luka Doncic RC PSA 10 T2,https://www.ebay.com/itm/2018-19-Panini-Select-Courtside-Silver-Prizm-Luka-Doncic-RC-PSA-10-T2/153855131929?hash=item23d27b0119:g:XfwAAOSwKgxeYVwC
Mar-10 20:49,7,7.5,2019-20 Panini Prizm Silver Instant Impact Sekou Doumbouya RC Rookie PSA 10,https://www.ebay.com/itm/2019-20-Panini-Prizm-Silver-Instant-Impact-Sekou-Doumbouya-RC-Rookie-PSA-10/362933453255?hash=item54808501c7:g:ZeMAAOSwETxeXuBm
Mar-10 20:48,10,9.94,2015-16 Panini Prizm Rookies Silver Delon Wright #310 PSA 10 Rookie Card RC,https://www.ebay.com/itm/2015-16-Panini-Prizm-Rookies-Silver-Delon-Wright-310-PSA-10-Rookie-Card-RC/233512734396?hash=item365e718ebc:g:A8kAAOSwLfZeXZC8
Mar-10 20:48,34,1985.0,LUKA DONCIC PSA 10 GEM MINT ROOKIE SILVER PRIZMS #280 RC SP 2018-19 PANINI PRIZM,https://www.ebay.com/itm/LUKA-DONCIC-PSA-10-GEM-MINT-ROOKIE-SILVER-PRIZMS-280-RC-SP-2018-19-PANINI-PRIZM/392708366771?hash=item5b6f3e21b3:g:VBIAAOSw4GdeWuVY
Mar-10 20:45,27,1985.0,Luka Doncic 2018-19 Panini Prizm Silver #280 RC PSA 10 GEM MINT PMJS MAVERICKS,https://www.ebay.com/itm/Luka-Doncic-2018-19-Panini-Prizm-Silver-280-RC-PSA-10-GEM-MINT-PMJS-MAVERICKS/164112375906?hash=item2635dc2062:g:3QAAAOSwb5leX90G
Mar-10 20:44,8,3550.0,2019-20 Panini Prizm Zion Williamson # 248 PSA 10 SILVER Rookie Card Centered!,https://www.ebay.com/itm/2019-20-Panini-Prizm-Zion-Williamson-248-PSA-10-SILVER-Rookie-Card-Centered/193373980976?hash=item2d05fcc930:g:F2MAAOSwcMNeZGnH
Mar-10 20:25,26,180.5,2018 Prizm Silver Deandre Ayton RC Psa 10,https://www.ebay.com/itm/2018-Prizm-Silver-Deandre-Ayton-RC-Psa-10/293496626961?hash=item4455c31f11:g:6w4AAOSwqgFeRdx9
Mar-10 20:08,7,41.0,Kevin Knox - 2018-19 Panini Prizm - Silver Prizm #217 - PSA 10 GEM MT - Knicks,https://www.ebay.com/itm/Kevin-Knox-2018-19-Panini-Prizm-Silver-Prizm-217-PSA-10-GEM-MT-Knicks/352991471176?hash=item522fee6648:g:iK4AAOSwhaZeXwnf
Mar-10 20:05,2,20.5,2019-20 PRIZM DRAFT SILVER DRAFT PSA 10 RUI HACHIMURA GONZAGA,https://www.ebay.com/itm/2019-20-PRIZM-DRAFT-SILVER-DRAFT-PSA-10-RUI-HACHIMURA-GONZAGA/143547026989?hash=item216c11ce2d:g:ZmsAAOSwIxVeXxri
Mar-10 20:05,1,19.99,2019-20 PRIZM DRAFT SILVER DRAFT PSA 10 JARRETT CULVER TEXAS TECH,https://www.ebay.com/itm/2019-20-PRIZM-DRAFT-SILVER-DRAFT-PSA-10-JARRETT-CULVER-TEXAS-TECH/143547026977?hash=item216c11ce21:g:JJ8AAOSwY4NeXxre
Mar-10 20:04,2,19.99,2019-20 PRIZM DRAFT SILVER DRAFT PSA 10 DE'ANDRE HUNTER VIRGINIA,https://www.ebay.com/itm/2019-20-PRIZM-DRAFT-SILVER-DRAFT-PSA-10-DEANDRE-HUNTER-VIRGINIA/133351146987?hash=item1f0c5905eb:g:Ac8AAOSwsiBeXxrc
Mar-10 20:04,1,19.99,2019-20 PRIZM DRAFT SILVER DRAFT PSA 10 DARIUS GARLAND VANDERBILT,https://www.ebay.com/itm/2019-20-PRIZM-DRAFT-SILVER-DRAFT-PSA-10-DARIUS-GARLAND-VANDERBILT/133351146977?hash=item1f0c5905e1:g:5RoAAOSwNjleXxrb
Mar-10 20:04,8,31.0,2019-20 PRIZM DRAFT SILVER DRAFT PSA 10 COBY WHITE UNC,https://www.ebay.com/itm/2019-20-PRIZM-DRAFT-SILVER-DRAFT-PSA-10-COBY-WHITE-UNC/143547026909?hash=item216c11cddd:g:x3EAAOSwHwReXxra
Mar-10 20:00,37,931.0,Luka Doncic 2018-19 Select Phenomenon SILVER PRIZM Rookie #36/99 - PSA 10 GEM MT,https://www.ebay.com/itm/Luka-Doncic-2018-19-Select-Phenomenon-SILVER-PRIZM-Rookie-36-99-PSA-10-GEM-MT/143547019707?hash=item216c11b1bb:g:jOcAAOSwRzheXxm7
Mar-10 19:58,41,217.49,2019-20 Panini Prizm Fast Break Silver Far Out! #24 Zion Williamson RC SP PSA 10,https://www.ebay.com/itm/2019-20-Panini-Prizm-Fast-Break-Silver-Far-Out-24-Zion-Williamson-RC-SP-PSA-10/124105984492?hash=item1ce54b09ec:g:~VEAAOSwFnleXxjJ
Mar-10 19:55,10,15.5,Yuta Watanabe Rookie RC 2018 Panini Silver Prizm #146 PSA 10 GEM MINT PMJS,https://www.ebay.com/itm/Yuta-Watanabe-Rookie-RC-2018-Panini-Silver-Prizm-146-PSA-10-GEM-MINT-PMJS/164108630065?hash=item2635a2f831:g:fiUAAOSwu4pd8mIx
Mar-10 19:47,28,162.5,2016 Domantas Sabonis Panini Silver Prizm Rookie RC PSA 10 Holo Refractor Pacers,https://www.ebay.com/itm/2016-Domantas-Sabonis-Panini-Silver-Prizm-Rookie-RC-PSA-10-Holo-Refractor-Pacers/164111151621?hash=item2635c97205:g:6BgAAOSwXKdeT1LX
Mar-10 19:43,20,123.0,2018-19 Panini Select Silver Prizm Rookie Shai Gilgeous-Alexa,https://www.ebay.com/itm/2018-19-Panini-Select-Silver-Prizm-Rookie-Shai-Gilgeous-Alexander-RC-SP-PSA-10/124105974308?hash=item1ce54ae224:g:0GAAAOSwSPVeXxVE
Mar-10 19:33,17,24.5,#61 SILVER   prizm   COBY WHITE   rc 2019 panini PRIZM DP  PSA 10  UNC,https://www.ebay.com/itm/61-SILVER-prizm-COBY-WHITE-rc-2019-panini-PRIZM-DP-PSA-10-UNC/153851907153?hash=item23d249cc51:g:VXYAAOSw5nxeXbB6
Mar-10 19:30,52,290.0,2017 Panini Select Concourse Prizm Silver Jayson Tatum RC #93 PSA 10 GEM MINT,https://www.ebay.com/itm/2017-Panini-Select-Concourse-Prizm-Silver-Jayson-Tatum-RC-93-PSA-10-GEM-MINT/333536684553?hash=item4da855ea09:g:-egAAOSwHQReYY5T
Mar-10 19:23,36,120.0,4  psa 10  CAM  REDDISH   rc 2019 panini prizm DP   all  PSA 10    #12 silver,https://www.ebay.com/itm/4-psa-10-CAM-REDDISH-rc-2019-panini-prizm-DP-all-PSA-10-12-silver/383445977243?hash=item594729489b:g:5nkAAOSwnWFeXeCa
Mar-10 19:10,2,1.25,2016-17 panini select silver prizm #109 THON MAKER bucks  PSA 10 PMJS,https://www.ebay.com/itm/2016-17-panini-select-silver-prizm-109-THON-MAKER-bucks-PSA-10-PMJS/164108617004?hash=item2635a2c52c:g:k14AAOSwWz1d1sm1
Mar-10 19:09,17,33.23,2018-19 Panini Prizm Silver #138 Robert Williams III Celtics RC Rookie PSA 10,https://www.ebay.com/itm/2018-19-Panini-Prizm-Silver-138-Robert-Williams-III-Celtics-RC-Rookie-PSA-10/362933400009?hash=item54808431c9:g:-moAAOSw0sVeXs1m
Mar-10 19:04,4,46.0,2014/15 Panini Prizm KOBE BRYANT SUPERSTARS SILVER REFRACTOR LAKERS #2 PSA 10,https://www.ebay.com/itm/2014-15-Panini-Prizm-KOBE-BRYANT-SUPERSTARS-SILVER-REFRACTOR-LAKERS-2-PSA-10/333536790106?hash=item4da857865a:g:-ycAAOSwlANeWGb9
Mar-10 19:01,10,31.0,2018-19 Panini Prizm Freshman Phenoms Silver Michael Porter Jr #12 PSA 10 Rookie,https://www.ebay.com/itm/2018-19-Panini-Prizm-Freshman-Phenoms-Silver-Michael-Porter-Jr-12-PSA-10-Rookie/233512721890?hash=item365e715de2:g:Sw4AAOSwIh1eXYzQ
Mar-10 19:00,23,130.73,2018-19 Panini Prizm Lebron James Silver Prizm #6 PSA 10 GEM MINT Cavs Lakers,https://www.ebay.com/itm/2018-19-Panini-Prizm-Lebron-James-Silver-Prizm-6-PSA-10-GEM-MINT-Cavs-Lakers/264654612935?hash=item3d9ea4e9c7:g:P8MAAOSwq-JeXfCF
Mar-10 19:00,22,230.0,2019-20 Prizm Draft Picks ZION WILLIAMSON Silver Prizm Rookie PSA 10 Gem Mint 💎,https://www.ebay.com/itm/2019-20-Prizm-Draft-Picks-ZION-WILLIAMSON-Silver-Prizm-Rookie-PSA-10-Gem-Mint/143546827258?hash=item216c0ec1fa:g:ascAAOSwCf5eXsJ3
Mar-10 18:50,1,0.99,2016-17 Panini Prizm Silver  HOLO REFRACTOR TERRY ROZIER #49  PSA 10 GEM PMJS,https://www.ebay.com/itm/2016-17-Panini-Prizm-Silver-HOLO-REFRACTOR-TERRY-ROZIER-49-PSA-10-GEM-PMJS/164108583929?hash=item2635a243f9:g:lA4AAOSw7XFd-QI0
Mar-10 18:47,2,72.74,2014/15 Panini Prizm KOBE BRYANT FIREWORKS SILVER REFRACTOR LAKERS #2 PSA 10 GEM,https://www.ebay.com/itm/2014-15-Panini-Prizm-KOBE-BRYANT-FIREWORKS-SILVER-REFRACTOR-LAKERS-2-PSA-10-GEM/383449957692?hash=item594766053c:g:Y0QAAOSwme9eWGcM
Mar-10 18:34,3,96.0,2019/20 Panini Prizm Draft Picks JA MORANT SILVER REFRACTOR GRIZZLIES #65 PSA 10,https://www.ebay.com/itm/2019-20-Panini-Prizm-Draft-Picks-JA-MORANT-SILVER-REFRACTOR-GRIZZLIES-65-PSA-10/303507526434?hash=item46aa755322:g:3gwAAOSwAxpeK5mD
Mar-10 18:32,11,76.0,2018-19 Panini Prizm LONNIE WALKER IV Silver Prizm Rookie PSA 10 GEM,https://www.ebay.com/itm/2018-19-Panini-Prizm-LONNIE-WALKER-IV-Silver-Prizm-Rookie-PSA-10-GEM/184199465799?hash=item2ae324cb47:g:JK0AAOSwSdleUFt6
Mar-10 18:28,2,117.0,2019/20 Panini Prizm Draft Picks JA MORANT SILVER REFRACTOR GRIZZLIES #2 PSA 10,https://www.ebay.com/itm/2019-20-Panini-Prizm-Draft-Picks-JA-MORANT-SILVER-REFRACTOR-GRIZZLIES-2-PSA-10/303507524668?hash=item46aa754c3c:g:fUwAAOSwgzZeK5mF
Mar-10 18:24,2,156.66,2018/19 Panini Prizm JAREN JACKSON JR SILVER REFRACTOR GRIZZLIES #66 PSA 10 GEM,https://www.ebay.com/itm/2018-19-Panini-Prizm-JAREN-JACKSON-JR-SILVER-REFRACTOR-GRIZZLIES-66-PSA-10-GEM/383449930409?hash=item5947659aa9:g:IBYAAOSw8hReTzdG
Mar-10 18:15,5,204.25,2019/20 Panini Prizm Draft Picks ZION WILLIAMSON SILVER REFRACTOR #64 PSA 10 GEM,https://www.ebay.com/itm/2019-20-Panini-Prizm-Draft-Picks-ZION-WILLIAMSON-SILVER-REFRACTOR-64-PSA-10-GEM/303507519840?hash=item46aa753960:g:u-gAAOSw2xZeK5lC
Mar-10 18:15,7,235.5,2019/20 Panini Prizm Draft Picks ZION WILLIAMSON SILVER REFRACTOR #1 PSA 10 GEM,https://www.ebay.com/itm/2019-20-Panini-Prizm-Draft-Picks-ZION-WILLIAMSON-SILVER-REFRACTOR-1-PSA-10-GEM/333536741012?hash=item4da856c694:g:rKQAAOSwaU5eK5lE
Mar-10 18:01,23,637.5,2018-19 Panini Prizm Silver Trae Young Rookie RC PSA 10 Gem Mint,https://www.ebay.com/itm/2018-19-Panini-Prizm-Silver-Trae-Young-Rookie-RC-PSA-10-Gem-Mint/303510640370?hash=item46aaa4d6f2:g:pnkAAOSwJHheZua~
Mar-10 18:00,9,14.5,2018 Panini Prizm Silver Prizms Justin Jackson ROOKIE RC #119 PSA 10 GEM PMJS,https://www.ebay.com/itm/2018-Panini-Prizm-Silver-Prizms-Justin-Jackson-ROOKIE-RC-119-PSA-10-GEM-PMJS/164108560141?hash=item2635a1e70d:g:aQ0AAOSwU0Vd8m6U
Mar-10 17:36,32,311.0,Shai Gilgeous-Alexa,https://www.ebay.com/itm/Shai-Gilgeous-Alexander-2018-19-Panini-Prizm-Silver-184-Thunder-RC-PSA-10-Gem/233518553444?hash=item365eca5964:g:KgEAAOSwq5heZD0Q
Mar-10 16:02,54,177.47,MICHAEL PORTER JR 2018/19 Prizm Basketball SILVER PRIZM ROOKIE PSA 10,https://www.ebay.com/itm/MICHAEL-PORTER-JR-2018-19-Prizm-Basketball-SILVER-PRIZM-ROOKIE-PSA-10/274294055734?hash=item3fdd332336:g:6CAAAOSw2fheXcSt
Mar-10 14:42,19,214.5,2015 Panini Select Kristaps Porzingis Silver Prizm #17 RC PSA 10,https://www.ebay.com/itm/2015-Panini-Select-Kristaps-Porzingis-Silver-Prizm-17-RC-PSA-10/124101828387?hash=item1ce50b9f23:g:8WQAAOSwQY9ePi0R
Mar-10 14:00,4,34.39,PSA 10 GEM MINT 2015 SELECT SILVER PRIZM D'ANGELO RUSSELL RC #62 POP 16,https://www.ebay.com/itm/PSA-10-GEM-MINT-2015-SELECT-SILVER-PRIZM-DANGELO-RUSSELL-RC-62-POP-16/362935562111?hash=item5480a52f7f:g:U4MAAOSwmAheYWhH
Mar-10 13:38,28,267.0,2018-19 Select Jayson Tatum Celtics In Flight Auto silver Prizm 11/99 PSA 10,https://www.ebay.com/itm/2018-19-Select-Jayson-Tatum-Celtics-In-Flight-Auto-silver-Prizm-11-99-PSA-10/383446908821?hash=item5947377f95:g:JBQAAOSwIGleXsBE
Mar-10 12:18,30,1028.88,2017-18 Panini Prizm Prizms Silver #16 Jayson Tatum Rookie PSA 10 Gem Mint RC,https://www.ebay.com/itm/2017-18-Panini-Prizm-Prizms-Silver-16-Jayson-Tatum-Rookie-PSA-10-Gem-Mint-RC/293499577267?hash=item4455f023b3:g:CLsAAOSwDwleXqxj
Mar-10 11:16,13,15.5,MYLES TURNER 2015-16 PANINI SELECT SILVER PRIZM ROOKIE RC PSA 10 GEM MINT PACERS,https://www.ebay.com/itm/MYLES-TURNER-2015-16-PANINI-SELECT-SILVER-PRIZM-ROOKIE-RC-PSA-10-GEM-MINT-PACERS/283803465566?hash=item421401375e:g:EbEAAOSwNlleBoCl
Mar-10 08:19,4,110.5,2019-20 Panini Prizm Coby White Silver Prizm RC SSP Perfect Centering PSA 10?,https://www.ebay.com/itm/2019-20-Panini-Prizm-Coby-White-Silver-Prizm-RC-SSP-Perfect-Centering-PSA-10/184203909762?hash=item2ae3689a82:g:Kr8AAOSw8gBeZlyr
Mar-09 22:32,4,6.5,2016-17 PRIZM BASKETBALL DARIO SARIC ROOKIE SILVER PRIZM PSA 10 RC [HD],https://www.ebay.com/itm/2016-17-PRIZM-BASKETBALL-DARIO-SARIC-ROOKIE-SILVER-PRIZM-PSA-10-RC-HD/264656576914?hash=item3d9ec2e192:g:0RIAAOSwkhxeYFWx
Mar-09 21:59,28,1950.0,2018-10 Panini Prizm Silver #280 Luka Doncic Mavericks RC Rookie PSA 10 GEM MINT,https://www.ebay.com/itm/2018-10-Panini-Prizm-Silver-280-Luka-Doncic-Mavericks-RC-Rookie-PSA-10-GEM-MINT/372972519062?hash=item56d6e4fe96:g:2WIAAOSw~KxeXXBM
Mar-09 21:59,31,1975.0,2018-10 Panini Prizm Silver #280 Luka Doncic Mavericks RC Rookie PSA 10 GEM MINT,https://www.ebay.com/itm/2018-10-Panini-Prizm-Silver-280-Luka-Doncic-Mavericks-RC-Rookie-PSA-10-GEM-MINT/383445468565?hash=item5947218595:g:qZAAAOSwifheXXAM
Mar-09 21:39,25,65.0,2018-19 Panini Prizm Silver #80 Wendell Carter Jr. Bulls RC Rookie PSA 10,https://www.ebay.com/itm/2018-19-Panini-Prizm-Silver-80-Wendell-Carter-Jr-Bulls-RC-Rookie-PSA-10/383445584066?hash=item59472348c2:g:CLQAAOSwoP1eXYDP
Mar-09 21:36,28,184.5,Michael Porter Jr. 2018 19 Panini Prizm Nuggets RC Rookie Silver Prizm PSA 10,https://www.ebay.com/itm/Michael-Porter-Jr-2018-19-Panini-Prizm-Nuggets-RC-Rookie-Silver-Prizm-PSA-10/362929409122?hash=item5480474c62:g:gKMAAOSw1~BeWc98
Mar-09 21:16,37,139.19,2018-19 Panini Prizm Silver #279 DeAndre Ayton Phoenix Suns RC Rookie PSA 10,https://www.ebay.com/itm/2018-19-Panini-Prizm-Silver-279-DeAndre-Ayton-Phoenix-Suns-RC-Rookie-PSA-10/383445386182?hash=item59472043c6:g:QBoAAOSwrIxeXWEP
Mar-09 21:10,7,63.0,2018-19 Panini Prizm Silver Freshman Phenoms #21 Trae Young RC PSA 10,https://www.ebay.com/itm/2018-19-Panini-Prizm-Silver-Freshman-Phenoms-21-Trae-Young-RC-PSA-10/383445726945?hash=item59472576e1:g:k14AAOSwx09eXaS7
Mar-09 21:00,27,93.01,2018-19 Panini Prizm Silver #181 Marvin Bagley Kings RC Rookie PSA 10,https://www.ebay.com/itm/2018-19-Panini-Prizm-Silver-181-Marvin-Bagley-Kings-RC-Rookie-PSA-10/372969048008?hash=item56d6b007c8:g:y2gAAOSwkXBeSv8Y
Mar-09 20:50,1,900.0,LUKA DONCIC 2018-19 Panini Prizm RC #280 PINK ICE PSA 10 Lower Pop Than Silver,https://www.ebay.com/itm/LUKA-DONCIC-2018-19-Panini-Prizm-RC-280-PINK-ICE-PSA-10-Lower-Pop-Than-Silver/114142761706?hash=item1a937052ea:g:f5IAAOSwqwReZAOG
Mar-09 20:42,50,115.0,2017-18 Panini Prizm Silver #247 Lauri Markkanen RC Rookie AUTO Bulls PSA 10,https://www.ebay.com/itm/2017-18-Panini-Prizm-Silver-247-Lauri-Markkanen-RC-Rookie-AUTO-Bulls-PSA-10/362928939888?hash=item5480402370:g:afQAAOSwAMxeWT8u
Mar-09 20:38,33,710.0,TRAE YOUNG 2018/19 PANINI PRIZM #78 RC ROOKIE SILVER PRIZMS SP PSA 10 GEM MINT,https://www.ebay.com/itm/TRAE-YOUNG-2018-19-PANINI-PRIZM-78-RC-ROOKIE-SILVER-PRIZMS-SP-PSA-10-GEM-MINT/293498854138?hash=item4455e51afa:g:TJkAAOSw1r1eXZ02
Mar-09 20:36,20,38.0,2018-19 Panini Prizm Silver #217 Kevin Knox New York Knicks RC Rookie PSA 10,https://www.ebay.com/itm/2018-19-Panini-Prizm-Silver-217-Kevin-Knox-New-York-Knicks-RC-Rookie-PSA-10/362932331649?hash=item548073e481:g:16cAAOSwRGJeXX-o
Mar-09 20:34,18,250.0,2017-18 Panini Prizm Silver #24 De'Aaron Fox Kings RC Rookie PSA 10 GEM MINT,https://www.ebay.com/itm/2017-18-Panini-Prizm-Silver-24-DeAaron-Fox-Kings-RC-Rookie-PSA-10-GEM-MINT/383445651713?hash=item5947245101:g:6NMAAOSwygFeXY~x
Mar-09 20:34,22,250.5,2017-18 Panini Prizm Silver #24 De'Aaron Fox Kings RC Rookie PSA 10 GEM MINT,https://www.ebay.com/itm/2017-18-Panini-Prizm-Silver-24-DeAaron-Fox-Kings-RC-Rookie-PSA-10-GEM-MINT/362932393789?hash=item548074d73d:g:WP0AAOSwO6xeXZAr
Mar-09 20:30,41,99.19,Dejounte Murray 2016 17 Panini Prizm #236 Spurs RC Rookie Silver Prizm PSA 10,https://www.ebay.com/itm/Dejounte-Murray-2016-17-Panini-Prizm-236-Spurs-RC-Rookie-Silver-Prizm-PSA-10/362929408241?hash=item54804748f1:g:gG0AAOSw1~BeWc76
Mar-09 20:28,16,238.5,De'Aaron Fox 2017 18 Panini Prizm Basketball #24 Kings Silver RC Rookie PSA 10,https://www.ebay.com/itm/DeAaron-Fox-2017-18-Panini-Prizm-Basketball-24-Kings-Silver-RC-Rookie-PSA-10/313013425971?hash=item48e10dd733:g:nroAAOSw~15eWc73
Mar-09 20:21,34,750.0,Trae Young 2018 19 Panini Prizm #78 Hawks RC Rookie Silver Prizms PSA 10,https://www.ebay.com/itm/Trae-Young-2018-19-Panini-Prizm-78-Hawks-RC-Rookie-Silver-Prizms-PSA-10/362929409869?hash=item5480474f4d:g:gpQAAOSwj7heWdBv
Mar-09 20:19,26,46.0,MILES BRIDGES 2018-19 PRIZM ROOKIE SILVER #278 PSA 10 GEM MINT HORNETS RC,https://www.ebay.com/itm/MILES-BRIDGES-2018-19-PRIZM-ROOKIE-SILVER-278-PSA-10-GEM-MINT-HORNETS-RC/233512935486?hash=item365e74a03e:g:PWQAAOSwpeFeWXlL
Mar-09 20:19,4,152.5,2018-19 Panini Prizm Silver Prizm DeAndre Ayton RC PSA 10 Rookie Card Gem Mint,https://www.ebay.com/itm/2018-19-Panini-Prizm-Silver-Prizm-DeAndre-Ayton-RC-PSA-10-Rookie-Card-Gem-Mint/362936884679?hash=item5480b95dc7:g:TzYAAOSw7RJeZAHP
Mar-09 20:14,29,1075.0,Jayson Tatum 2017 18 Panini Prizm #16 Celtics RC Rookie Silver Prizm PSA 10,https://www.ebay.com/itm/Jayson-Tatum-2017-18-Panini-Prizm-16-Celtics-RC-Rookie-Silver-Prizm-PSA-10/313013193100?hash=item48e10a498c:g:ou4AAOSwJVxeWX6T
Mar-09 19:54,20,545.0,2017-18 Panini Prizm SILVER Auto Rookie RC DONOVAN MITCHELL PSA 10 Wow!!!🔥,https://www.ebay.com/itm/2017-18-Panini-Prizm-SILVER-Auto-Rookie-RC-DONOVAN-MITCHELL-PSA-10-Wow/184195262566?hash=item2ae2e4a866:g:QJcAAOSwxsxeXcYH
Mar-09 19:52,18,63.0,2018-19 PRIZM MITCHELL ROBINSON SILVER RC PSA 10 NEW YORK KNICKS  Gem Mint,https://www.ebay.com/itm/2018-19-PRIZM-MITCHELL-ROBINSON-SILVER-RC-PSA-10-NEW-YORK-KNICKS-Gem-Mint/362932588832?hash=item548077d120:g:j1IAAOSwnxdeXcZQ
Mar-09 19:32,14,72.0,2018-19 Panini Prizm Silver #251 Lonnie Walker IV Spurs RC Rookie PSA 10,https://www.ebay.com/itm/2018-19-Panini-Prizm-Silver-251-Lonnie-Walker-IV-Spurs-RC-Rookie-PSA-10/362932274001?hash=item5480730351:g:PvgAAOSwbTNeXXAs
Mar-09 19:14,19,271.0,2019 Panini Prizm Silver #75 Luka Doncic PSA 10 Gem Mint Mavericks  *RPP,https://www.ebay.com/itm/2019-Panini-Prizm-Silver-75-Luka-Doncic-PSA-10-Gem-Mint-Mavericks-RPP/124104691082?hash=item1ce5374d8a:g:DxAAAOSwc2ReXb1c
Mar-09 19:13,19,72.0,2019 Panini Prizm Silver #31 Trea Young PSA 10 Gem Mint Hawks  *RPP,https://www.ebay.com/itm/2019-Panini-Prizm-Silver-31-Trea-Young-PSA-10-Gem-Mint-Hawks-RPP/124104690096?hash=item1ce53749b0:g:KVAAAOSwsG9eXb0a
Mar-09 19:12,6,36.0,2019 Panini Prizm Silver #222 Anthony Davis PSA 10 Gem Mint Lakers  *RPP,https://www.ebay.com/itm/2019-Panini-Prizm-Silver-222-Anthony-Davis-PSA-10-Gem-Mint-Lakers-RPP/124104689489?hash=item1ce5374751:g:-ksAAOSwqNdeXbzb
Mar-09 19:10,1,275.0,2019 Panini Prizm Instant Impact Silver Zion Williamson RC PSA 10 Gem Mint  *RPP,https://www.ebay.com/itm/2019-Panini-Prizm-Instant-Impact-Silver-Zion-Williamson-RC-PSA-10-Gem-Mint-RPP/124104688903?hash=item1ce5374507:g:T6EAAOSwr9BeXbyP
Mar-09 19:00,18,223.19,2017 De'Aaron Fox Panini Prizm Silver Rookie RC PSA 10,https://www.ebay.com/itm/2017-DeAaron-Fox-Panini-Prizm-Silver-Rookie-RC-PSA-10/264654156411?hash=item3d9e9df27b:g:KdwAAOSwBq9eQkYA
Mar-09 18:50,1,20.0,2019 Panini Prizm Silver #285 Quinndary Weatherspoon RC PSA 10 Gem Mint  *RPP,https://www.ebay.com/itm/2019-Panini-Prizm-Silver-285-Quinndary-Weatherspoon-RC-PSA-10-Gem-Mint-RPP/124104663870?hash=item1ce536e33e:g:nOwAAOSwme9eXbfK
Mar-09 18:49,1,20.0,2019 Panini Prizm Silver #277 Bruno Fernando RC Rookie PSA 10 Gem Mint  *RPP,https://www.ebay.com/itm/2019-Panini-Prizm-Silver-277-Bruno-Fernando-RC-Rookie-PSA-10-Gem-Mint-RPP/114137539627?hash=item1a9320a42b:g:W48AAOSwkbZeXbeA
Mar-09 18:48,12,162.5,2019 Panini Prizm Silver #261 Sekou Doumbouya RC Rookie PSA 10 Gem Mint  *RPP,https://www.ebay.com/itm/2019-Panini-Prizm-Silver-261-Sekou-Doumbouya-RC-Rookie-PSA-10-Gem-Mint-RPP/114137539313?hash=item1a9320a2f1:g:f7AAAOSwNC5eXbc3
Mar-09 18:46,5,34.2,2019 Panini Prizm Silver #264 Goga Bitadze RC Rookie PSA 10 Gem Mint Pacers *RPP,https://www.ebay.com/itm/2019-Panini-Prizm-Silver-264-Goga-Bitadze-RC-Rookie-PSA-10-Gem-Mint-Pacers-RPP/124104662104?hash=item1ce536dc58:g:qiUAAOSwYNpeXbbY
Mar-09 18:45,9,67.0,2019 Panini Prizm Silver #286 Darius Bazley RC Rookie PSA 10 Gem Mint  *RPP,https://www.ebay.com/itm/2019-Panini-Prizm-Silver-286-Darius-Bazley-RC-Rookie-PSA-10-Gem-Mint-RPP/114137538501?hash=item1a93209fc5:g:rg8AAOSw40ZeXbaK
Mar-09 18:37,17,88.0,2018-19 Panini Prizm RC ROOKIE - SILVER - LANDRY SHAMET PSA 10,https://www.ebay.com/itm/2018-19-Panini-Prizm-RC-ROOKIE-SILVER-LANDRY-SHAMET-PSA-10/362934633942?hash=item54809705d6:g:EsQAAOSwOQNeYFfG
Mar-09 18:31,20,108.35,2019-20 Panini Prizm RC ROOKIE - SILVER - DARIUS GARLAND PSA 10,https://www.ebay.com/itm/2019-20-Panini-Prizm-RC-ROOKIE-SILVER-DARIUS-GARLAND-PSA-10/362934629560?hash=item548096f4b8:g:~wMAAOSw7BBeYFZc
Mar-09 18:24,25,102.5,2019-2020 Panini Prizm Lebron James NBA Finalists #3 Silver Refractor! 🔥PSA 10?,https://www.ebay.com/itm/2019-2020-Panini-Prizm-Lebron-James-NBA-Finalists-3-Silver-Refractor-PSA-10/402134671658?hash=item5da118212a:g:HD0AAOSwsddeXbF7
Mar-09 18:11,18,660.01,ZION WILLIAMSON 2019-20 DONRUSS OPTIC RATED ROOKIE HOLO SILVER PRIZM PSA 10?,https://www.ebay.com/itm/ZION-WILLIAMSON-2019-20-DONRUSS-OPTIC-RATED-ROOKIE-HOLO-SILVER-PRIZM-PSA-10/392717729620?hash=item5b6fccff54:g:I2cAAOSwJe9eYvPm
Mar-09 17:47,6,10.0,2018-19 Panini Prizm DIRK NOWITZKI Dominance Silver Prizm PSA 10,https://www.ebay.com/itm/2018-19-Panini-Prizm-DIRK-NOWITZKI-Dominance-Silver-Prizm-PSA-10/174208810831?hash=item288fa77f4f:g:5fkAAOSwoMFeMSHH
Mar-09 16:23,30,62.0,Kevin Knox 2018-19 Panini Prizm #217 PSA 10 Gem Mint Silver Refractor Rookie RC,https://www.ebay.com/itm/Kevin-Knox-2018-19-Panini-Prizm-217-PSA-10-Gem-Mint-Silver-Refractor-Rookie-RC/352992530440?hash=item522ffe9008:g:YQAAAOSwVsJeYDhc
Mar-09 16:16,14,58.0,ZION WILLIAMSON 2019-20 Panini SILVER PRIZM REFRACTOR EMERGENT PSA 10? INVEST!,https://www.ebay.com/itm/ZION-WILLIAMSON-2019-20-Panini-SILVER-PRIZM-REFRACTOR-EMERGENT-PSA-10-INVEST/283804741023?hash=item421414ad9f:g:HrAAAOSwq-JeYDa7
Mar-09 16:12,2,22.5,2018 Panini Prizm Allonzo Trier Silver Prizm PSA 10 plus Extra,https://www.ebay.com/itm/2018-Panini-Prizm-Allonzo-Trier-Silver-Prizm-PSA-10-plus-Extra/352990087649?hash=item522fd949e1:g:BEcAAOSwc6deVp4h
Mar-09 14:43,10,26.0,2018-19 Select Silver Prizm #106 Grayson Allen Utah Jazz RC Rookie PSA 10,https://www.ebay.com/itm/2018-19-Select-Silver-Prizm-106-Grayson-Allen-Utah-Jazz-RC-Rookie-PSA-10/124104447917?hash=item1ce53397ad:g:aK8AAOSwxW9eQbDB
Mar-09 08:58,2,6.5,Cam Reddish 2019-20 Panini Prizm Draft Silver Prizm RC Rookie Card Home PSA 10??,https://www.ebay.com/itm/Cam-Reddish-2019-20-Panini-Prizm-Draft-Silver-Prizm-RC-Rookie-Card-Home-PSA-10/313015928401?hash=item48e1340651:g:0o0AAOSwTjdeWHt9
Mar-08 22:27,21,81.0,2016-17 PRIZM BASKETBALL BUDDY HIELD ROOKIE SILVER PRIZM PSA 10 RC [MJ],https://www.ebay.com/itm/2016-17-PRIZM-BASKETBALL-BUDDY-HIELD-ROOKIE-SILVER-PRIZM-PSA-10-RC-MJ/264655150722?hash=item3d9ead1e82:g:uA4AAOSw25FeXpYi
Mar-08 22:20,16,710.0,TRAE YOUNG 2018/19 PANINI PRIZM #78 RC ROOKIE SILVER PRIZMS PSA 10 GEM Flawless,https://www.ebay.com/itm/TRAE-YOUNG-2018-19-PANINI-PRIZM-78-RC-ROOKIE-SILVER-PRIZMS-PSA-10-GEM-Flawless/174210075072?hash=item288fbac9c0:g:xGwAAOSwahheXznt
Mar-08 22:19,18,179.0,Collin Sexton 2018-19 Panini Prizm #170 Rookie Silver Prizms Refracor PSA 10 5B,https://www.ebay.com/itm/Collin-Sexton-2018-19-Panini-Prizm-170-Rookie-Silver-Prizms-Refracor-PSA-10-5B/153853170728?hash=item23d25d1428:g:2XEAAOSwz2VeWeKK
Mar-08 21:45,46,428.0,2019-20 Panini Prizm Silver NBA Finalists LeBron James Cavaliers PSA 10 GEM MINT,https://www.ebay.com/itm/2019-20-Panini-Prizm-Silver-NBA-Finalists-LeBron-James-Cavaliers-PSA-10-GEM-MINT/362930941773?hash=item54805eaf4d:g:WpsAAOSwbTNeW9Kg
Mar-08 21:45,37,41.0,2019 Panini Prizm Silver Grant Williams RC Rookie AUTO PSA 10 GEM MINT POP 1,https://www.ebay.com/itm/2019-Panini-Prizm-Silver-Grant-Williams-RC-Rookie-AUTO-PSA-10-GEM-MINT-POP-1/372970926513?hash=item56d6ccb1b1:g:9BQAAOSwKWVeW-Jq
Mar-08 21:45,36,157.5,2019-20 Panini Prizm Silver #31 Trae Young Atlanta Hawks PSA 10 GEM MINT,https://www.ebay.com/itm/2019-20-Panini-Prizm-Silver-31-Trae-Young-Atlanta-Hawks-PSA-10-GEM-MINT/372970876375?hash=item56d6cbedd7:g:IN4AAOSwiEVeW9ON
Mar-08 21:42,59,401.0,2019-20 Panini Prizm Instant Impact SILVER Ja Morant Rookie RC PSA 10 Gem Mint,https://www.ebay.com/itm/2019-20-Panini-Prizm-Instant-Impact-SILVER-Ja-Morant-Rookie-RC-PSA-10-Gem-Mint/303501437753?hash=item46aa186b39:g:QMEAAOSwZhpeWJgY
Mar-08 21:30,31,123.5,2019-20 Panini Prizm Silver Finalists Stephen Curry Golden State Warriors PSA 10,https://www.ebay.com/itm/2019-20-Panini-Prizm-Silver-Finalists-Stephen-Curry-Golden-State-Warriors-PSA-10/372970874958?hash=item56d6cbe84e:g:W1wAAOSwkeFeW9K8
Mar-08 21:23,12,26.9,2x 2018-19 Panini Prizm Wendell Carter Jr Silver PSA 10 RC Lot 9 Chicago Bulls,https://www.ebay.com/itm/2x-2018-19-Panini-Prizm-Wendell-Carter-Jr-Silver-PSA-10-RC-Lot-9-Chicago-Bulls/184193644994?hash=item2ae2cbf9c2:g:vlIAAOSwZsdeXIls
Mar-08 21:07,28,480.0,2019-20 PANINI PRIZM LEBRON JAMES SILVER PRIZM #129 PSA 10 L.A. LAKERS READ!,https://www.ebay.com/itm/2019-20-PANINI-PRIZM-LEBRON-JAMES-SILVER-PRIZM-129-PSA-10-L-A-LAKERS-READ/303501411316?hash=item46aa1803f4:g:L4cAAOSw8MpeWI-o
Mar-08 21:05,15,77.0,2019-20 Panini Prizm Silver #252 Jarrett Culver Timberwolves RC Rookie PSA 10,https://www.ebay.com/itm/2019-20-Panini-Prizm-Silver-252-Jarrett-Culver-Timberwolves-RC-Rookie-PSA-10/362930992257?hash=item54805f7481:g:uxYAAOSw~yJeW-M-
Mar-08 21:05,17,200.0,2018 Panini MICHAEL PORTER JR Rookie Silver Prizm PSA 10 Gem Mint Denver Nuggets,https://www.ebay.com/itm/2018-Panini-MICHAEL-PORTER-JR-Rookie-Silver-Prizm-PSA-10-Gem-Mint-Denver-Nuggets/193370581663?hash=item2d05c8ea9f:g:Od4AAOSw4ApeYTM8
Mar-08 21:04,54,325.0,2017 Panini Select #93 Silver Prizm Jayson Tatum Celtics RC Rookie PSA 10 GEM MT,https://www.ebay.com/itm/2017-Panini-Select-93-Silver-Prizm-Jayson-Tatum-Celtics-RC-Rookie-PSA-10-GEM-MT/184193631143?hash=item2ae2cbc3a7:g:1F4AAOSw44peXIU4
Mar-08 21:01,41,404.99,RJ Barrett 2019-20 Panini Prizm Silver Rookie RC #250 PSA 10 GEM MINT,https://www.ebay.com/itm/RJ-Barrett-2019-20-Panini-Prizm-Silver-Rookie-RC-250-PSA-10-GEM-MINT/372970878809?hash=item56d6cbf759:g:ZYIAAOSwWp9eW9Up
Mar-08 21:01,27,1277.55,Ja Morant 2019-20 Panini Prizm Silver Rookie RC #249 PSA 10 GEM MINT LOW POP,https://www.ebay.com/itm/Ja-Morant-2019-20-Panini-Prizm-Silver-Rookie-RC-249-PSA-10-GEM-MINT-LOW-POP/383443595421?hash=item594704f09d:g:cIQAAOSwChheW9TC
Mar-08 21:01,31,730.0,Trae Young 2018-19 Panini Prizm Silver Rookie RC #78 PSA 10 GEM MINT,https://www.ebay.com/itm/Trae-Young-2018-19-Panini-Prizm-Silver-Rookie-RC-78-PSA-10-GEM-MINT/383443643365?hash=item594705abe5:g:uhgAAOSwkBteW921
Mar-08 21:01,26,152.5,Jaren Jackson Jr 2018-19 Donruss Optic Silver Prizm Holo Rookie RC PSA 10 GEM MT,https://www.ebay.com/itm/Jaren-Jackson-Jr-2018-19-Donruss-Optic-Silver-Prizm-Holo-Rookie-RC-PSA-10-GEM-MT/372970892317?hash=item56d6cc2c1d:g:IRgAAOSwFIpeW9nA
Mar-08 21:01,26,152.5,Russell Westbrook 2012-13 Panini Prizm Team USA Silver PSA 10 GEM MINT POP 1,https://www.ebay.com/itm/Russell-Westbrook-2012-13-Panini-Prizm-Team-USA-Silver-PSA-10-GEM-MINT-POP-1/362930954123?hash=item54805edf8b:g:RsgAAOSwNlVeW9W4
Mar-08 20:54,14,37.88,2018 Prizm STEPHEN CURRY silver Warriors 528 PSA 10 GEM MT,https://www.ebay.com/itm/2018-Prizm-STEPHEN-CURRY-silver-Warriors-528-PSA-10-GEM-MT/383447241485?hash=item59473c930d:g:ETUAAOSwcBleWXH7
Mar-08 20:41,24,39.0,Marquese Chriss 2016-17 Prizm Blue Wave Refractor Silver RC Rookie PSA 10 48/99,https://www.ebay.com/itm/Marquese-Chriss-2016-17-Prizm-Blue-Wave-Refractor-Silver-RC-Rookie-PSA-10-48-99/254527596459?hash=item3b4306e7ab:g:d98AAOSwWu5eW6j2
Mar-08 20:33,10,23.5,2017 Prizm GIANNIS ANTETOKOUNMPO Get Hyped silver Bucks PSA 10 GEM MT,https://www.ebay.com/itm/2017-Prizm-GIANNIS-ANTETOKOUNMPO-Get-Hyped-silver-Bucks-PSA-10-GEM-MT/383447241525?hash=item59473c9335:g:mB8AAOSwoXZeWXJY
Mar-08 20:33,32,306.01,DE'AARON FOX 2017/18 PANINI PRIZM RC ROOKIE SILVER PRIZMS SP PSA 10 GEM MINT,https://www.ebay.com/itm/DEAARON-FOX-2017-18-PANINI-PRIZM-RC-ROOKIE-SILVER-PRIZMS-SP-PSA-10-GEM-MINT/293497720647?hash=item4455d3cf47:g:0QUAAOSwPf1eXG5S
Mar-08 20:15,7,265.0,2016-17 Panini Optic (Holo/Silver Prizm) SSP Giannis Antetokounmpo (PSA 10),https://www.ebay.com/itm/2016-17-Panini-Optic-Holo-Silver-Prizm-SSP-Giannis-Antetokounmpo-PSA-10/202920133461?hash=item2f3efb8355:g:SooAAOSwpeBeSUHW
Mar-08 20:11,18,41.09,Harry Giles 2017-18 Panini Prizm Silver Rc Rookie Refractor PSA 10 Gem Mint Hot,https://www.ebay.com/itm/Harry-Giles-2017-18-Panini-Prizm-Silver-Rc-Rookie-Refractor-PSA-10-Gem-Mint-Hot/254527476764?hash=item3b4305141c:g:TDMAAOSwv-5eW4Rf
Mar-08 20:10,13,183.5,Anfernee Simons 2018-19 Panini Prizm Silver Rc Rookie PSA 10 3X Lots Gem Mint SP,https://www.ebay.com/itm/Anfernee-Simons-2018-19-Panini-Prizm-Silver-Rc-Rookie-PSA-10-3X-Lots-Gem-Mint-SP/254527474969?hash=item3b43050d19:g:DMMAAOSwZsdeW4Oe
Mar-08 20:09,11,36.0,Yuta Watanabe 2018-19 Panini Prizm Blue Silver Cracked Ice Rc Rookie PSA 10 */99,https://www.ebay.com/itm/Yuta-Watanabe-2018-19-Panini-Prizm-Blue-Silver-Cracked-Ice-Rc-Rookie-PSA-10-99/254527472271?hash=item3b4305028f:g:gFUAAOSwxMFeW4LH
Mar-08 20:08,22,60.1,Moritz Wagner 2018-19 Panini Prizm Blue Silver Cracked Ice Rc Rookie PSA 10 */99,https://www.ebay.com/itm/Moritz-Wagner-2018-19-Panini-Prizm-Blue-Silver-Cracked-Ice-Rc-Rookie-PSA-10-99/254527471273?hash=item3b4304fea9:g:VF0AAOSwCEheW4J8
Mar-08 20:00,21,187.5,2017-18 Panini Prizm Silver #9 Ben Simmons Philadelphia 76ers RC Rookie PSA 10,https://www.ebay.com/itm/2017-18-Panini-Prizm-Silver-9-Ben-Simmons-Philadelphia-76ers-RC-Rookie-PSA-10/114136209687?hash=item1a930c5917:g:sqAAAOSw~QdeSj9r
Mar-08 20:00,7,13.5,2017-18 Panini Prizm FRANK NTILIKINA Silver Refractor Auto PSA 10 Gem Mint!,https://www.ebay.com/itm/2017-18-Panini-Prizm-FRANK-NTILIKINA-Silver-Refractor-Auto-PSA-10-Gem-Mint/264652934760?hash=item3d9e8b4e68:g:W38AAOSwK5Vd0Yqc
Mar-08 19:59,19,1076.0,2017 Panini Prizm #16 Jayson Tatum RC Rookie Silver PSA 10 GEM MINT 28934445,https://www.ebay.com/itm/2017-Panini-Prizm-16-Jayson-Tatum-RC-Rookie-Silver-PSA-10-GEM-MINT-28934445/153847772211?hash=item23d20ab433:g:1VUAAOSwLrNeWIH8
Mar-08 19:58,32,380.0,2018-19 Select Trae Young RC Rookie Silver Prizm Auto /199 GEM PSA 10 Pop 11!,https://www.ebay.com/itm/2018-19-Select-Trae-Young-RC-Rookie-Silver-Prizm-Auto-199-GEM-PSA-10-Pop-11/324092194895?hash=item4b7566704f:g:WDMAAOSwXbZeXxjN
Mar-08 19:57,12,107.5,2017-18 Panini Prizm Silver Jonathan Isaac Rookie RC Gem Mint PSA 10 SPOTLESS!!!,https://www.ebay.com/itm/2017-18-Panini-Prizm-Silver-Jonathan-Isaac-Rookie-RC-Gem-Mint-PSA-10-SPOTLESS/184196941323?hash=item2ae2fe460b:g:LHwAAOSwHy5eXxiM
Mar-08 19:57,27,1975.0,LUKA DONCIC 2018/19 PANINI PRIZM #280 RC ROOKIE SILVER PRIZMS SP PSA 10 GEM MINT,https://www.ebay.com/itm/LUKA-DONCIC-2018-19-PANINI-PRIZM-280-RC-ROOKIE-SILVER-PRIZMS-SP-PSA-10-GEM-MINT/293497703673?hash=item4455d38cf9:g:gzYAAOSwGu5eXG4q
Mar-08 19:54,38,345.0,2018-19 Select Trae Young RC Rookie Silver Prizm GEM MINT PSA 10 Low Pop!,https://www.ebay.com/itm/2018-19-Select-Trae-Young-RC-Rookie-Silver-Prizm-GEM-MINT-PSA-10-Low-Pop/324092192133?hash=item4b75666585:g:cUsAAOSwlgVeXxhH
Mar-08 19:54,28,178.5,2018-19 Panini Prizm Silver Collin Sexton PSA 10 Gem Mint,https://www.ebay.com/itm/2018-19-Panini-Prizm-Silver-Collin-Sexton-PSA-10-Gem-Mint/174207672942?hash=item288f96226e:g:dkMAAOSwz8teXHUo
Mar-08 19:52,21,71.0,2018-19 Panini Prizm Silver Lonnie Walker IV PSA 10 Gem Mint,https://www.ebay.com/itm/2018-19-Panini-Prizm-Silver-Lonnie-Walker-IV-PSA-10-Gem-Mint/313015269614?hash=item48e129f8ee:g:V08AAOSw8QReXHQT
Mar-08 19:29,1,39.99,2019 Panini Prizm Draft  Cam Reddish RC #74 Silver Prizm PSA 10 Atlanta Hawks DP,https://www.ebay.com/itm/2019-Panini-Prizm-Draft-Cam-Reddish-RC-74-Silver-Prizm-PSA-10-Atlanta-Hawks-DP/114136287966?hash=item1a930d8ade:g:c70AAOSw3iFeSfoi
Mar-08 19:26,5,51.0,PSA 10 GEM MINT 2015 PANINI SELECT SILVER PRIZM KOBE BRYANT POP 11 CARD #7,https://www.ebay.com/itm/PSA-10-GEM-MINT-2015-PANINI-SELECT-SILVER-PRIZM-KOBE-BRYANT-POP-11-CARD-7/124105957253?hash=item1ce54a9f85:g:KGYAAOSwsKReXxGf
Mar-08 19:22,1,24.99,2018 PANINI PRIZM 25 DEANDRE AYTON FRESHMAN PHENOMS SILVER GEM MINT PSA 10!,https://www.ebay.com/itm/2018-PANINI-PRIZM-25-DEANDRE-AYTON-FRESHMAN-PHENOMS-SILVER-GEM-MINT-PSA-10/143546806729?hash=item216c0e71c9:g:GzsAAOSwvXNeXrVz
Mar-08 19:18,27,97.0,#61 silver prizm  COBY WHITE  rc  2019 PANINI  prizm  DP   PSA 10,https://www.ebay.com/itm/61-silver-prizm-COBY-WHITE-rc-2019-PANINI-prizm-DP-PSA-10/153847215082?hash=item23d20233ea:g:7vcAAOSwM6heV8~k
Mar-08 19:15,21,1624.0,Zion Williamson Prizm Silver RC BGS 9.5 True Gem PSA 10?,https://www.ebay.com/itm/Zion-Williamson-Prizm-Silver-RC-BGS-9-5-True-Gem-PSA-10/372973871504?hash=item56d6f9a190:g:i2gAAOSwZhpeXtK3
Mar-08 19:13,32,131.38,2019 Panini Prizm NBA Finalists #6 Stephen Curry SILVER PRIZM SP PSA 10 GEM MINT,https://www.ebay.com/itm/2019-Panini-Prizm-NBA-Finalists-6-Stephen-Curry-SILVER-PRIZM-SP-PSA-10-GEM-MINT/274285845732?hash=item3fdcb5dce4:g:1HIAAOSwC29eVJ0A
Mar-08 19:08,16,127.5,2019 Panini Prizm #274 Kevin Porter Jr. SILVER PRIZM ROOKIE RC PSA 10 GEM MINT,https://www.ebay.com/itm/2019-Panini-Prizm-274-Kevin-Porter-Jr-SILVER-PRIZM-ROOKIE-RC-PSA-10-GEM-MINT/274285845041?hash=item3fdcb5da31:g:jHIAAOSwYBpeVJyq
Mar-08 19:03,31,102.59,2019 Panini Prizm #273 Keldon Johnson SILVER PRIZM ROOKIE RC PSA 10 GEM MINT,https://www.ebay.com/itm/2019-Panini-Prizm-273-Keldon-Johnson-SILVER-PRIZM-ROOKIE-RC-PSA-10-GEM-MINT/274285844475?hash=item3fdcb5d7fb:g:YA0AAOSwQ0teVJxX
Mar-08 19:01,22,100.0,2019 PANINI PRIZM DRAFT PICKS 65 JA MORANT SILVER PRIZM GEM MINT PSA 10!,https://www.ebay.com/itm/2019-PANINI-PRIZM-DRAFT-PICKS-65-JA-MORANT-SILVER-PRIZM-GEM-MINT-PSA-10/184196615139?hash=item2ae2f94be3:g:vUAAAOSwgOdeHiiC
Mar-08 19:00,40,1960.09,2019-20 Donruss Optic Zion Williamson RC #158 Holo Silver Prizm PSA 10 Gem Mint,https://www.ebay.com/itm/2019-20-Donruss-Optic-Zion-Williamson-RC-158-Holo-Silver-Prizm-PSA-10-Gem-Mint/352993061973?hash=item523006ac55:g:qbsAAOSw6v1eYPpB
Mar-08 19:00,1,39.99,2015-16 Panini Prizm Prizms Silver #364 Stephen Curry AS PSA 10 GEM MINT,https://www.ebay.com/itm/2015-16-Panini-Prizm-Prizms-Silver-364-Stephen-Curry-AS-PSA-10-GEM-MINT/283799961585?hash=item4213cbbff1:g:jIsAAOSwHc9eWskv
Mar-08 18:58,20,134.51,2019 Panini Prizm #266 Brandon Clarke SILVER PRIZM ROOKIE RC PSA 10 GEM MINT,https://www.ebay.com/itm/2019-Panini-Prizm-266-Brandon-Clarke-SILVER-PRIZM-ROOKIE-RC-PSA-10-GEM-MINT/274285843940?hash=item3fdcb5d5e4:g:jlwAAOSwnkReVJwD
Mar-08 18:55,27,314.0,2016-17 Panini Prizm LeBron James Silver Prizm Refractor PSA 10 GEM MINT #31 WOW,https://www.ebay.com/itm/2016-17-Panini-Prizm-LeBron-James-Silver-Prizm-Refractor-PSA-10-GEM-MINT-31-WOW/184193525469?hash=item2ae2ca26dd:g:Y~8AAOSwVZBeXGdi
Mar-08 18:53,20,71.0,2019 Panini Prizm #263 Nickeil Alexander-Walk,https://www.ebay.com/itm/2019-Panini-Prizm-263-Nickeil-Alexander-Walker-SILVER-PRIZM-ROOKIE-RC-PSA-10/274285843202?hash=item3fdcb5d302:g:1WkAAOSwRiJeVJub
Mar-08 18:48,24,47.0,2019 Panini Prizm #257 Cameron Johnson SILVER PRIZM ROOKIE RC PSA 10 GEM MINT,https://www.ebay.com/itm/2019-Panini-Prizm-257-Cameron-Johnson-SILVER-PRIZM-ROOKIE-RC-PSA-10-GEM-MINT/274285842352?hash=item3fdcb5cfb0:g:Jn4AAOSwM71eVJs1
Mar-08 18:43,2,15.5,2019 PANINI PRIZM DRAFT PICKS 69 JARRETT CULVER SILVER PRIZM GEM MINT PSA 10!,https://www.ebay.com/itm/2019-PANINI-PRIZM-DRAFT-PICKS-69-JARRETT-CULVER-SILVER-PRIZM-GEM-MINT-PSA-10/143546416480?hash=item216c087d60:g:OQAAAOSwk8JeHgYd
Mar-08 18:41,54,1180.09,2019-20 Panini Prizm 249 Ja Morant RC Rookie Silver Prizm PSA 10 45655143,https://www.ebay.com/itm/2019-20-Panini-Prizm-249-Ja-Morant-RC-Rookie-Silver-Prizm-PSA-10-45655143/153850770580?hash=item23d2387494:g:NxAAAOSwpB5eXGRD
Mar-08 18:38,6,16.0,2017 PANINI PRIZM 17 SEMI OJELEYE SILVER PRIZM GEM MINT PSA 10!,https://www.ebay.com/itm/2017-PANINI-PRIZM-17-SEMI-OJELEYE-SILVER-PRIZM-GEM-MINT-PSA-10/184196276562?hash=item2ae2f42152:g:G6QAAOSwBsleF8EH
Mar-08 18:18,10,67.0,2018 Panini Prizm Giannis Antetokounmpo Silver Refractor PSA 10,https://www.ebay.com/itm/2018-Panini-Prizm-Giannis-Antetokounmpo-Silver-Refractor-PSA-10/264653168017?hash=item3d9e8edd91:g:Tt8AAOSw~npeXFzd
Mar-08 18:04,41,197.5,2019 PANINI PRIZM DRAFT PICKS 2 JA MORANT SILVER PRIZM GEM MINT PSA 10!,https://www.ebay.com/itm/2019-PANINI-PRIZM-DRAFT-PICKS-2-JA-MORANT-SILVER-PRIZM-GEM-MINT-PSA-10/184196615132?hash=item2ae2f94bdc:g:q4EAAOSwcVdeTgrB
Mar-08 17:59,11,38.0,2018 Panini Prizm Mikal Bridges Silver Prizm Rookie PSA 10 RC,https://www.ebay.com/itm/2018-Panini-Prizm-Mikal-Bridges-Silver-Prizm-Rookie-PSA-10-RC/264653133084?hash=item3d9e8e551c:g:B18AAOSwqkxeXFMv
Mar-08 17:58,1,9.99,2017 Panini Prizm Vince Carter Silver Refractor PSA 10,https://www.ebay.com/itm/2017-Panini-Prizm-Vince-Carter-Silver-Refractor-PSA-10/264653128185?hash=item3d9e8e41f9:g:OaEAAOSwDKheXFJS
Mar-08 17:55,11,31.55,2018 Panini Prizm Robert Williams III Rookie Silver Prizm PSA 10,https://www.ebay.com/itm/2018-Panini-Prizm-Robert-Williams-III-Rookie-Silver-Prizm-PSA-10/264653123755?hash=item3d9e8e30ab:g:0woAAOSwd5FeXFEI
Mar-08 17:54,46,137.57,2018 Panini Prizm Donte DiVincenzo Rookie Silver PSA 10 RC,https://www.ebay.com/itm/2018-Panini-Prizm-Donte-DiVincenzo-Rookie-Silver-PSA-10-RC/264653120274?hash=item3d9e8e2312:g:QUgAAOSwk8ReXFAe
Mar-08 17:53,23,266.0,2019 Panini Prizm Draft Picks Zion Williamson Silver Prizm Rookie PSA 10,https://www.ebay.com/itm/2019-Panini-Prizm-Draft-Picks-Zion-Williamson-Silver-Prizm-Rookie-PSA-10/264653117353?hash=item3d9e8e17a9:g:XD8AAOSwpcBeXE9X
Mar-08 17:16,16,170.0,2018 Panini Prizm #32 Michael Porter Jr. Silver Prizm RC PSA 10 Gem Mint Rookie,https://www.ebay.com/itm/2018-Panini-Prizm-32-Michael-Porter-Jr-Silver-Prizm-RC-PSA-10-Gem-Mint-Rookie/164106505115?hash=item2635828b9b:g:o~sAAOSwebVeXE~2
Mar-08 17:08,22,152.5,Jaren Jackson Jr. PSA 10 2018-19 Panini Prizm Silver Prizms Rookie #66 Grizzlies,https://www.ebay.com/itm/Jaren-Jackson-Jr-PSA-10-2018-19-Panini-Prizm-Silver-Prizms-Rookie-66-Grizzlies/233511623817?hash=item365e609c89:g:JnwAAOSwY4NeWNuV
Mar-08 17:08,24,280.0,Zion Williamson PSA 10 2019-20 Panini Prizm Draft Picks Silver Rookie RC #64,https://www.ebay.com/itm/Zion-Williamson-PSA-10-2019-20-Panini-Prizm-Draft-Picks-Silver-Rookie-RC-64/233511623819?hash=item365e609c8b:g:WwIAAOSwxv1eWNt1
Mar-08 17:08,9,68.0,Trae Young PSA 10 2018-19 Panini Prizm Freshman Phenoms Silver Rookie RC Hawks,https://www.ebay.com/itm/Trae-Young-PSA-10-2018-19-Panini-Prizm-Freshman-Phenoms-Silver-Rookie-RC-Hawks/233511623823?hash=item365e609c8f:g:M7EAAOSwEGVeU4NJ
Mar-08 15:39,27,152.5,2019-20 Prizm Silver Luck of The Lottery Ja Morant Grizzlies RC Rookie PSA 10,https://www.ebay.com/itm/2019-20-Prizm-Silver-Luck-of-The-Lottery-Ja-Morant-Grizzlies-RC-Rookie-PSA-10/313012085549?hash=item48e0f9632d:g:gXMAAOSwDwleWET4
Mar-08 15:17,1,40.0,2018 Select Anfernee Simons Rookie RC Silver Scope Prizm PSA 10 Gem Mint POP 1,https://www.ebay.com/itm/2018-Select-Anfernee-Simons-Rookie-RC-Silver-Scope-Prizm-PSA-10-Gem-Mint-POP-1/133349100258?hash=item1f0c39cae2:g:zmcAAOSwsQlePeOf
Mar-08 15:13,9,26.0,2018-19 Prizm Collin Sexton Emergent Silver Prizm Rookie PSA 10 Gem Mint RC,https://www.ebay.com/itm/2018-19-Prizm-Collin-Sexton-Emergent-Silver-Prizm-Rookie-PSA-10-Gem-Mint-RC/143545214338?hash=item216bf62582:g:eSYAAOSwP5pePZiX
Mar-08 14:45,12,11.5,2019-20 Donruss Optic PJ Washington JR Silver Prizm #152 Rated Rookie. PSA 10?,https://www.ebay.com/itm/2019-20-Donruss-Optic-PJ-Washington-JR-Silver-Prizm-152-Rated-Rookie-PSA-10/333532440271?hash=item4da81526cf:g:l80AAOSw9PNeXCzB
Mar-08 14:28,24,138.5,2018 Panini Prizm DeAndre Ayton Silver PSA 10!,https://www.ebay.com/itm/2018-Panini-Prizm-DeAndre-Ayton-Silver-PSA-10/264652977548?hash=item3d9e8bf58c:g:wu0AAOSwiuVeW2AL
Mar-08 14:20,1,45.0,GIANNIS ANTETOKOUNMPO 2017 OPTIC FAST BREAK SILVER HOLO PRIZM PSA 10 GEM MINT,https://www.ebay.com/itm/GIANNIS-ANTETOKOUNMPO-2017-OPTIC-FAST-BREAK-SILVER-HOLO-PRIZM-PSA-10-GEM-MINT/143545184810?hash=item216bf5b22a:g:ckwAAOSwsFheNbbf
Mar-08 14:13,10,92.0,2017-18 Panini Prizm Jayson Tatum RC #EM-JAY Silver Prizm Emergent PSA 10,https://www.ebay.com/itm/2017-18-Panini-Prizm-Jayson-Tatum-RC-EM-JAY-Silver-Prizm-Emergent-PSA-10/124099536785?hash=item1ce4e8a791:g:8fQAAOSwLlleWC4E
Mar-08 13:19,19,1108.88,2017-18 Jayson Tatum Panini Prizm Silver Prizm RC PSA 10 Gem Mint,https://www.ebay.com/itm/2017-18-Jayson-Tatum-Panini-Prizm-Silver-Prizm-RC-PSA-10-Gem-Mint/184193200436?hash=item2ae2c53134:g:9w0AAOSwuxZeXBi8
Mar-08 09:44,25,260.0,2017-18 Panini Prizm Silver #24 De'Aaron Fox Kings RC Rookie PSA 10 GEM MINT,https://www.ebay.com/itm/2017-18-Panini-Prizm-Silver-24-DeAaron-Fox-Kings-RC-Rookie-PSA-10-GEM-MINT/264652656607?epid=20024504315&hash=item3d9e870fdf:g:9J8AAOSw6NNeW-ZV
Mar-08 08:49,9,201.0,ZION WILLIAMSON 2019 PANINI PRIZM DP #64 SILVER prizm ROOKIE RC PSA 10,https://www.ebay.com/itm/ZION-WILLIAMSON-2019-PANINI-PRIZM-DP-64-SILVER-prizm-ROOKIE-RC-PSA-10/283797653439?hash=item4213a887bf:g:5SkAAOSweNVeV-Yr
Mar-07 20:07,29,1126.0,JAYSON TATUM 2017/18 PANINI PRIZM #16 RC ROOKIE SILVER PRIZMS SP PSA 10 GEM MINT,https://www.ebay.com/itm/JAYSON-TATUM-2017-18-PANINI-PRIZM-16-RC-ROOKIE-SILVER-PRIZMS-SP-PSA-10-GEM-MINT/352987840114?hash=item522fb6fe72:g:YVIAAOSwsWleWyO5
Mar-07 20:05,10,20.5,KAREEM ABDUL-JABBAR 2013/14 PANINI PRIZM #231 SILVER PRIZMS SP PSA 10 GEM MINT,https://www.ebay.com/itm/KAREEM-ABDUL-JABBAR-2013-14-PANINI-PRIZM-231-SILVER-PRIZMS-SP-PSA-10-GEM-MINT/293496648170?hash=item4455c371ea:g:E9UAAOSwn2leWyO2
Mar-07 19:42,13,130.0,2019-20 Kevin Porter Jr Silver Prizm PSA 10 RC Cavs,https://www.ebay.com/itm/2019-20-Kevin-Porter-Jr-Silver-Prizm-PSA-10-RC-Cavs/193364116861?hash=item2d0566457d:g:8-4AAOSwKAJeWubb
Mar-07 18:30,29,908.0,LUKA DONCIC 2018-19 Panini Prizm RC #280 PINK ICE PSA 10 Lower Pop Than Silver,https://www.ebay.com/itm/LUKA-DONCIC-2018-19-Panini-Prizm-RC-280-PINK-ICE-PSA-10-Lower-Pop-Than-Silver/333531499838?hash=item4da806cd3e:g:bWAAAOSwvRJeN0a6
Mar-07 18:25,11,49.0,2018-2019 Panini Prizm Kevin Huerter RC Rookie Silver Prizm PSA 10 GEM MT!!,https://www.ebay.com/itm/2018-2019-Panini-Prizm-Kevin-Huerter-RC-Rookie-Silver-Prizm-PSA-10-GEM-MT/223932260321?hash=item3423671fe1:g:qKYAAOSw1tVeWxz5
Mar-07 18:11,13,52.0,2018-2019 Panini Prizm Kevin Huerter RC Rookie Silver Prizm PSA 10 GEM MT!!,https://www.ebay.com/itm/2018-2019-Panini-Prizm-Kevin-Huerter-RC-Rookie-Silver-Prizm-PSA-10-GEM-MT/223932252563?hash=item3423670193:g:5GIAAOSwr6deWxmw
Mar-07 18:03,18,67.0,2014 Panini Select Basketball LeBron James Blue Silver Prizm #119 Psa 10,https://www.ebay.com/itm/2014-Panini-Select-Basketball-LeBron-James-Blue-Silver-Prizm-119-Psa-10/114130185688?hash=item1a92b06dd8:g:GXsAAOSw6qheVcaZ
Mar-07 17:38,59,1825.02,2019-20 Donruss Optic Zion Williamson RC #158 Holo Silver Prizm PSA 10 Gem Mint,https://www.ebay.com/itm/2019-20-Donruss-Optic-Zion-Williamson-RC-158-Holo-Silver-Prizm-PSA-10-Gem-Mint/174206540330?hash=item288f84da2a:g:E98AAOSwP2ZeWXuo
Mar-07 15:54,13,1860.0,Luka Doncic 2018 Panini Prizm SILVER Rookie Rc GEM MINT PSA 10 Dallas Mavericks,https://www.ebay.com/itm/Luka-Doncic-2018-Panini-Prizm-SILVER-Rookie-Rc-GEM-MINT-PSA-10-Dallas-Mavericks/264654349414?hash=item3d9ea0e466:g:LNsAAOSw7RJeXZyH
Mar-07 12:32,17,102.5,2018-2019 Panini Prizm Luka Doncic Freshman Phenoms Silver Prizm #23 PSA 10,https://www.ebay.com/itm/2018-2019-Panini-Prizm-Luka-Doncic-Freshman-Phenoms-Silver-Prizm-23-PSA-10/223932006456?hash=item3423634038:g:j30AAOSwPKReWso2
Mar-07 05:53,31,350.0,Lot of (2) 2018-19 Panini Prizm COLLIN SEXTON Silver Prizm PSA 10 Gem Mint!,https://www.ebay.com/itm/Lot-of-2-2018-19-Panini-Prizm-COLLIN-SEXTON-Silver-Prizm-PSA-10-Gem-Mint/264651371360?hash=item3d9e737360:g:FKoAAOSwhEdeWmzK
Mar-07 00:02,7,39.26,2017 Panini Prizm Harry Giles SILVER PRIZM ROOKIE RC #28 PSA 10 GEM MINT,https://www.ebay.com/itm/2017-Panini-Prizm-Harry-Giles-SILVER-PRIZM-ROOKIE-RC-28-PSA-10-GEM-MINT/233511981081?hash=item365e661019:g:6X0AAOSw92heVgQ0
Mar-06 20:34,17,45.0,2017 Panini Prizm Josh Jackson Silver Prizm RC PSA 10 Gem Mint,https://www.ebay.com/itm/2017-Panini-Prizm-Josh-Jackson-Silver-Prizm-RC-PSA-10-Gem-Mint/352986819812?hash=item522fa76ce4:g:tWUAAOSwVrZeWenL
Mar-06 20:32,4,1.25,2019-20 Panini Prizm LaMarcus Aldridge Silver Prizm PSA 10?,https://www.ebay.com/itm/2019-20-Panini-Prizm-LaMarcus-Aldridge-Silver-Prizm-PSA-10/233509658659?hash=item365e42a023:g:fAYAAOSwqkxeWelN
Mar-06 20:29,16,33.0,2018-19 Panini Prizm Basketball Rookie Silver Prizm #37 SP RC Josh Okogie PSA 10,https://www.ebay.com/itm/2018-19-Panini-Prizm-Basketball-Rookie-Silver-Prizm-37-SP-RC-Josh-Okogie-PSA-10/333530536691?hash=item4da7f81af3:g:EDEAAOSwuhZeWegl
Mar-06 20:24,13,33.0,2018-19 Panini Prizm Basketball Rookie Silver #289 RC Suns Mikal Bridges PSA 10,https://www.ebay.com/itm/2018-19-Panini-Prizm-Basketball-Rookie-Silver-289-RC-Suns-Mikal-Bridges-PSA-10/333530534396?hash=item4da7f811fc:g:jXkAAOSwKWVeWbrb
Mar-06 19:30,19,28.0,2017-18 Panini Prizm Silver Prizms Dennis Smith Jr #99 PSA 10 Rookie Card RC,https://www.ebay.com/itm/2017-18-Panini-Prizm-Silver-Prizms-Dennis-Smith-Jr-99-PSA-10-Rookie-Card-RC/233502989108?hash=item365ddcdb34:g:xO8AAOSwYrZeUPVh
Mar-06 19:15,30,137.5,BRANDON INGRAM 2016/17 PANINI SELECT #91 RC SILVER PRIZMS PSA 10 GEM MINT $400+,https://www.ebay.com/itm/BRANDON-INGRAM-2016-17-PANINI-SELECT-91-RC-SILVER-PRIZMS-PSA-10-GEM-MINT-400/293495585339?hash=item4455b33a3b:g:3gIAAOSwPp9eWYnn
Mar-06 19:00,23,53.0,2017-18 Panini Prizm Fast Break Silver Rookie John Collins RC SP PSA 10 Gem Mint,https://www.ebay.com/itm/2017-18-Panini-Prizm-Fast-Break-Silver-Rookie-John-Collins-RC-SP-PSA-10-Gem-Mint/124097410938?hash=item1ce4c8377a:g:q48AAOSwiI1eVd5Z
Mar-06 18:00,53,276.0,Tyler Herro RC 2019-20 Prizm Silver Prizm PSA 10 HEAT,https://www.ebay.com/itm/Tyler-Herro-RC-2019-20-Prizm-Silver-Prizm-PSA-10-HEAT/223933384245?hash=item3423784635:g:k2AAAOSwOL9eXFvZ
Mar-06 17:00,18,330.0,Trae Young 2018-19 Panini Select Silver Prizm Rookie RC #45 PSA 10 GEM MINT,https://www.ebay.com/itm/Trae-Young-2018-19-Panini-Select-Silver-Prizm-Rookie-RC-45-PSA-10-GEM-MINT/133346307414?hash=item1f0c0f2d56:g:YNYAAOSwv-leWB0V
Mar-06 16:02,22,86.0,GIANNIS ANTETOKOUNMPO 2018-19 Panini Prizm SILVER Refractor PSA 10 Gem Mint #296,https://www.ebay.com/itm/GIANNIS-ANTETOKOUNMPO-2018-19-Panini-Prizm-SILVER-Refractor-PSA-10-Gem-Mint-296/324089622985?hash=item4b753f31c9:g:h~4AAOSwYgheXEzk
Mar-06 16:00,7,79.0,2016-17 Kawhi Leonard Panini Prizm Silver Prizm PSA 10 Gem Mint SP,https://www.ebay.com/itm/2016-17-Kawhi-Leonard-Panini-Prizm-Silver-Prizm-PSA-10-Gem-Mint-SP/202916697381?hash=item2f3ec71525:g:uvUAAOSwZ3JeWVLD
Mar-06 13:02,32,130.0,2019-20 Panini Prizm Draft Picks Ja Morant Silver Rookie Card PSA 10 GEM MINT,https://www.ebay.com/itm/2019-20-Panini-Prizm-Draft-Picks-Ja-Morant-Silver-Rookie-Card-PSA-10-GEM-MINT/153848502029?hash=item23d215d70d:g:IsEAAOSw-exeWX--
Mar-06 11:35,12,131.5,2018 Panini Prizm #6 Silver Prizm Lebron James Los Angeles Lakers PSA 10 GEM MT,https://www.ebay.com/itm/2018-Panini-Prizm-6-Silver-Prizm-Lebron-James-Los-Angeles-Lakers-PSA-10-GEM-MT/362926060550?hash=item5480143406:g:GYIAAOSwCedeVXbU
Mar-06 11:15,15,122.5,2018 Panini Prizm #6 Silver Prizm Lebron James Los Angeles Lakers PSA 10 GEM MT,https://www.ebay.com/itm/2018-Panini-Prizm-6-Silver-Prizm-Lebron-James-Los-Angeles-Lakers-PSA-10-GEM-MT/362926048536?hash=item5480140518:g:mNYAAOSw9-ZeVXIw
Mar-06 11:14,11,131.5,2018 Panini Prizm #6 Silver Prizm Lebron James Los Angeles Lakers PSA 10 GEM MT,https://www.ebay.com/itm/2018-Panini-Prizm-6-Silver-Prizm-Lebron-James-Los-Angeles-Lakers-PSA-10-GEM-MT/383436832459?hash=item59469dbecb:g:o3cAAOSwpr9eVXHo
Mar-06 11:13,17,68.23,2017 Panini Select #122 Silver Prizm Lebron James Cleveland Cavaliers PSA 10,https://www.ebay.com/itm/2017-Panini-Select-122-Silver-Prizm-Lebron-James-Cleveland-Cavaliers-PSA-10/383436831931?hash=item59469dbcbb:g:3X0AAOSwB7peVXGp
Mar-06 10:09,3,22.51,Robert Williams 2018 Prizm PURPLE WAVE Rookie Rc GEM MINT PSA 10 no silver,https://www.ebay.com/itm/Robert-Williams-2018-Prizm-PURPLE-WAVE-Rookie-Rc-GEM-MINT-PSA-10-no-silver/264652753269?hash=item3d9e888975:g:4IcAAOSwlyVeIMGR
Mar-06 10:08,1,17.99,Grayson Allen 2018 Prizm Silver Rookie Rc GEM MINT PSA 10,https://www.ebay.com/itm/Grayson-Allen-2018-Prizm-Silver-Rookie-Rc-GEM-MINT-PSA-10/264652752855?hash=item3d9e8887d7:g:O24AAOSwmjZeHkMN
Mar-06 09:53,3,26.0,Giannis Antetokounmpo 2018 Prizm Red White Blue GEM MINT PSA 10 no silver,https://www.ebay.com/itm/Giannis-Antetokounmpo-2018-Prizm-Red-White-Blue-GEM-MINT-PSA-10-no-silver/264652732577?hash=item3d9e8838a1:g:ojwAAOSw--9eOJD~
Mar-06 09:49,1,49.99,Tyler Herro 2019 Rookie Rc SILVER PRIZM GEM MINT PSA 10 Kentucky Miami Heat,https://www.ebay.com/itm/Tyler-Herro-2019-Rookie-Rc-SILVER-PRIZM-GEM-MINT-PSA-10-Kentucky-Miami-Heat/264652728166?hash=item3d9e882766:g:oJ4AAOSwg9ReJkbJ
Mar-06 08:11,21,79.0,2017 PANINI SELECT SILVER PRIZM PREMIER LEVEL #122 LEBRON JAMES PSA 10,https://www.ebay.com/itm/2017-PANINI-SELECT-SILVER-PRIZM-PREMIER-LEVEL-122-LEBRON-JAMES-PSA-10/193358657193?hash=item2d0512f6a9:g:ToQAAOSwfEJeNF6V
Mar-06 07:54,2,76.0,2018 Anfernee Simons Panini Silver Prizm #61 PSA 10 Gem Mint RC Refractor Rookie,https://www.ebay.com/itm/2018-Anfernee-Simons-Panini-Silver-Prizm-61-PSA-10-Gem-Mint-RC-Refractor-Rookie/313012951782?hash=item48e1069ae6:g:uZUAAOSw0i9eWTeT
Mar-05 21:07,42,1675.0,LUKA DONCIC PSA 10 GEM MINT ROOKIE SILVER PRIZMS #280 RC SP 2018-19 PANINI PRIZM,https://www.ebay.com/itm/LUKA-DONCIC-PSA-10-GEM-MINT-ROOKIE-SILVER-PRIZMS-280-RC-SP-2018-19-PANINI-PRIZM/352985725360?hash=item522f96b9b0:g:K94AAOSwiuVeWIqM
Mar-05 20:45,26,650.0,TRAE YOUNG 2018/19 PANINI PRIZM #78 RC ROOKIE SILVER PRIZMS SP PSA 10 GEM MINT,https://www.ebay.com/itm/TRAE-YOUNG-2018-19-PANINI-PRIZM-78-RC-ROOKIE-SILVER-PRIZMS-SP-PSA-10-GEM-MINT/352985700351?hash=item522f9657ff:g:LIoAAOSwZYdeWJhQ
Mar-05 20:40,7,33.0,2018-19 Panini Prizm Silver #217 Kevin Knox New York Knicks RC Rookie PSA 10,https://www.ebay.com/itm/2018-19-Panini-Prizm-Silver-217-Kevin-Knox-New-York-Knicks-RC-Rookie-PSA-10/362928077737?hash=item548032fba9:g:tkMAAOSwtyxeWCvC
Mar-05 20:40,30,30.0,2018-19 Panini Prizm Silver #274 Svi Mykhailiuk Lakers RC Rookie PSA 10 GEM MINT,https://www.ebay.com/itm/2018-19-Panini-Prizm-Silver-274-Svi-Mykhailiuk-Lakers-RC-Rookie-PSA-10-GEM-MINT/372968036723?hash=item56d6a09973:g:vvsAAOSw~9FeWCtF
Mar-05 20:40,16,26.22,2018-19 Panini Prizm Silver #189 Zhaire Smith 76ers RC Rookie PSA 10,https://www.ebay.com/itm/2018-19-Panini-Prizm-Silver-189-Zhaire-Smith-76ers-RC-Rookie-PSA-10/383439826202?hash=item5946cb6d1a:g:ZREAAOSw35ZeWCt8
Mar-05 20:40,30,132.5,2018-19 Panini Prizm Silver #288 Devonte Graham Hornets RC Rookie PSA 10,https://www.ebay.com/itm/2018-19-Panini-Prizm-Silver-288-Devonte-Graham-Hornets-RC-Rookie-PSA-10/372968035719?hash=item56d6a09587:g:RO8AAOSw4tBeWCqh
Mar-05 20:40,22,123.5,2017-18 Panini Prizm Silver #1 Markelle Fultz 76ers RC Rookie PSA 10 GEM MINT,https://www.ebay.com/itm/2017-18-Panini-Prizm-Silver-1-Markelle-Fultz-76ers-RC-Rookie-PSA-10-GEM-MINT/372968038330?hash=item56d6a09fba:g:kEwAAOSwtEleWCwD
Mar-05 20:27,19,127.5,2018-19 Panini Prizm Silver #6 LeBron James Los Angeles Lakers PSA 10 GEM MINT,https://www.ebay.com/itm/2018-19-Panini-Prizm-Silver-6-LeBron-James-Los-Angeles-Lakers-PSA-10-GEM-MINT/383439868091?hash=item5946cc10bb:g:CQkAAOSwNKReWDau
Mar-05 20:24,41,219.1,2017-18 Panini Prizm Silver #289 Lonzo Ball Lakers RC Rookie PSA 10 GEM MINT,https://www.ebay.com/itm/2017-18-Panini-Prizm-Silver-289-Lonzo-Ball-Lakers-RC-Rookie-PSA-10-GEM-MINT/383439922272?epid=15024226456&hash=item5946cce460:g:tDkAAOSwtpBeWEhM
Mar-05 20:23,28,55.0,2018-19 PRIZM ANFERNEE SIMONS SILVER PSA 10 GEM MINT RC BLAZERS 1 DAY AUCTION,https://www.ebay.com/itm/2018-19-PRIZM-ANFERNEE-SIMONS-SILVER-PSA-10-GEM-MINT-RC-BLAZERS-1-DAY-AUCTION/254531605216?hash=item3b434412e0:g:CgEAAOSwHlxeYH7T
Mar-05 20:10,19,320.0,2019-20 Prizm Draft Picks Basketball Zion Williamson RC Silver #1 PSA 10,https://www.ebay.com/itm/2019-20-Prizm-Draft-Picks-Basketball-Zion-Williamson-RC-Silver-1-PSA-10/383439678002?hash=item5946c92a32:g:FroAAOSw8nFeWAth
Mar-05 19:44,28,86.0,2016-17 Panini Prizm Silver Dejounte Murray #236 PSA 10 Rookie Card RC Spurs,https://www.ebay.com/itm/2016-17-Panini-Prizm-Silver-Dejounte-Murray-236-PSA-10-Rookie-Card-RC-Spurs/233502986489?hash=item365ddcd0f9:g:6dcAAOSw8LNeUPQH
Mar-05 19:28,54,180.0,2019-20 Panini Prizm Silver #8 Kobe Bryant Los Angeles Lakers PSA 10 GEM MINT,https://www.ebay.com/itm/2019-20-Panini-Prizm-Silver-8-Kobe-Bryant-Los-Angeles-Lakers-PSA-10-GEM-MINT/383439874574?hash=item5946cc2a0e:g:vugAAOSwvLteWDgl
Mar-05 18:41,23,142.5,2018 Panini Prizm Trae Young Mosaic Silver Refractor #93 Atlanta Hawks PSA 10,https://www.ebay.com/itm/2018-Panini-Prizm-Trae-Young-Mosaic-Silver-Refractor-93-Atlanta-Hawks-PSA-10/352987806948?hash=item522fb67ce4:g:4IMAAOSwvXNeVpfA
Mar-05 18:22,29,2225.0,2018-19 COMPLETE SET SILVER PRIZM (300) LUKA DONCIC PSA 10 RC TRAE YOUNG PSA 9,https://www.ebay.com/itm/2018-19-COMPLETE-SET-SILVER-PRIZM-300-LUKA-DONCIC-PSA-10-RC-TRAE-YOUNG-PSA-9/333531391140?hash=item4da80524a4:g:BbYAAOSwpeFeWuNE
Mar-05 18:16,21,380.0,2015-16 Panini Prizm Silver Karl-Anthony Towns #328 PSA 10 Rookie Card RC (COMC),https://www.ebay.com/itm/2015-16-Panini-Prizm-Silver-Karl-Anthony-Towns-328-PSA-10-Rookie-Card-RC-COMC/233502985759?hash=item365ddcce1f:g:OssAAOSwrhFeUPOL
Mar-05 17:51,15,31.0,3x 2019 PANINI PRIZM DRAFT PICKS DP #4 DE'ANDRE HUNTER SILVER PSA 10 & PSA 9,https://www.ebay.com/itm/3x-2019-PANINI-PRIZM-DRAFT-PICKS-DP-4-DEANDRE-HUNTER-SILVER-PSA-10-PSA-9/143542513936?hash=item216bccf110:g:jBwAAOSwIM5eSYCo
Mar-05 15:13,2,10.5,2016 Panini Prizm Dario Saric Silver Prizm PSA 10 Gem Mint Rookie RC,https://www.ebay.com/itm/2016-Panini-Prizm-Dario-Saric-Silver-Prizm-PSA-10-Gem-Mint-Rookie-RC/254525103366?hash=item3b42e0dd06:g:wXYAAOSwFZdd0Gai
Mar-05 15:04,3,31.0,2018 Panini Select Miles Bridges Premier RC Silver Prizm PSA 10 Gem Mint POP 2,https://www.ebay.com/itm/2018-Panini-Select-Miles-Bridges-Premier-RC-Silver-Prizm-PSA-10-Gem-Mint-POP-2/133346411567?hash=item1f0c10c42f:g:99QAAOSwEbhePeRl
Mar-05 15:03,1,206.0,2018 LUKA DONCIC PANINI PRIZM LUCK OF THE LOTTERY FB SILVER PSA 10 GEM MINT,https://www.ebay.com/itm/2018-LUKA-DONCIC-PANINI-PRIZM-LUCK-OF-THE-LOTTERY-FB-SILVER-PSA-10-GEM-MINT/133346411043?hash=item1f0c10c223:g:j3YAAOSwXk1eLeJY
Mar-05 15:00,3,55.0,COLLIN SEXTON 2018-19 2018 SELECT SILVER PRIZM CAVS ROOKIE RC PSA 10 GEM MINT,https://www.ebay.com/itm/COLLIN-SEXTON-2018-19-2018-SELECT-SILVER-PRIZM-CAVS-ROOKIE-RC-PSA-10-GEM-MINT/143542900225?hash=item216bd2d601:g:StsAAOSwCH9d9sGB
Mar-05 10:06,5,4.48,2018-19 Panini Prizm Silver #138 Robert Williams III RC CENTERED PSA 10? + BASE,https://www.ebay.com/itm/2018-19-Panini-Prizm-Silver-138-Robert-Williams-III-RC-CENTERED-PSA-10-BASE/264649421189?hash=item3d9e55b185:g:pdIAAOSwBO1ePyuK
Mar-05 09:41,18,2750.0,"2018-2019 RC Lot, Luka Doncic Blue Fast Break#’d/175,S",https://www.ebay.com/itm/2018-2019-RC-Lot-Luka-Doncic-Blue-Fast-Break-d-175-Silver-Prizm-Base-PSA-10/324090671257?hash=item4b754f3099:g:aMYAAOSwbn1eS~kb
Mar-05 09:05,23,99.0,2018-19 Panini PRIZM Luka Doncic!! FRSHMN PHNMS SILVER PRIZM! PSA 10!! RC ROOKIE,https://www.ebay.com/itm/2018-19-Panini-PRIZM-Luka-Doncic-FRSHMN-PHNMS-SILVER-PRIZM-PSA-10-RC-ROOKIE/114134562058?hash=item1a92f3350a:g:nZcAAOSw9jdeWpmo
Mar-05 08:59,19,415.0,2017-18 Panini SELECT Jayson Tatum SILVER PRIZM! PSA 10!! RC ROOKIE! Celtics!,https://www.ebay.com/itm/2017-18-Panini-SELECT-Jayson-Tatum-SILVER-PRIZM-PSA-10-RC-ROOKIE-Celtics/114134559189?hash=item1a92f329d5:g:GgEAAOSwAD5eWpfN
Mar-05 08:43,3,1500.0,2018-19 Panini Prizm Silver #280 Luka Doncic Mavericks RC Rookie PSA 10 GEM MINT,https://www.ebay.com/itm/2018-19-Panini-Prizm-Silver-280-Luka-Doncic-Mavericks-RC-Rookie-PSA-10-GEM-MINT/153854620555?hash=item23d273338b:g:XpgAAOSwI5FeYSf7
Mar-05 08:32,11,100.0,2018 Panini Prizm #181 Silver Prizm Marvin Bagley Kings RC Rookie PSA 10 GEM MT,https://www.ebay.com/itm/2018-Panini-Prizm-181-Silver-Prizm-Marvin-Bagley-Kings-RC-Rookie-PSA-10-GEM-MT/372964697752?hash=item56d66da698:g:wP0AAOSwoCFeU~qZ
Mar-05 08:07,1,90.0,2014-15 Panini Prizm JOEL EMBIID Variations Silver Prizm Rookie PSA 10 Gem Mint!,https://www.ebay.com/itm/2014-15-Panini-Prizm-JOEL-EMBIID-Variations-Silver-Prizm-Rookie-PSA-10-Gem-Mint/293494162537?hash=item44559d8469:g:CscAAOSwD5teIKxN
Mar-05 08:05,3,32.0,2019 Panini Prizm Draft Picks #74 Silver Prizm Cam Reddish RC Rookie PSA 10,https://www.ebay.com/itm/2019-Panini-Prizm-Draft-Picks-74-Silver-Prizm-Cam-Reddish-RC-Rookie-PSA-10/362924904039?hash=item5480028e67:g:9iEAAOSwIWBeU~Q-
Mar-05 08:04,10,58.0,2019 Panini Prizm Draft Picks #3 Silver Prizm Rj Barrett RC Rookie PSA 10 GEM MT,https://www.ebay.com/itm/2019-Panini-Prizm-Draft-Picks-3-Silver-Prizm-Rj-Barrett-RC-Rookie-PSA-10-GEM-MT/383435172725?hash=item5946846b75:g:0AYAAOSwQLZeU~QZ
Mar-05 08:03,7,34.0,2019 Panini Prizm Draft Picks #66 Silver Prizm Rj Barrett RC Rookie PSA 10,https://www.ebay.com/itm/2019-Panini-Prizm-Draft-Picks-66-Silver-Prizm-Rj-Barrett-RC-Rookie-PSA-10/372964681412?hash=item56d66d66c4:g:X6cAAOSwSydeU~PG
Mar-04 21:03,16,26.0,DENNIS SMITH JR. RC 2017-18 PANINI PRIZM SILVER PRIZM ROOKIE PSA 10 GEM MINT,https://www.ebay.com/itm/DENNIS-SMITH-JR-RC-2017-18-PANINI-PRIZM-SILVER-PRIZM-ROOKIE-PSA-10-GEM-MINT/333530566241?hash=item4da7f88e61:g:5-4AAOSwxNReWfCM
Mar-04 21:02,12,22.0,KEVIN KNOX RC 2018-19 PANINI PRIZM FASTBREAK SILVER PRIZM ROOKIE PSA 10 GEM MINT,https://www.ebay.com/itm/KEVIN-KNOX-RC-2018-19-PANINI-PRIZM-FASTBREAK-SILVER-PRIZM-ROOKIE-PSA-10-GEM-MINT/333530564021?hash=item4da7f885b5:g:euIAAOSwY~peWfA6
Mar-04 20:59,31,1575.0,2018-19 Panini Prizm Silver #280 Luka Doncic Mavericks RC Rookie PSA 10 RARE,https://www.ebay.com/itm/2018-19-Panini-Prizm-Silver-280-Luka-Doncic-Mavericks-RC-Rookie-PSA-10-RARE/383438544537?hash=item5946b7de99:g:QtoAAOSwJEFeVueY
Mar-04 20:59,26,44.0,COLLIN SEXTON RC 2018-19 PRIZM LUCK LOTTERY SILVER PRIZM ROOKIE PSA 10 GEM MINT,https://www.ebay.com/itm/COLLIN-SEXTON-RC-2018-19-PRIZM-LUCK-LOTTERY-SILVER-PRIZM-ROOKIE-PSA-10-GEM-MINT/264650986027?hash=item3d9e6d922b:g:H0kAAOSwZ3JeWe-C
Mar-04 20:36,13,145.0,DEANDRE AYTON 2018/19 PANINI PRIZM RC ROOKIE SILVER PRIZMS PSA 10 GEM MINT $600+,https://www.ebay.com/itm/DEANDRE-AYTON-2018-19-PANINI-PRIZM-RC-ROOKIE-SILVER-PRIZMS-PSA-10-GEM-MINT-600/293493540947?hash=item4455940853:g:X9EAAOSwYgheVv5j
Mar-04 20:32,13,142.0,2018-19 Panini Prizm Silver #279 DeAndre Ayton Suns RC Rookie PSA 10 GEM MINT,https://www.ebay.com/itm/2018-19-Panini-Prizm-Silver-279-DeAndre-Ayton-Suns-RC-Rookie-PSA-10-GEM-MINT/372967050316?hash=item56d6918c4c:g:Y-oAAOSwETxeVu2B
Mar-04 19:49,23,26.0,2018-19 Panini Prizm Silver Omari Spellman RC Rookie AUTO Hawks PSA 10,https://www.ebay.com/itm/2018-19-Panini-Prizm-Silver-Omari-Spellman-RC-Rookie-AUTO-Hawks-PSA-10/362927183473?hash=item5480255671:g:hYAAAOSwgaxeVu72
Mar-04 19:49,14,38.0,2017-18 Panini Prizm Silver #154 Jarrett Allen Brooklyn Nets RC Rookie PSA 10,https://www.ebay.com/itm/2017-18-Panini-Prizm-Silver-154-Jarrett-Allen-Brooklyn-Nets-RC-Rookie-PSA-10/362927189224?hash=item5480256ce8:g:7FEAAOSwNOZeVvHx
Mar-04 19:49,11,31.0,2017-18 Panini Prizm Silver #154 Jarrett Allen Brooklyn Nets RC Rookie PSA 10,https://www.ebay.com/itm/2017-18-Panini-Prizm-Silver-154-Jarrett-Allen-Brooklyn-Nets-RC-Rookie-PSA-10/362927188835?hash=item5480256b63:g:rlsAAOSw8wheVvGi
Mar-04 19:41,9,41.0,2018-19 Panini Prizm Silver #80 Wendell Carter Jr. Bulls RC Rookie PSA 10,https://www.ebay.com/itm/2018-19-Panini-Prizm-Silver-80-Wendell-Carter-Jr-Bulls-RC-Rookie-PSA-10/372967054374?hash=item56d6919c26:g:jJ4AAOSwJVJeVu~P
Mar-04 19:41,15,55.0,2018-19 Panini Prizm Silver #278 Miles Bridges Hornets RC Rookie PSA 10 GEM MINT,https://www.ebay.com/itm/2018-19-Panini-Prizm-Silver-278-Miles-Bridges-Hornets-RC-Rookie-PSA-10-GEM-MINT/362927184622?hash=item5480255aee:g:8FgAAOSwNzleVvAc
Mar-04 19:41,29,36.88,2018-19 Panini Prizm Silver #22 Kostas Antetokounmpo Mavericks RC Rookie PSA 10,https://www.ebay.com/itm/2018-19-Panini-Prizm-Silver-22-Kostas-Antetokounmpo-Mavericks-RC-Rookie-PSA-10/383438566545?hash=item5946b83491:g:PeAAAOSwyyJeVu~4
Mar-04 19:41,16,55.0,2018-19 Panini Prizm Silver #278 Miles Bridges Hornets RC Rookie PSA 10 GEM MINT,https://www.ebay.com/itm/2018-19-Panini-Prizm-Silver-278-Miles-Bridges-Hornets-RC-Rookie-PSA-10-GEM-MINT/372967054140?hash=item56d6919b3c:g:OIQAAOSwDwNeVu84
Mar-04 19:41,14,14.73,2017-18 Panini Prizm Silver #47 Jordan Bell Warriors RC Rookie PSA 10 GEM MINT,https://www.ebay.com/itm/2017-18-Panini-Prizm-Silver-47-Jordan-Bell-Warriors-RC-Rookie-PSA-10-GEM-MINT/383438562262?hash=item5946b823d6:g:R9QAAOSwMS5eVu1E
Mar-04 19:39,9,24.37,2018-19 Panini Prizm Silver #189 Zhaire Smith 76ers RC Rookie PSA 10 GEM MINT,https://www.ebay.com/itm/2018-19-Panini-Prizm-Silver-189-Zhaire-Smith-76ers-RC-Rookie-PSA-10-GEM-MINT/362927158847?hash=item548024f63f:g:W08AAOSw5XxeVuYt
Mar-04 19:39,10,23.22,2018-19 Panini Prizm Silver #189 Zhaire Smith 76ers RC Rookie PSA 10 GEM MINT,https://www.ebay.com/itm/2018-19-Panini-Prizm-Silver-189-Zhaire-Smith-76ers-RC-Rookie-PSA-10-GEM-MINT/372967038930?hash=item56d6915fd2:g:MGQAAOSwW35eVufN
Mar-04 19:39,13,22.37,2018-19 Panini Prizm Silver #189 Zhaire Smith 76ers RC Rookie PSA 10 GEM MINT,https://www.ebay.com/itm/2018-19-Panini-Prizm-Silver-189-Zhaire-Smith-76ers-RC-Rookie-PSA-10-GEM-MINT/372967035393?hash=item56d6915201:g:zd8AAOSwtpBeVuXG
Mar-04 19:39,22,20.5,2018-19 Panini Prizm Silver #188 Rodions Kurucs Brooklyn Nets RC Rookie PSA 10,https://www.ebay.com/itm/2018-19-Panini-Prizm-Silver-188-Rodions-Kurucs-Brooklyn-Nets-RC-Rookie-PSA-10/383438542761?hash=item5946b7d7a9:g:phcAAOSwxcFeVubt
Mar-04 19:34,26,87.0,2018-19 Panini Prizm Silver Select Collin Sexton RC Rookie AUTO 18/199 PSA 10,https://www.ebay.com/itm/2018-19-Panini-Prizm-Silver-Select-Collin-Sexton-RC-Rookie-AUTO-18-199-PSA-10/362927158210?hash=item548024f3c2:g:FaMAAOSwMEleVuXi
Mar-04 19:34,22,22.37,2018-19 Panini Prizm Silver #189 Zhaire Smith 76ers RC Rookie PSA 10 GEM MINT,https://www.ebay.com/itm/2018-19-Panini-Prizm-Silver-189-Zhaire-Smith-76ers-RC-Rookie-PSA-10-GEM-MINT/372967034706?hash=item56d6914f52:g:2UkAAOSwPPleVuWF
Mar-04 19:32,6,63.0,2018-19 Panini Prizm Silver #61 Anfernee Simons Trail Blazers RC Rookie PSA 10,https://www.ebay.com/itm/2018-19-Panini-Prizm-Silver-61-Anfernee-Simons-Trail-Blazers-RC-Rookie-PSA-10/372967033583?hash=item56d6914aef:g:LhwAAOSwF7xeVuUo
Mar-04 19:32,9,65.0,2018-19 Panini Prizm Silver #61 Anfernee Simons Trail Blazers RC Rookie PSA 10,https://www.ebay.com/itm/2018-19-Panini-Prizm-Silver-61-Anfernee-Simons-Trail-Blazers-RC-Rookie-PSA-10/372967034308?hash=item56d6914dc4:g:r9QAAOSw~15eVuVx
Mar-04 19:32,18,142.5,2018-19 Panini Prizm Silver #170 Collin Sexton Cavaliers RC Rookie PSA 10,https://www.ebay.com/itm/2018-19-Panini-Prizm-Silver-170-Collin-Sexton-Cavaliers-RC-Rookie-PSA-10/362927277208?hash=item548026c498:g:9PEAAOSwFLReVwxX
Mar-04 19:32,17,137.12,2018-19 Panini Prizm Silver #170 Collin Sexton Cavaliers RC Rookie PSA 10,https://www.ebay.com/itm/2018-19-Panini-Prizm-Silver-170-Collin-Sexton-Cavaliers-RC-Rookie-PSA-10/372967035207?hash=item56d6915147:g:-gkAAOSwYY1eVuXf
Mar-04 19:32,24,150.0,2018-19 Panini Prizm Silver #170 Collin Sexton Cavaliers RC Rookie PSA 10,https://www.ebay.com/itm/2018-19-Panini-Prizm-Silver-170-Collin-Sexton-Cavaliers-RC-Rookie-PSA-10/372967130389?hash=item56d692c515:g:GGMAAOSwbj9eVwvN
Mar-04 19:32,20,68.0,2018-19 Panini Prizm Silver #199 Landry Shamet 76ers RC Rookie PSA 10 GEM MINT,https://www.ebay.com/itm/2018-19-Panini-Prizm-Silver-199-Landry-Shamet-76ers-RC-Rookie-PSA-10-GEM-MINT/383438664330?hash=item5946b9b28a:g:6VoAAOSw9EteVwoH
Mar-04 19:28,7,59.75,2018 Select MARVIN BAGLEY III RC Rookie silver prizm Kings PSA 10 GEM MT,https://www.ebay.com/itm/2018-Select-MARVIN-BAGLEY-III-RC-Rookie-silver-prizm-Kings-PSA-10-GEM-MT/392709803079?hash=item5b6f540c47:g:WVwAAOSwvfxeWXJm
Mar-04 19:26,9,45.0,2018 Prizm STEPHEN CURRY silver Warriors 526 PSA 10 GEM MT,https://www.ebay.com/itm/2018-Prizm-STEPHEN-CURRY-silver-Warriors-526-PSA-10-GEM-MT/392709803106?hash=item5b6f540c62:g:iP4AAOSwVWFeWXIF
Mar-04 19:19,12,23.5,2018-19 Panini Prizm Silver #209 Allonzo Trier Knicks RC Rookie PSA 10 GEM MINT,https://www.ebay.com/itm/2018-19-Panini-Prizm-Silver-209-Allonzo-Trier-Knicks-RC-Rookie-PSA-10-GEM-MINT/372967029243?hash=item56d69139fb:g:dggAAOSwpeFeVuNs
Mar-04 19:19,11,23.5,2018-19 Panini Prizm Silver #209 Allonzo Trier Knicks RC Rookie PSA 10 GEM MINT,https://www.ebay.com/itm/2018-19-Panini-Prizm-Silver-209-Allonzo-Trier-Knicks-RC-Rookie-PSA-10-GEM-MINT/383438528105?hash=item5946b79e69:g:5GkAAOSwZKJeVuOk
Mar-04 19:19,11,21.5,2018-19 Panini Prizm Silver #209 Allonzo Trier Knicks RC Rookie PSA 10 GEM MINT,https://www.ebay.com/itm/2018-19-Panini-Prizm-Silver-209-Allonzo-Trier-Knicks-RC-Rookie-PSA-10-GEM-MINT/362927154029?hash=item548024e36d:g:eRcAAOSwnZVeVuRR
Mar-04 19:19,13,20.5,2018-19 Panini Prizm Silver #209 Allonzo Trier Knicks RC Rookie PSA 10 GEM MINT,https://www.ebay.com/itm/2018-19-Panini-Prizm-Silver-209-Allonzo-Trier-Knicks-RC-Rookie-PSA-10-GEM-MINT/372967030729?hash=item56d6913fc9:g:qJEAAOSwal9eVuPv
Mar-04 19:19,5,26.0,2018 Prizm KEVIN DURANT silver Warriors PSA 10 GEM MT,https://www.ebay.com/itm/2018-Prizm-KEVIN-DURANT-silver-Warriors-PSA-10-GEM-MT/392709803104?hash=item5b6f540c60:g:f6sAAOSwiiheWXKZ
Mar-04 19:19,13,20.5,2018-19 Panini Prizm Silver #209 Allonzo Trier Knicks RC Rookie PSA 10 GEM MINT,https://www.ebay.com/itm/2018-19-Panini-Prizm-Silver-209-Allonzo-Trier-Knicks-RC-Rookie-PSA-10-GEM-MINT/372967031168?hash=item56d6914180:g:wzcAAOSwhEdeVuQj
Mar-04 19:18,11,47.0,2018 Prizm GARY TRENT JR RC Rookie silver Trail Blazers PSA 10 GEM MT,https://www.ebay.com/itm/2018-Prizm-GARY-TRENT-JR-RC-Rookie-silver-Trail-Blazers-PSA-10-GEM-MT/383444277958?hash=item59470f5ac6:g:hrUAAOSwzRleWXLh
Mar-04 18:30,23,175.0,2018-19 Prizm Michael Porter Jr Silver Refractor Rookie PSA 10 Nuggets RC Gem!,https://www.ebay.com/itm/2018-19-Prizm-Michael-Porter-Jr-Silver-Refractor-Rookie-PSA-10-Nuggets-RC-Gem/333529488443?hash=item4da7e81c3b:g:Kv8AAOSwMEleWJ0H
Mar-04 18:30,23,74.0,2018-19 Panini Prizm 199 Landry Shamet Silver RC Rookie PSA 10 GEM MINT 45547212,https://www.ebay.com/itm/2018-19-Panini-Prizm-199-Landry-Shamet-Silver-RC-Rookie-PSA-10-GEM-MINT-45547212/153846776362?hash=item23d1fb822a:g:NjgAAOSwxuJeVymv
Mar-04 17:58,1,7.99,FRANK NTILIKINA RC 2017-18 DONRUSS OPTIC HOLO SILVER PRIZM PSA 10 GEM MINT,https://www.ebay.com/itm/FRANK-NTILIKINA-RC-2017-18-DONRUSS-OPTIC-HOLO-SILVER-PRIZM-PSA-10-GEM-MINT/264650872823?hash=item3d9e6bd7f7:g:1kYAAOSwSw5eTgGF
Mar-04 17:58,4,11.49,GRAYSON ALLEN RC 2018-19 PANINI PRIZM SILVER PRIZM ROOKIE PSA 10 GEM MINT,https://www.ebay.com/itm/GRAYSON-ALLEN-RC-2018-19-PANINI-PRIZM-SILVER-PRIZM-ROOKIE-PSA-10-GEM-MINT/333530448569?hash=item4da7f6c2b9:g:12UAAOSwkXBeTgHr
Mar-04 17:52,17,42.0,ADMIRAL SCHOFIELD PSA 10 2019 PANINI PRIZM #280 ROOKIE SILVER WIZARDS 9262 ,https://www.ebay.com/itm/ADMIRAL-SCHOFIELD-PSA-10-2019-PANINI-PRIZM-280-ROOKIE-SILVER-WIZARDS-9262/174201991890?hash=item288f3f72d2:g:HUwAAOSw2bReKKhY
Mar-04 17:10,15,53.0,Josh Hart Panini Prizm Rookie Silver 2017-18 Lot Of 2 Psa 10 Bgs 9.5 Gem Lakers,https://www.ebay.com/itm/Josh-Hart-Panini-Prizm-Rookie-Silver-2017-18-Lot-Of-2-Psa-10-Bgs-9-5-Gem-Lakers/202916364121?hash=item2f3ec1ff59:g:AEcAAOSwA9teWMLQ
Mar-04 17:01,1,1.49,2019-20 Panini Prizm Larry Bird NBA Finalists Silver #8 Mint Condition PSA 10?,https://www.ebay.com/itm/2019-20-Panini-Prizm-Larry-Bird-NBA-Finalists-Silver-8-Mint-Condition-PSA-10/362927310097?hash=item5480274511:g:hFIAAOSwqwxeOnKs
Mar-04 11:56,12,100.0,2018 Panini Prizm #15 Silver Prizm Kobe Bryant Los Angeles Lakers PSA 10 GEM MT,https://www.ebay.com/itm/2018-Panini-Prizm-15-Silver-Prizm-Kobe-Bryant-Los-Angeles-Lakers-PSA-10-GEM-MT/372963790033?hash=item56d65fccd1:g:3-YAAOSwqMteUti0
Mar-04 09:14,22,215.5,2019-20 Panini Prizm Draft Picks #1 Zion Williamson Silver Prizm Rookie PSA 10!,https://www.ebay.com/itm/2019-20-Panini-Prizm-Draft-Picks-1-Zion-Williamson-Silver-Prizm-Rookie-PSA-10/202920324455?hash=item2f3efe6d67:g:B-AAAOSwaZVeXfpD
Mar-04 09:00,1,325.0,2017 De’Aaron Fox Silver Prizm Rc PSA 10 GEM MINT KINGS HOT 🔥,https://www.ebay.com/itm/2017-De-Aaron-Fox-Silver-Prizm-Rc-PSA-10-GEM-MINT-KINGS-HOT/202916133905?hash=item2f3ebe7c11:g:qRMAAOSwB7FeIOun
Mar-04 05:58,1,30.0,2018-19 Panini Prizm 217 KEVIN KNOX Silver Prizm Rookie PSA 10 GEM MINT Knicks,https://www.ebay.com/itm/2018-19-Panini-Prizm-217-KEVIN-KNOX-Silver-Prizm-Rookie-PSA-10-GEM-MINT-Knicks/362926826603?hash=item54801fe46b:g:bpkAAOSwvxBeTT0T
Mar-03 21:57,8,34.0,Giannis Antetokounmpo 2017 Donruss Optic All Star Holo Prizm #16 Silver PSA 10,https://www.ebay.com/itm/Giannis-Antetokounmpo-2017-Donruss-Optic-All-Star-Holo-Prizm-16-Silver-PSA-10/124097574786?hash=item1ce4cab782:g:NswAAOSweqpeVgiC
Mar-03 20:59,52,4050.0,2019-20 Panini Prizm Silver #248 Zion Williamson RC Rookie PSA 10 CENTERED,https://www.ebay.com/itm/2019-20-Panini-Prizm-Silver-248-Zion-Williamson-RC-Rookie-PSA-10-CENTERED/383436916264?hash=item59469f0628:g:CowAAOSwZNleVYe1
Mar-03 20:37,10,19.0,2018-19 Panini Prizm Silver #188 Rodions Kurucs Brooklyn Nets RC Rookie PSA 10,https://www.ebay.com/itm/2018-19-Panini-Prizm-Silver-188-Rodions-Kurucs-Brooklyn-Nets-RC-Rookie-PSA-10/372965933639?hash=item56d6808247:g:RY8AAOSw7xZeVYu5
Mar-03 20:26,17,445.0,2015-16 Panini Prizm Silver #348 Kristaps Porzingis Knicks RC Rookie PSA 10,https://www.ebay.com/itm/2015-16-Panini-Prizm-Silver-348-Kristaps-Porzingis-Knicks-RC-Rookie-PSA-10/383437156760?hash=item5946a2b198:g:GHAAAOSwhI9eVcLM
Mar-03 20:21,9,8.5,POP 3 2018 PRIZM JOEL EMBIID GET HYPED! SILVER REFRACTOR PSA 10 #6 76ERS RARE,https://www.ebay.com/itm/POP-3-2018-PRIZM-JOEL-EMBIID-GET-HYPED-SILVER-REFRACTOR-PSA-10-6-76ERS-RARE/372965933205?hash=item56d6808095:g:3zQAAOSwSKBeVYwm
Mar-03 20:21,15,26.02,POP 1 2018 PRIZM JAYSON TATUM ALL DAY SILVER REFRACTOR PSA 10 #15 CELTICS,https://www.ebay.com/itm/POP-1-2018-PRIZM-JAYSON-TATUM-ALL-DAY-SILVER-REFRACTOR-PSA-10-15-CELTICS/372965942097?hash=item56d680a351:g:bk8AAOSwoFxeVY7n
Mar-03 20:08,27,177.0,2018-19 Panini Select Silver Prizm #118 LeBron James Los Angeles Lakers PSA 10,https://www.ebay.com/itm/2018-19-Panini-Select-Silver-Prizm-118-LeBron-James-Los-Angeles-Lakers-PSA-10/362926110794?hash=item548014f84a:g:uIwAAOSwzzBeVYm-
Mar-03 20:03,16,1000.0,2017-18 Panini Prizm Prizms Silver #16 Jayson Tatum Rookie PSA 10 Gem Mint RC,https://www.ebay.com/itm/2017-18-Panini-Prizm-Prizms-Silver-16-Jayson-Tatum-Rookie-PSA-10-Gem-Mint-RC/143541565059?hash=item216bbe7683:g:jVoAAOSwJjteVe4w
Mar-03 20:03,7,61.0,"Ja Morant prizm rc , silver, base, college,🔥🔥 PSA 10? Great cards no scratches",https://www.ebay.com/itm/Ja-Morant-prizm-rc-silver-base-college-PSA-10-Great-cards-no-scratches/352983640460?hash=item522f76e98c:g:FusAAOSwkfVeVhK4
Mar-03 19:58,53,1425.0,LUKA DONCIC 2018/19 PANINI PRIZM #280 RC ROOKIE SILVER PRIZMS SP PSA 10 GEM MINT,https://www.ebay.com/itm/LUKA-DONCIC-2018-19-PANINI-PRIZM-280-RC-ROOKIE-SILVER-PRIZMS-SP-PSA-10-GEM-MINT/352983638435?hash=item522f76e1a3:g:WV0AAOSw~tJeVc8g
Mar-03 19:37,14,301.05,2019-20 Prizm Ja Morant Silver Refractor RC #249 SP Memphis Grizzles PSA 10? ROY,https://www.ebay.com/itm/2019-20-Prizm-Ja-Morant-Silver-Refractor-RC-249-SP-Memphis-Grizzles-PSA-10-ROY/233508645239?hash=item365e332977:g:RYgAAOSw0KZeWIez
Mar-03 19:30,28,127.51,2018 Panini Prizm Collin Sexton Silver Prizm PSA10 [B],https://www.ebay.com/itm/2018-Panini-Prizm-Collin-Sexton-Silver-Prizm-PSA10-B/254524438915?hash=item3b42d6b983:g:Px4AAOSw~exeV17m
Mar-03 19:30,8,38.5,2018-19 Panini Select Silver Prizm #67 Donte DiVincenzo Bucks RC Rookie PSA 10,https://www.ebay.com/itm/2018-19-Panini-Select-Silver-Prizm-67-Donte-DiVincenzo-Bucks-RC-Rookie-PSA-10/362925932257?hash=item5480123ee1:g:L1wAAOSwjydeVUWd
Mar-03 19:25,13,15.5,2018-19 Panini Prizm Silver Freshman Phenoms Shai Gilgeous-Alexa,https://www.ebay.com/itm/2018-19-Panini-Prizm-Silver-Freshman-Phenoms-Shai-Gilgeous-Alexander-RC-PSA-10/362925901501?hash=item548011c6bd:g:gNYAAOSwCCheVTnU
Mar-03 19:17,23,65.0,2018-19 Panini Prizm Silver #227 Mitchell Robinson Knicks RC Rookie PSA 10,https://www.ebay.com/itm/2018-19-Panini-Prizm-Silver-227-Mitchell-Robinson-Knicks-RC-Rookie-PSA-10/372965719406?hash=item56d67d3d6e:g:UesAAOSwPqZeVUBA
Mar-03 19:15,23,194.5,2018-19 Panini Prizm Silver #32 Michael Porter Jr. Nuggets RC Rookie PSA 10,https://www.ebay.com/itm/2018-19-Panini-Prizm-Silver-32-Michael-Porter-Jr-Nuggets-RC-Rookie-PSA-10/383436773202?hash=item59469cd752:g:Ui8AAOSwi7ReVWK8
Mar-03 19:15,12,31.0,2018-19 Panini Prizm Silver Hamidou Diallo RC Rookie AUTO Thunder PSA 10,https://www.ebay.com/itm/2018-19-Panini-Prizm-Silver-Hamidou-Diallo-RC-Rookie-AUTO-Thunder-PSA-10/372965825779?hash=item56d67edcf3:g:VkUAAOSwuENeVWNh
Mar-03 19:13,16,53.0,2018-19 Panini Prizm Silver #68 Kevin Huerter Hawks RC Rookie PSA 10 GEM MINT,https://www.ebay.com/itm/2018-19-Panini-Prizm-Silver-68-Kevin-Huerter-Hawks-RC-Rookie-PSA-10-GEM-MINT/372965728620?hash=item56d67d616c:g:Wm8AAOSw675eVUJF
Mar-03 19:13,10,71.0,2018-19 Panini Prizm Silver #61 Anfernee Simons Trail Blazers RC Rookie PSA 10,https://www.ebay.com/itm/2018-19-Panini-Prizm-Silver-61-Anfernee-Simons-Trail-Blazers-RC-Rookie-PSA-10/372965729345?hash=item56d67d6441:g:8mMAAOSwJJxeVULy
Mar-03 19:13,10,41.08,2018-19 Panini Prizm Silver #80 Wendell Carter Jr. Bulls RC Rookie PSA 10,https://www.ebay.com/itm/2018-19-Panini-Prizm-Silver-80-Wendell-Carter-Jr-Bulls-RC-Rookie-PSA-10/362925923645?hash=item5480121d3d:g:P4QAAOSwQZFeVUJ6
Mar-03 19:02,10,23.0,2018 Panini Prizm Mikal Bridges Silver Prizm PSA10,https://www.ebay.com/itm/2018-Panini-Prizm-Mikal-Bridges-Silver-Prizm-PSA10/254524440515?hash=item3b42d6bfc3:g:k2AAAOSwcBleV1-U
Mar-03 19:00,16,127.51,2018 Panini Prizm Collin Sexton Silver Prizm PSA10 [A],https://www.ebay.com/itm/2018-Panini-Prizm-Collin-Sexton-Silver-Prizm-PSA10-A/254524438594?hash=item3b42d6b842:g:UoAAAOSwGsleV15l
Mar-03 18:35,7,6.5,2018-19 Panini Prizm Justin Jackson Silver Rookie Prizm #119 PSA 10 Gem Mint RC,https://www.ebay.com/itm/2018-19-Panini-Prizm-Justin-Jackson-Silver-Rookie-Prizm-119-PSA-10-Gem-Mint-RC/333523627804?hash=item4da78eaf1c:g:Dw0AAOSw9-ZeLJgp
Mar-03 18:34,22,162.5,2019-20 Panini Prizm Silver Prizm Rookie Kevin Porter JR. RC SP PSA 10 Gem Mint,https://www.ebay.com/itm/2019-20-Panini-Prizm-Silver-Prizm-Rookie-Kevin-Porter-JR-RC-SP-PSA-10-Gem-Mint/124097383440?hash=item1ce4c7cc10:g:GL4AAOSw6DxeSfjd
Mar-03 18:30,8,83.0,2017-18 PANINI Prizm LAURI MARKKANEN SILVER PRIZM Rookie RC Card PSA 10,https://www.ebay.com/itm/2017-18-PANINI-Prizm-LAURI-MARKKANEN-SILVER-PRIZM-Rookie-RC-Card-PSA-10/303500844005?hash=item46aa0f5be5:g:JeMAAOSwM9VeV8~y
Mar-03 18:30,7,7.5,2018-19 Panini Prizm Justin Jackson Silver Rookie Prizm #119 PSA 10 Gem Mint,https://www.ebay.com/itm/2018-19-Panini-Prizm-Justin-Jackson-Silver-Rookie-Prizm-119-PSA-10-Gem-Mint/333523627358?hash=item4da78ead5e:g:miUAAOSwiGReLJcm
Mar-03 18:18,21,271.5,2017-18 Panini Prizm Silver #24 De'Aaron Fox Kings RC Rookie PSA 10 GEM MINT,https://www.ebay.com/itm/2017-18-Panini-Prizm-Silver-24-DeAaron-Fox-Kings-RC-Rookie-PSA-10-GEM-MINT/383437011479?epid=20024504315&hash=item5946a07a17:g:u00AAOSwwHJeVZnl
Mar-03 18:02,23,127.5,2018-19 Panini Prizm Lebron James Silver Prizm #6 PSA 10 GEM MINT Cavs Lakers,https://www.ebay.com/itm/2018-19-Panini-Prizm-Lebron-James-Silver-Prizm-6-PSA-10-GEM-MINT-Cavs-Lakers/264646486810?hash=item3d9e28eb1a:g:MTQAAOSw~8leVFME
Mar-03 18:02,47,139.5,Shai Gilgeous Alexander 2018 Panini Select Silver Prizm Rookie RC Card #7 PSA 10,https://www.ebay.com/itm/Shai-Gilgeous-Alexander-2018-Panini-Select-Silver-Prizm-Rookie-RC-Card-7-PSA-10/124099756167?hash=item1ce4ec0087:g:nBIAAOSwYNpeVhu~
Mar-03 18:00,43,93.0,2018-19 Panini Prizm Kobe Bryant Silver Prizm #15 PSA 10 GEM MINT Lakers,https://www.ebay.com/itm/2018-19-Panini-Prizm-Kobe-Bryant-Silver-Prizm-15-PSA-10-GEM-MINT-Lakers/264646486091?hash=item3d9e28e84b:g:9q4AAOSw7iZeVFKb
Mar-03 17:49,33,1093.88,2017-18 Jayson Tatum Panini Silver Prizm RC #16 Refractor PSA 10 Rookie Holo HOT,https://www.ebay.com/itm/2017-18-Jayson-Tatum-Panini-Silver-Prizm-RC-16-Refractor-PSA-10-Rookie-Holo-HOT/392705339762?hash=item5b6f0ff172:g:HJIAAOSw0sVeWHFk
Mar-03 17:48,28,42.01,Kevin Durant Warriors 2017 Panini Select Silver Prizm Card #44 PSA 10,https://www.ebay.com/itm/Kevin-Durant-Warriors-2017-Panini-Select-Silver-Prizm-Card-44-PSA-10/124099741979?hash=item1ce4ebc91b:g:WakAAOSw3NleWGTG
Mar-03 17:47,9,13.0,2017 Prizm DONOVAN MITCHELL Emergent silver prizm Jazz #EMDON PSA 10 Gem Mint,https://www.ebay.com/itm/2017-Prizm-DONOVAN-MITCHELL-Emergent-silver-prizm-Jazz-EMDON-PSA-10-Gem-Mint/392705339119?hash=item5b6f0feeef:g:secAAOSwwRpeWHFF
Mar-03 17:44,10,10.5,Jerome Robinson 2018 Panini Select Silver Prizm Rookie RC Card #27 PSA 10 POP 1,https://www.ebay.com/itm/Jerome-Robinson-2018-Panini-Select-Silver-Prizm-Rookie-RC-Card-27-PSA-10-POP-1/124099740642?hash=item1ce4ebc3e2:g:myIAAOSwOfFeWGTl
Mar-03 17:40,13,668.0,2018 PANINI DONRUSS OPTIC TRAE YOUNG ROOKIE RC HOLO SILVER PRIZM PSA 10 HAWKS,https://www.ebay.com/itm/2018-PANINI-DONRUSS-OPTIC-TRAE-YOUNG-ROOKIE-RC-HOLO-SILVER-PRIZM-PSA-10-HAWKS/184189338617?hash=item2ae28a43f9:g:C0wAAOSw48ZeQLz6
Mar-03 17:03,1,29.99,2014/15 Panini Prizm KOBE BRYANT REPRESENTATIVE,https://www.ebay.com/itm/2014-15-Panini-Prizm-KOBE-BRYANT-REPRESENTATIVES-SILVER-REFRACTOR-LAKERS-PSA-10/333529351133?hash=item4da7e603dd:g:7vkAAOSwssdeWGcA
Mar-03 16:10,23,143.5,2018 Prizm Silver Deandre Ayton Psa 10 RC,https://www.ebay.com/itm/2018-Prizm-Silver-Deandre-Ayton-Psa-10-RC/293488963097?hash=item44554e2e19:g:GWMAAOSwqvxeUcLj
Mar-03 15:55,17,127.5,2018 Prizm Deandre Ayton Silver RC Psa 10,https://www.ebay.com/itm/2018-Prizm-Deandre-Ayton-Silver-RC-Psa-10/293488955165?hash=item44554e0f1d:g:cFsAAOSwdzxeUb9g
Mar-03 11:36,16,58.0,2019-20 Panini Prizm #98 Silver Prizm Stephen Curry PSA 10 Warriors Low Pop!,https://www.ebay.com/itm/2019-20-Panini-Prizm-98-Silver-Prizm-Stephen-Curry-PSA-10-Warriors-Low-Pop/402119928668?hash=item5da0372b5c:g:BhQAAOSw-45eVXcS
Mar-03 00:39,1,52.8,2017-18 Select Silver Prizm Lonzo Ball Los Angeles Lakers RC Rookie PSA 10,https://www.ebay.com/itm/2017-18-Select-Silver-Prizm-Lonzo-Ball-Los-Angeles-Lakers-RC-Rookie-PSA-10/372965330784?hash=item56d6774f60:g:vMMAAOSwWMld5XUK
Mar-02 20:59,20,1250.0,"2018-19 Panini Prizm Silver #280 Luka Doncic Mavericks RC Rookie PSA 10 "" RARE """,https://www.ebay.com/itm/2018-19-Panini-Prizm-Silver-280-Luka-Doncic-Mavericks-RC-Rookie-PSA-10-RARE/372961445719?hash=item56d63c0757:g:4NUAAOSwxIleUBiX
Mar-02 20:59,21,1247.21,2018-19 Panini Prizm Silver #280 Luka Doncic Mavericks RC Rookie PSA 10 GEM MINT,https://www.ebay.com/itm/2018-19-Panini-Prizm-Silver-280-Luka-Doncic-Mavericks-RC-Rookie-PSA-10-GEM-MINT/362925165962?hash=item5480068d8a:g:QZYAAOSw7TReVCky
Mar-02 20:51,26,1325.0,JA MORANT 2019/20 PANINI PRIZM #249 RC ROOKIE SILVER PRIZMS SP PSA 10 GEM MINT,https://www.ebay.com/itm/JA-MORANT-2019-20-PANINI-PRIZM-249-RC-ROOKIE-SILVER-PRIZMS-SP-PSA-10-GEM-MINT/392701018104?hash=item5b6ecdfff8:g:cXYAAOSwAMVeVKes
Mar-02 20:28,8,177.5,Michael Porter Jr. 2018 19 Panini prizm #32 nuggets RC rookie silver PSA 10,https://www.ebay.com/itm/Michael-Porter-Jr-2018-19-Panini-prizm-32-nuggets-RC-rookie-silver-PSA-10/362922375647?hash=item547fdbf9df:g:SsQAAOSwTYZeUJnC
Mar-02 20:25,21,425.0,Kristaps Porzingis 2015 16 Panini Prizm #348 RC rookie silver prizm PSA 10,https://www.ebay.com/itm/Kristaps-Porzingis-2015-16-Panini-Prizm-348-RC-rookie-silver-prizm-PSA-10/362922375552?hash=item547fdbf980:g:reQAAOSwQvheUJl6
Mar-02 20:21,51,1225.0,Jayson Tatum 2017 18 Panini Prizm #16 Celtics RC Rookie Silver Prizm PSA 10,https://www.ebay.com/itm/Jayson-Tatum-2017-18-Panini-Prizm-16-Celtics-RC-Rookie-Silver-Prizm-PSA-10/202911689105?hash=item2f3e7aa991:g:2L8AAOSw9tFeUJgh
Mar-02 20:16,20,46.0,2019-20 Panini Prizm Silver #31 Trae Young Atlanta Hawks PSA 10 GEM MINT,https://www.ebay.com/itm/2019-20-Panini-Prizm-Silver-31-Trae-Young-Atlanta-Hawks-PSA-10-GEM-MINT/383435461516?hash=item594688d38c:g:ozAAAOSwkedeVClM
Mar-02 20:15,10,177.5,2018-19 Panini Prizm Silver #32 Michael Porter Jr. Nuggets RC Rookie PSA 10,https://www.ebay.com/itm/2018-19-Panini-Prizm-Silver-32-Michael-Porter-Jr-Nuggets-RC-Rookie-PSA-10/372961415449?hash=item56d63b9119:g:DqUAAOSwFwNeUA-f
Mar-02 20:12,15,61.0,2018 Prizm LUKA DONCIC Emergent RC Rookie silver Mavericks PSA 10 GEM MT,https://www.ebay.com/itm/2018-Prizm-LUKA-DONCIC-Emergent-RC-Rookie-silver-Mavericks-PSA-10-GEM-MT/383441703479?hash=item5946e81237:g:vacAAOSwcLleWXLX
Mar-02 20:10,41,165.0,ZION WILLIAMSON 2019-20 PRIZM DRAFT PRICKS SILVER ROOKIE RC #51 GEM MINT PSA 10,https://www.ebay.com/itm/ZION-WILLIAMSON-2019-20-PRIZM-DRAFT-PRICKS-SILVER-ROOKIE-RC-51-GEM-MINT-PSA-10/362921927340?hash=item547fd522ac:g:qE8AAOSwNMZeUAvA
Mar-02 20:10,17,210.5,ZION WILLIAMSON 2019-20 PRIZM DRAFT PRICKS SILVER ROOKIE RC #64 GEM MINT PSA 10,https://www.ebay.com/itm/ZION-WILLIAMSON-2019-20-PRIZM-DRAFT-PRICKS-SILVER-ROOKIE-RC-64-GEM-MINT-PSA-10/372961403861?hash=item56d63b63d5:g:lL0AAOSw-uheUAwb
Mar-02 20:10,41,98.0,LUKA DONCIC 2018-19 PRIZM FRESHMAN PHENOMS SILVER RC #23 GEM MINT PSA 10,https://www.ebay.com/itm/LUKA-DONCIC-2018-19-PRIZM-FRESHMAN-PHENOMS-SILVER-RC-23-GEM-MINT-PSA-10/372961398735?hash=item56d63b4fcf:g:3VEAAOSwfcNeUAmz
Mar-02 20:10,11,43.0,2018 Prizm KOBE BRYANT silver Lakers PSA 10 GEM MT,https://www.ebay.com/itm/2018-Prizm-KOBE-BRYANT-silver-Lakers-PSA-10-GEM-MT/392707031906?hash=item5b6f29c362:g:KMoAAOSwe-heWXNA
Mar-02 20:10,40,470.0,LEBRON JAMES 2019-20 PANINI PRIZM SILVER REFRACTOR #129 GEM MINT PSA 10 * POP 16,https://www.ebay.com/itm/LEBRON-JAMES-2019-20-PANINI-PRIZM-SILVER-REFRACTOR-129-GEM-MINT-PSA-10-POP-16/372961377607?hash=item56d63afd47:g:evYAAOSwcDBeUASy
Mar-02 20:02,24,620.0,2018-19 Panini Prizm Silver #78 Trae Young Hawks RC Rookie PSA 10 GEM MINT,https://www.ebay.com/itm/2018-19-Panini-Prizm-Silver-78-Trae-Young-Hawks-RC-Rookie-PSA-10-GEM-MINT/372964888448?hash=item56d6708f80:g:w6sAAOSwr05eVC7b
Mar-02 20:00,28,298.55,2018-19 Panini Prizm Silver #184 Shai Gilgeous-Alexa,https://www.ebay.com/itm/2018-19-Panini-Prizm-Silver-184-Shai-Gilgeous-Alexander-RC-Rookie-PSA-10/383430963486?hash=item594644311e:g:kVgAAOSw-LJeRWe9
Mar-02 20:00,17,32.0,2018-19 Panini Prizm Silver #138 Robert Williams III Celtics RC Rookie PSA 10,https://www.ebay.com/itm/2018-19-Panini-Prizm-Silver-138-Robert-Williams-III-Celtics-RC-Rookie-PSA-10/383435654922?hash=item59468bc70a:g:cM0AAOSwGzNeL27L
Mar-02 20:00,12,335.0,2017-18 Panini Prizm Silver #117 Donovan Mitchell Jazz RC Rookie PSA 10 GEM MINT,https://www.ebay.com/itm/2017-18-Panini-Prizm-Silver-117-Donovan-Mitchell-Jazz-RC-Rookie-PSA-10-GEM-MINT/372961285732?hash=item56d6399664:g:wuAAAOSw6FheRXQ5
Mar-02 20:00,27,1075.0,2017-18 Prizm Jayson Tatum Silver RC Rookie PSA 10 HOT!!,https://www.ebay.com/itm/2017-18-Prizm-Jayson-Tatum-Silver-RC-Rookie-PSA-10-HOT/254521672897?hash=item3b42ac84c1:g:6c0AAOSwNQReU33R
Mar-02 20:00,27,216.0,Zion Williamson #1 2019 Panini Prizm Draft Picks Silver PSA 10 Gem RC Rookie,https://www.ebay.com/itm/Zion-Williamson-1-2019-Panini-Prizm-Draft-Picks-Silver-PSA-10-Gem-RC-Rookie/193360349952?hash=item2d052ccb00:g:AioAAOSw7tReVzQi
Mar-02 19:48,41,199.5,JOHN COLLINS 2017/18 PANINI PRIZM RC SILVER PRIZMS AUTOGRAPH SP AUTO PSA 10 GEM,https://www.ebay.com/itm/JOHN-COLLINS-2017-18-PANINI-PRIZM-RC-SILVER-PRIZMS-AUTOGRAPH-SP-AUTO-PSA-10-GEM/352984608332?hash=item522f85ae4c:g:JwMAAOSwU0VeVVdq
Mar-02 19:39,36,177.5,2019 PANINI PRIZM DRAFT PICKS 2 JA MORANT SILVER PRIZM GEM MINT PSA 10!,https://www.ebay.com/itm/2019-PANINI-PRIZM-DRAFT-PICKS-2-JA-MORANT-SILVER-PRIZM-GEM-MINT-PSA-10/184187978556?hash=item2ae275833c:g:q4EAAOSwcVdeTgrB
Mar-02 19:38,21,570.0,2018-19 Panini Prizm Silver #78 Trae Young Atlanta Hawks RC Rookie PSA 10,https://www.ebay.com/itm/2018-19-Panini-Prizm-Silver-78-Trae-Young-Atlanta-Hawks-RC-Rookie-PSA-10/362925124713?hash=item548005ec69:g:hh4AAOSwOBpeVB-a
Mar-02 19:38,18,590.0,2018-19 Panini Prizm Silver #78 Trae Young Atlanta Hawks RC Rookie PSA 10,https://www.ebay.com/itm/2018-19-Panini-Prizm-Silver-78-Trae-Young-Atlanta-Hawks-RC-Rookie-PSA-10/372964822155?hash=item56d66f8c8b:g:SlMAAOSw0BFeVB8Q
Mar-02 19:38,22,605.0,2018-19 Panini Prizm Silver #78 Trae Young Atlanta Hawks RC Rookie PSA 10,https://www.ebay.com/itm/2018-19-Panini-Prizm-Silver-78-Trae-Young-Atlanta-Hawks-RC-Rookie-PSA-10/362925128794?hash=item548005fc5a:g:sJ8AAOSwVc9eVB~c
Mar-02 19:38,16,150.0,2018-19 Panini Prizm Silver #279 DeAndre Ayton Phoenix Suns RC Rookie PSA 10,https://www.ebay.com/itm/2018-19-Panini-Prizm-Silver-279-DeAndre-Ayton-Phoenix-Suns-RC-Rookie-PSA-10/383435390925?hash=item594687bfcd:g:HkEAAOSw1y1eVB4i
Mar-02 19:38,13,150.0,2018-19 Panini Prizm Silver #279 DeAndre Ayton Phoenix Suns RC Rookie PSA 10,https://www.ebay.com/itm/2018-19-Panini-Prizm-Silver-279-DeAndre-Ayton-Phoenix-Suns-RC-Rookie-PSA-10/383435384005?hash=item594687a4c5:g:skkAAOSwby9eVB1J
Mar-02 19:38,18,148.5,2018-19 Panini Prizm Silver #279 DeAndre Ayton Phoenix Suns RC Rookie PSA 10,https://www.ebay.com/itm/2018-19-Panini-Prizm-Silver-279-DeAndre-Ayton-Phoenix-Suns-RC-Rookie-PSA-10/372964818589?hash=item56d66f7e9d:g:~uIAAOSwlpVeVB3Y
Mar-02 19:38,12,146.5,2018-19 Panini Prizm Silver #279 DeAndre Ayton Phoenix Suns RC Rookie PSA 10,https://www.ebay.com/itm/2018-19-Panini-Prizm-Silver-279-DeAndre-Ayton-Phoenix-Suns-RC-Rookie-PSA-10/383435380847?hash=item594687986f:g:ZAwAAOSwRS9eVBz2
Mar-02 19:38,34,270.0,2017-18 Panini Prizm Silver #289 Lonzo Ball RC Rookie AUTO Lakers PSA 10,https://www.ebay.com/itm/2017-18-Panini-Prizm-Silver-289-Lonzo-Ball-RC-Rookie-AUTO-Lakers-PSA-10/372964820977?hash=item56d66f87f1:g:1bIAAOSwRs1eVB6v
Mar-02 19:13,14,66.23,2018-19 Panini Prizm Silver #227 Mitchell Robinson Knicks RC Rookie PSA 10,https://www.ebay.com/itm/2018-19-Panini-Prizm-Silver-227-Mitchell-Robinson-Knicks-RC-Rookie-PSA-10/383431363307?hash=item59464a4aeb:g:SmoAAOSwKS9eUDLB
Mar-02 19:13,9,7.5,2018-19 Panini Prizm Silver #88 Omari Spellman Atlanta Hawks RC Rookie PSA 10,https://www.ebay.com/itm/2018-19-Panini-Prizm-Silver-88-Omari-Spellman-Atlanta-Hawks-RC-Rookie-PSA-10/372961548614?hash=item56d63d9946:g:xgsAAOSwvd9eUDPK
Mar-02 19:13,15,71.69,2018-19 Panini Prizm Silver #227 Mitchell Robinson Knicks RC Rookie PSA 10,https://www.ebay.com/itm/2018-19-Panini-Prizm-Silver-227-Mitchell-Robinson-Knicks-RC-Rookie-PSA-10/383431364315?hash=item59464a4edb:g:58gAAOSwjzdeUDN3
Mar-02 19:13,14,65.58,2015-16 Panini Prizm Silver #338 Terry Rozier Boston Celtics RC Rookie PSA 10,https://www.ebay.com/itm/2015-16-Panini-Prizm-Silver-338-Terry-Rozier-Boston-Celtics-RC-Rookie-PSA-10/372961551728?hash=item56d63da570:g:QRcAAOSwrsdeUDVq
Mar-02 19:13,4,4.25,2018-19 Panini Prizm Silver #212 Jacob Evans III Warriors RC Rookie PSA 10,https://www.ebay.com/itm/2018-19-Panini-Prizm-Silver-212-Jacob-Evans-III-Warriors-RC-Rookie-PSA-10/383431366123?hash=item59464a55eb:g:SXsAAOSw-MpeUDRJ
Mar-02 19:13,14,52.0,2018-19 Panini Prizm Silver Miles Bridges Charlotte Hornets RC Rookie PSA 10,https://www.ebay.com/itm/2018-19-Panini-Prizm-Silver-Miles-Bridges-Charlotte-Hornets-RC-Rookie-PSA-10/372961547027?hash=item56d63d9313:g:UpsAAOSwNhNeUDNG
Mar-02 19:13,13,17.5,2018-19 Panini Prizm Silver #235 Kevin Garnett Minnesota Timberwolves PSA 10,https://www.ebay.com/itm/2018-19-Panini-Prizm-Silver-235-Kevin-Garnett-Minnesota-Timberwolves-PSA-10/362922063868?hash=item547fd737fc:g:mowAAOSwb55eUDSL
Mar-02 19:08,2,46.0,Jayson Tatum Rookie Card Prizm Silver National Convention PSA 10 2017,https://www.ebay.com/itm/Jayson-Tatum-Rookie-Card-Prizm-Silver-National-Convention-PSA-10-2017/264646653983?hash=item3d9e2b781f:g:uekAAOSwcV5eVI-e
Mar-02 19:04,3,15.0,2019 PANINI PRIZM DRAFT PICKS 4 DE'ANDRE HUNTER SILVER PRIZM GEM MINT PSA 10!,https://www.ebay.com/itm/2019-PANINI-PRIZM-DRAFT-PICKS-4-DEANDRE-HUNTER-SILVER-PRIZM-GEM-MINT-PSA-10/143540841829?hash=item216bb36d65:g:I4AAAOSwnAJeHgiF
Mar-02 19:04,1,12.99,2019 PANINI PRIZM DRAFT PICKS 9 JAXSON HAYES SILVER PRIZM GEM MINT PSA 10!,https://www.ebay.com/itm/2019-PANINI-PRIZM-DRAFT-PICKS-9-JAXSON-HAYES-SILVER-PRIZM-GEM-MINT-PSA-10/143540841797?hash=item216bb36d45:g:cwgAAOSwIPheHggt
Mar-02 19:04,2,13.49,2019 PANINI PRIZM DRAFT PICKS 7 JARRETT CULVER SILVER PRIZM GEM MINT PSA 10!,https://www.ebay.com/itm/2019-PANINI-PRIZM-DRAFT-PICKS-7-JARRETT-CULVER-SILVER-PRIZM-GEM-MINT-PSA-10/184185593311?hash=item2ae2511ddf:g:YzEAAOSwbjpeHh6I
Mar-02 19:04,6,16.5,2019 PANINI PRIZM DRAFT PICKS 71 JAXSON HAYES SILVER PRIZM GEM MINT PSA 10!,https://www.ebay.com/itm/2019-PANINI-PRIZM-DRAFT-PICKS-71-JAXSON-HAYES-SILVER-PRIZM-GEM-MINT-PSA-10/184185593313?hash=item2ae2511de1:g:IOIAAOSw83deHgfi
Mar-02 19:00,18,77.0,ANFERNEE SIMONS PRIZM SILVER PSA 10 GEM MINT PRISTINE #61 2018-19 2019 2020,https://www.ebay.com/itm/ANFERNEE-SIMONS-PRIZM-SILVER-PSA-10-GEM-MINT-PRISTINE-61-2018-19-2019-2020/362921524971?hash=item547fcefeeb:g:O-cAAOSwQFpeT4JY
Mar-02 19:00,39,1625.0,2019-20 Donruss Optic Zion Williamson Holo RC #158 PSA 10 Gem Mint! Silver Prizm,https://www.ebay.com/itm/2019-20-Donruss-Optic-Zion-Williamson-Holo-RC-158-PSA-10-Gem-Mint-Silver-Prizm/254524306472?hash=item3b42d4b428:g:zkwAAOSwekpeVy9l
Mar-02 18:33,21,210.0,Zion Williamson #1 2019 Panini Prizm Draft Picks Silver PSA 10 Gem RC Rookie,https://www.ebay.com/itm/Zion-Williamson-1-2019-Panini-Prizm-Draft-Picks-Silver-PSA-10-Gem-RC-Rookie/233507671888?hash=item365e244f50:g:WdsAAOSwy85eVymu
Mar-02 18:23,20,102.5,2013-14 Panini Prizm Silver Dwyane Wade Miami Heat PSA 10 GEM MINT RARE,https://www.ebay.com/itm/2013-14-Panini-Prizm-Silver-Dwyane-Wade-Miami-Heat-PSA-10-GEM-MINT-RARE/313009486205?hash=item48e0d1b97d:g:x3IAAOSwl9xeVIVC
Mar-02 18:12,18,23.6,2018-19 Panini Prizm Silver #250 Jalen Brunson Mavericks RC Rookie PSA 10,https://www.ebay.com/itm/2018-19-Panini-Prizm-Silver-250-Jalen-Brunson-Mavericks-RC-Rookie-PSA-10/362925265141?hash=item54800810f5:g:MPkAAOSwXA9eVEcI
Mar-02 18:00,17,10.5,2015 Silver Prizm Select Tyus Jones #256 Minnesota Timberwolves RC PSA 10 Invest,https://www.ebay.com/itm/2015-Silver-Prizm-Select-Tyus-Jones-256-Minnesota-Timberwolves-RC-PSA-10-Invest/352984371170?hash=item522f820fe2:g:fG8AAOSw8RFeVuSi
Mar-02 17:45,13,11.5,2015 Silver Prizm Select Tyus Jones #256 Minnesota Timberwolves RC PSA 10 Invest,https://www.ebay.com/itm/2015-Silver-Prizm-Select-Tyus-Jones-256-Minnesota-Timberwolves-RC-PSA-10-Invest/352984369506?hash=item522f820962:g:~SkAAOSwMqVeVuNb
Mar-02 17:41,32,436.0,2019 Panini Prizm #129 Lebron James SILVER PRIZM PSA 10 GEM MINT,https://www.ebay.com/itm/2019-Panini-Prizm-129-Lebron-James-SILVER-PRIZM-PSA-10-GEM-MINT/274277276083?hash=item3fdc3319b3:g:fhYAAOSwWxJeTOCv
Mar-02 16:23,16,33.0,2018-19 Panini Prizm Silver Emergent Trae Young Hawks RC Rookie PSA 10 GEM MINT,https://www.ebay.com/itm/2018-19-Panini-Prizm-Silver-Emergent-Trae-Young-Hawks-RC-Rookie-PSA-10-GEM-MINT/174201473182?hash=item288f37889e:g:zTAAAOSwhqFeLQMP
Mar-02 16:23,4,5.5,2018 Panini Prizm #119 Justin Jackson ROOKIE RC Silver PRIZM PSA 10 Magic,https://www.ebay.com/itm/2018-Panini-Prizm-119-Justin-Jackson-ROOKIE-RC-Silver-PRIZM-PSA-10-Magic/174201473193?hash=item288f3788a9:g:CHcAAOSwQOFeLRNd
Mar-02 15:41,22,74.0,"Coby White 2019-20 Panini SILVER PRIZM Rookie, HOT!!! Chicago Bulls PSA 10????",https://www.ebay.com/itm/Coby-White-2019-20-Panini-SILVER-PRIZM-Rookie-HOT-Chicago-Bulls-PSA-10/193365253253?hash=item2d05779c85:g:hh4AAOSwhtNeXEf1
Mar-02 15:39,2,97.0,JA MORANT SILVER PRIZM PANINI DRAFT PICKS #2 PSA 10 ,https://www.ebay.com/itm/JA-MORANT-SILVER-PRIZM-PANINI-DRAFT-PICKS-2-PSA-10/303502122769?hash=item46aa22df11:g:0yEAAOSwxW9eWaSJ
Mar-02 14:34,31,285.0,2018-19 Panini Select TRAE YOUNG #142 Silver Prizm Rookie PSA 10 Gem Mint Hawks,https://www.ebay.com/itm/2018-19-Panini-Select-TRAE-YOUNG-142-Silver-Prizm-Rookie-PSA-10-Gem-Mint-Hawks/254526017314?hash=item3b42eecf22:g:lI0AAOSw1AleWZVJ
Mar-02 11:20,6,71.0,2018 PANINI PRIZM 251 LONNIE WALKER IV SILVER PRIZM GEM MINT PSA 10!,https://www.ebay.com/itm/2018-PANINI-PRIZM-251-LONNIE-WALKER-IV-SILVER-PRIZM-GEM-MINT-PSA-10/254522195037?hash=item3b42b47c5d:g:5cUAAOSws-xeP27q
Mar-02 08:23,9,73.2,2018-19 Prizm Anfernee Simons Silver Rc Psa 10,https://www.ebay.com/itm/2018-19-Prizm-Anfernee-Simons-Silver-Rc-Psa-10/324083084450?hash=item4b74db6ca2:g:l7gAAOSwT5teU~iD
Mar-02 08:22,12,43.0,2018-19 Prizm Mo Bamba Silver Refractor Prizm Psa 10 Rc,https://www.ebay.com/itm/2018-19-Prizm-Mo-Bamba-Silver-Refractor-Prizm-Psa-10-Rc/324083083923?hash=item4b74db6a93:g:8gcAAOSwpUteU~hF
Mar-02 06:09,31,87.0,DEVONTE GRAHAM - 2018/19 PANINI PRIZM - ROOKIE - #288 - SILVER - PSA 10 -,https://www.ebay.com/itm/DEVONTE-GRAHAM-2018-19-PANINI-PRIZM-ROOKIE-288-SILVER-PSA-10/352988223917?hash=item522fbcd9ad:g:CVUAAOSwnm1eV~0g
Mar-02 04:22,3,25.47,Donovan Mitchell Prizm Silver Base RC Rookie Card #117 2017-18 Utah Jazz PSA 10?,https://www.ebay.com/itm/Donovan-Mitchell-Prizm-Silver-Base-RC-Rookie-Card-117-2017-18-Utah-Jazz-PSA-10/383434901135?hash=item594680468f:g:scQAAOSwzp1d1KYr
Mar-01 21:39,11,49.0,2017 Panini Prizm Harry Giles SILVER PRIZM ROOKIE RC #28 PSA 10 GEM MINT,https://www.ebay.com/itm/2017-Panini-Prizm-Harry-Giles-SILVER-PRIZM-ROOKIE-RC-28-PSA-10-GEM-MINT/233506872508?hash=item365e181cbc:g:6X0AAOSw92heVgQ0
Mar-01 21:29,9,17.61,2017-18 Donruss Optic STEPHEN CURRY Swishful Thinking HOLO SILVER PRIZM PSA 10,https://www.ebay.com/itm/2017-18-Donruss-Optic-STEPHEN-CURRY-Swishful-Thinking-HOLO-SILVER-PRIZM-PSA-10/333525237162?hash=item4da7a73daa:g:6AMAAOSwkNldgWP6
Mar-01 21:29,12,22.5,2018-19 Panini JAREN JACKSON Luck Of The Lottery SILVER PRIZM #4 PSA 10 GEM MINT,https://www.ebay.com/itm/2018-19-Panini-JAREN-JACKSON-Luck-Of-The-Lottery-SILVER-PRIZM-4-PSA-10-GEM-MINT/333525237174?hash=item4da7a73db6:g:JhoAAOSw8YtdgWUw
Mar-01 20:56,25,155.5,2018 Panini Prizm #66 Silver Prizm Jaren Jackson Jr. Grizzlies RC Rookie PSA 10,https://www.ebay.com/itm/2018-Panini-Prizm-66-Silver-Prizm-Jaren-Jackson-Jr-Grizzlies-RC-Rookie-PSA-10/383430042916?hash=item5946362524:g:DP4AAOSwL29eTvLO
Mar-01 20:56,35,256.24,2018 Panini Prizm Luck of The Lottery Silver Prizm Luka Doncic RC Rookie PSA 10,https://www.ebay.com/itm/2018-Panini-Prizm-Luck-of-The-Lottery-Silver-Prizm-Luka-Doncic-RC-Rookie-PSA-10/383430066133?hash=item5946367fd5:g:SCoAAOSwH31eTvw5
Mar-01 20:56,9,39.52,2018 Panini Prizm #80 Silver Prizm Wendell Carter Jr. Bulls RC Rookie PSA 10,https://www.ebay.com/itm/2018-Panini-Prizm-80-Silver-Prizm-Wendell-Carter-Jr-Bulls-RC-Rookie-PSA-10/372960375690?hash=item56d62bb38a:g:t4MAAOSw9xJeTvL9
Mar-01 20:56,33,610.0,2018 Panini Prizm #78 Silver Prizm Trae Young Hawks RC Rookie PSA 10 GEM MT,https://www.ebay.com/itm/2018-Panini-Prizm-78-Silver-Prizm-Trae-Young-Hawks-RC-Rookie-PSA-10-GEM-MT/383430064372?hash=item59463678f4:g:IdkAAOSwADVeTvvX
Mar-01 20:56,3,37.0,2018 Panini Prizm #80 Silver Prizm Wendell Carter Jr. Bulls RC Rookie PSA 10,https://www.ebay.com/itm/2018-Panini-Prizm-80-Silver-Prizm-Wendell-Carter-Jr-Bulls-RC-Rookie-PSA-10/383430041572?hash=item5946361fe4:g:7bQAAOSw~tJeTvJX
Mar-01 20:46,6,6.51,2016-17 Panini GEORGIOS PAPAGIANNIS Rookie SILVER PRIZM #113 PSA 10 GEM MINT,https://www.ebay.com/itm/2016-17-Panini-GEORGIOS-PAPAGIANNIS-Rookie-SILVER-PRIZM-113-PSA-10-GEM-MINT/333525214606?hash=item4da7a6e58e:g:fTgAAOSwMY9d9F8l
Mar-01 20:46,13,39.0,2018-19 Panini WENDELL CARTER JR Rookie Rc SILVER PRIZM #80 PSA 10 GEM MINT,https://www.ebay.com/itm/2018-19-Panini-WENDELL-CARTER-JR-Rookie-Rc-SILVER-PRIZM-80-PSA-10-GEM-MINT/333525214608?hash=item4da7a6e590:g:uF0AAOSw675eFrf1
Mar-01 20:30,20,128.05,2019 Panini Prizm Silver #64 Zion Williamson Duke RC Rookie PSA 10 GEM MINT,https://www.ebay.com/itm/2019-Panini-Prizm-Silver-64-Zion-Williamson-Duke-RC-Rookie-PSA-10-GEM-MINT/383429995468?hash=item5946356bcc:g:S3AAAOSwwD1eTuH2
Mar-01 20:30,14,122.5,"2019-20 PRIZM Sekou Doumbouya Rookie Silver psa 10.  rwb, green psa 9 lot of 3",https://www.ebay.com/itm/2019-20-PRIZM-Sekou-Doumbouya-Rookie-Silver-psa-10-rwb-green-psa-9-lot-of-3/174204739820?hash=item288f6960ec:g:wBIAAOSwxMFeWJc0
Mar-01 20:13,6,31.0,2018-19 Panini Prizm Get Hyped! Silver Prizm LeBron James SP PSA 10 Gem Mint,https://www.ebay.com/itm/2018-19-Panini-Prizm-Get-Hyped-Silver-Prizm-LeBron-James-SP-PSA-10-Gem-Mint/124095169973?hash=item1ce4a605b5:g:MbMAAOSwqzFeU0z1
Mar-01 20:13,21,36.0,2016 Dejounte Murray Panini Select Silver Prizm Rookie #262 RC PSA 10 Gem Holo,https://www.ebay.com/itm/2016-Dejounte-Murray-Panini-Select-Silver-Prizm-Rookie-262-RC-PSA-10-Gem-Holo/392699651082?hash=item5b6eb9240a:g:DgQAAOSw1MNeU0zn
Mar-01 19:59,8,32.0,2015-16 PANINI PRIZM #338 TERRY ROZIER SILVER PRIZM ROOKIE RC PSA 10 GEM MINT,https://www.ebay.com/itm/2015-16-PANINI-PRIZM-338-TERRY-ROZIER-SILVER-PRIZM-ROOKIE-RC-PSA-10-GEM-MINT/392699637914?hash=item5b6eb8f09a:g:mkwAAOSwHadeU0oq
Mar-01 19:58,7,73.0,2018-19 Prizm Luka Doncic Emergent Silver Prizm rc Psa 10,https://www.ebay.com/itm/2018-19-Prizm-Luka-Doncic-Emergent-Silver-Prizm-rc-Psa-10/324082590715?hash=item4b74d3e3fb:g:jq4AAOSw4tJeU0li
Mar-01 19:56,13,75.0,2018 Panini Prizm #199 Silver Prizm Landry Shamet 76ers RC Rookie PSA 10 GEM MT,https://www.ebay.com/itm/2018-Panini-Prizm-199-Silver-Prizm-Landry-Shamet-76ers-RC-Rookie-PSA-10-GEM-MT/372960420767?hash=item56d62c639f:g:KCwAAOSwG11eTv5y
Mar-01 19:56,35,485.0,2017 Panini Select #93 Silver Prizm Jayson Tatum Celtics RC Rookie PSA 10 GEM MT,https://www.ebay.com/itm/2017-Panini-Select-93-Silver-Prizm-Jayson-Tatum-Celtics-RC-Rookie-PSA-10-GEM-MT/362921148670?hash=item547fc940fe:g:I1QAAOSwnkReTv4e
Mar-01 19:44,20,91.0,2019-20 Panini Prizm Fast Break Silver Rookie Rui Hachimura RC SP PSA 10 (Pop 1),https://www.ebay.com/itm/2019-20-Panini-Prizm-Fast-Break-Silver-Rookie-Rui-Hachimura-RC-SP-PSA-10-Pop-1/124095155299?hash=item1ce4a5cc63:g:560AAOSwwUJeU0ZO
Mar-01 19:44,31,223.5,2017-18 Prizm Silver De'Aaron Fox PSA 10 GEM MINT Rookie RC Kings,https://www.ebay.com/itm/2017-18-Prizm-Silver-DeAaron-Fox-PSA-10-GEM-MINT-Rookie-RC-Kings/233501738727?hash=item365dc9c6e7:g:i2QAAOSwi~FeT1Hw
Mar-01 19:38,36,53.57,GIANNIS ANTETOKOUNMPO 2017 SELECT SILVER PRIZM #3 💥PSA 10 GEM MINT💥,https://www.ebay.com/itm/GIANNIS-ANTETOKOUNMPO-2017-SELECT-SILVER-PRIZM-3-PSA-10-GEM-MINT/223920627314?hash=item3422b59e72:g:uhwAAOSw-a5eTg7g
Mar-01 19:35,20,3739.0,(LOT OF 3) 2018 LUKA DONCIC PSA 10 OPTIC HOLO SILVER PRIZM RC ROOKIE GEM MINT🔥,https://www.ebay.com/itm/LOT-OF-3-2018-LUKA-DONCIC-PSA-10-OPTIC-HOLO-SILVER-PRIZM-RC-ROOKIE-GEM-MINT/223927803903?hash=item3423231fff:g:z60AAOSwnw5eVaHK
Mar-01 19:34,21,63.0,2019-20 Panini Prizm NBA Finalists Silver Prizm Kobe Bryant SP PSA 10 (Pop 3),https://www.ebay.com/itm/2019-20-Panini-Prizm-NBA-Finalists-Silver-Prizm-Kobe-Bryant-SP-PSA-10-Pop-3/124091712555?hash=item1ce471442b:g:J-4AAOSwZDxeT0-u
Mar-01 19:22,14,202.5,2017-18 Prizm De'Aaron Fox Silver RC PSA 10 Gem Mint! KINGS!,https://www.ebay.com/itm/2017-18-Prizm-DeAaron-Fox-Silver-RC-PSA-10-Gem-Mint-KINGS/254523413892?hash=item3b42c71584:g:d-IAAOSwyyJeVeQ4
Mar-01 19:18,31,1250.01,2018 Prizm Luka Doncic Silver RC PSA 10 GEM MINT! MAVERICKS,https://www.ebay.com/itm/2018-Prizm-Luka-Doncic-Silver-RC-PSA-10-GEM-MINT-MAVERICKS/254523412154?hash=item3b42c70eba:g:kV0AAOSwCg9eVeNN
Mar-01 19:15,27,590.0,2018-19 Panini Prizm Silver Prizm Trae Young RC PSA 10 GEM MINT,https://www.ebay.com/itm/2018-19-Panini-Prizm-Silver-Prizm-Trae-Young-RC-PSA-10-GEM-MINT/254523410332?hash=item3b42c7079c:g:oE0AAOSwVGVeVeKQ
Mar-01 19:14,9,35.0,2019-20 Panini Prizm Signatures Silver Rookie Auto Grant Williams RC SP PSA 10,https://www.ebay.com/itm/2019-20-Panini-Prizm-Signatures-Silver-Rookie-Auto-Grant-Williams-RC-SP-PSA-10/124095140848?hash=item1ce4a593f0:g:EikAAOSw-PFeUz87
Mar-01 19:13,24,365.0,2018-19 Select Basketball Luka Doncic MAVERICKS RC Silver Prizm PSA 10 Gem Mint,https://www.ebay.com/itm/2018-19-Select-Basketball-Luka-Doncic-MAVERICKS-RC-Silver-Prizm-PSA-10-Gem-Mint/372963484298?hash=item56d65b228a:g:bQ0AAOSw9IReUn4B
Mar-01 19:13,20,129.0,2018-19 Prizm Basketball Lebron James LAKERS Silver #6 PSA 10 Gem Mint,https://www.ebay.com/itm/2018-19-Prizm-Basketball-Lebron-James-LAKERS-Silver-6-PSA-10-Gem-Mint/383433723251?hash=item59466e4d73:g:veYAAOSwOX1eUn5f
Mar-01 19:11,12,56.0,2019-20 Panini Prizm Signatures Silver Rookie Auto Jarrett Culver RC SP PSA 10,https://www.ebay.com/itm/2019-20-Panini-Prizm-Signatures-Silver-Rookie-Auto-Jarrett-Culver-RC-SP-PSA-10/124095139316?hash=item1ce4a58df4:g:7DMAAOSwXBdeUz4w
Mar-01 19:10,9,113.5,2018-19 Panini Prizm Marvin Bagley Silver Prizm Refractor Rookie RC PSA 10 #181,https://www.ebay.com/itm/2018-19-Panini-Prizm-Marvin-Bagley-Silver-Prizm-Refractor-Rookie-RC-PSA-10-181/274284684928?hash=item3fdca42680:g:JI8AAOSws-xePhse
Mar-01 19:09,31,1625.0,2018 Prizm LUKA DONCIC SILVER ROOKIE AUTO Pack Fresh Pull 1 touch in Mag PSA 10?,https://www.ebay.com/itm/2018-Prizm-LUKA-DONCIC-SILVER-ROOKIE-AUTO-Pack-Fresh-Pull-1-touch-in-Mag-PSA-10/153843212629?hash=item23d1c52155:g:u78AAOSwGIJeUxZN
Mar-01 19:09,19,38.0,2018 Panini Prizm Signatures Silver Tracy McGrady #S-TMG Auto HOF PSA 10 💎,https://www.ebay.com/itm/2018-Panini-Prizm-Signatures-Silver-Tracy-McGrady-S-TMG-Auto-HOF-PSA-10/164094377758?hash=item2634c97f1e:g:XuEAAOSwsQleSdgh
Mar-01 19:08,30,147.5,2018-19 Panini Prizm Prizms Silver #170 Collin Sexton RC Rookie - PSA 10,https://www.ebay.com/itm/2018-19-Panini-Prizm-Prizms-Silver-170-Collin-Sexton-RC-Rookie-PSA-10/124095130771?hash=item1ce4a56c93:g:et0AAOSwDuleUz49
Mar-01 19:07,11,43.0,2018-19 Prizm DEANDRE AYTON SILVER ROOKIE Pack Fresh Pull 1 touch in Mag PSA 10?,https://www.ebay.com/itm/2018-19-Prizm-DEANDRE-AYTON-SILVER-ROOKIE-Pack-Fresh-Pull-1-touch-in-Mag-PSA-10/164094396664?hash=item2634c9c8f8:g:pqsAAOSwncJeUyMV
Mar-01 19:07,15,39.0,2018 Prizm JAREN JACKSON JR SILVER ROOKIE Pack Fresh Pull 1 touch in Mag PSA 10?,https://www.ebay.com/itm/2018-Prizm-JAREN-JACKSON-JR-SILVER-ROOKIE-Pack-Fresh-Pull-1-touch-in-Mag-PSA-10/164094399989?hash=item2634c9d5f5:g:zHkAAOSwafJeUyLg
Mar-01 19:06,19,70.0,2018 Prizm MICHAEL PORTER JR SILVER ROOKIE Pack Fresh Pull 1 touch in Mag PSA 10,https://www.ebay.com/itm/2018-Prizm-MICHAEL-PORTER-JR-SILVER-ROOKIE-Pack-Fresh-Pull-1-touch-in-Mag-PSA-10/164094398963?hash=item2634c9d1f3:g:JeAAAOSwP45eUyQg
Mar-01 19:03,9,6.0,2018-19 Panini Prizm Silver #212 Jacob Evans III Warriors RC Rookie PSA 10,https://www.ebay.com/itm/2018-19-Panini-Prizm-Silver-212-Jacob-Evans-III-Warriors-RC-Rookie-PSA-10/372960345575?hash=item56d62b3de7:g:q2wAAOSwjjdeTusm
Mar-01 19:03,9,41.66,2018-19 Panini Prizm Silver #213 Troy Brown Jr. Wizards RC Rookie PSA 10,https://www.ebay.com/itm/2018-19-Panini-Prizm-Silver-213-Troy-Brown-Jr-Wizards-RC-Rookie-PSA-10/362921102159?hash=item547fc88b4f:g:~6sAAOSwB05eTurh
Mar-01 19:03,22,85.0,2018-19 Panini Prizm Silver Freshman Phenoms Luka Doncic RC Rookie PSA 10,https://www.ebay.com/itm/2018-19-Panini-Prizm-Silver-Freshman-Phenoms-Luka-Doncic-RC-Rookie-PSA-10/362921099073?hash=item547fc87f41:g:9cEAAOSwZwleTulR
Mar-01 19:03,33,43.0,2018-19 Panini Prizm Silver #217 Kevin Knox New York Knicks RC Rookie PSA 10,https://www.ebay.com/itm/2018-19-Panini-Prizm-Silver-217-Kevin-Knox-New-York-Knicks-RC-Rookie-PSA-10/383430016981?hash=item594635bfd5:g:frAAAOSwq4leTuqp
Mar-01 19:02,14,46.0,#21 silver prizm  TRAE YOUNG   rc  2018 PANINI   FRESHMEN PHENOMS   PSA 10,https://www.ebay.com/itm/21-silver-prizm-TRAE-YOUNG-rc-2018-PANINI-FRESHMEN-PHENOMS-PSA-10/383429678993?hash=item5946309791:g:cTEAAOSwtCNeTpEs
Mar-01 19:01,43,302.0,2016-17 Panini Prizm LeBron James Silver Prizm Refractor PSA 10 GEM MINT #31 WOW,https://www.ebay.com/itm/2016-17-Panini-Prizm-LeBron-James-Silver-Prizm-Refractor-PSA-10-GEM-MINT-31-WOW/184183865070?hash=item2ae236beee:g:16EAAOSwRDReUzx2
Mar-01 19:00,13,46.0,2018-19 Prizm 🔴 TRAE YOUNG ⚪️ SILVER Freshman Phenoms #21 PSA 10 💎 HAWKS RC,https://www.ebay.com/itm/2018-19-Prizm-TRAE-YOUNG-SILVER-Freshman-Phenoms-21-PSA-10-HAWKS-RC/383434475187?hash=item594679c6b3:g:NDoAAOSwaSheMiXl
Mar-01 18:59,14,285.01,2018-2019 Panini Prizm Marvin Bagley SILVER Lot (3 PSA 10 Silvers!!!),https://www.ebay.com/itm/2018-2019-Panini-Prizm-Marvin-Bagley-SILVER-Lot-3-PSA-10-Silvers/114128011055?hash=item1a928f3f2f:g:PzUAAOSw0ZpeUutT
Mar-01 18:58,1,7.6,Jaren Jackson Jr. 2018-19 Prizm Silver Rookie Rc #66 Grizzlies Psa 10??,https://www.ebay.com/itm/Jaren-Jackson-Jr-2018-19-Prizm-Silver-Rookie-Rc-66-Grizzlies-Psa-10/153850794766?hash=item23d238d30e:g:0r0AAOSwTlVeXG1t
Mar-01 18:50,7,15.5,# 4 silver prizm   De'ANDRE HUNTER    rc    2019 PANINI prizm   DP    PSA 10,https://www.ebay.com/itm/4-silver-prizm-DeANDRE-HUNTER-rc-2019-PANINI-prizm-DP-PSA-10/153838759934?hash=item23d1812ffe:g:J8QAAOSwIV5eTaDU
Mar-01 18:48,40,453.0,2015-16 Panini Prizm LeBron James Silver Prizm Refractor PSA 10 GEM MINT #125,https://www.ebay.com/itm/2015-16-Panini-Prizm-LeBron-James-Silver-Prizm-Refractor-PSA-10-GEM-MINT-125/184183852651?hash=item2ae2368e6b:g:SxAAAOSw-pZeUzlz
Mar-01 18:30,5,38.52,2019-2020 Panini Prizm #255 Rui Hachimura Silver ROOKIE RC🔥 Psa 10?,https://www.ebay.com/itm/2019-2020-Panini-Prizm-255-Rui-Hachimura-Silver-ROOKIE-RC-Psa-10/402115913634?hash=item5d9ff9e7a2:g:EEIAAOSwi7ReUzTx
Mar-01 18:30,12,73.85,2018-19 Panini Prizm Silver Anfernee Simons #61 PSA 10 Rookie RC Blazers,https://www.ebay.com/itm/2018-19-Panini-Prizm-Silver-Anfernee-Simons-61-PSA-10-Rookie-RC-Blazers/233502974735?hash=item365ddca30f:g:aXkAAOSwjKBeUO7U
Mar-01 18:20,1,2800.0,2019-20 Zion Williamson Silver Prizm PSA 10 Panini Basketball Rookie Card,https://www.ebay.com/itm/2019-20-Zion-Williamson-Silver-Prizm-PSA-10-Panini-Basketball-Rookie-Card/303503862458?hash=item46aa3d6aba:g:dCUAAOSwq~9eXEDN
Mar-01 18:00,57,4448.99,2019 Panini Prizm Silver Penmanship Zion Williamson RC AUTO PSA 10 Pop 4 PMJS,https://www.ebay.com/itm/2019-Panini-Prizm-Silver-Penmanship-Zion-Williamson-RC-AUTO-PSA-10-Pop-4-PMJS/164090626891?hash=item263490434b:g:EDMAAOSwsVZeTvCW
Mar-01 17:59,47,305.01,2019-20 Panini Prizm Instant Impact Silver Rookie Zion Williamson RC SP PSA 10,https://www.ebay.com/itm/2019-20-Panini-Prizm-Instant-Impact-Silver-Rookie-Zion-Williamson-RC-SP-PSA-10/124095081349?hash=item1ce4a4ab85:g:RZgAAOSwiMBeUy2s
Mar-01 17:48,8,27.98,SHAI GILGEOUS-ALEXA,https://www.ebay.com/itm/SHAI-GILGEOUS-ALEXANDER-2018-19-PANINI-PRIZM-FRESHMAN-PHENOMS-SILVER-15-PSA-10/114125347402?hash=item1a92669a4a:g:2dkAAOSw9KBeUCC7
Mar-01 17:47,29,1083.0,Jayson Tatum PSA 10 2017-18 Panini Prizm Silver Prizm Rookie RC #16 Celtics,https://www.ebay.com/itm/Jayson-Tatum-PSA-10-2017-18-Panini-Prizm-Silver-Prizm-Rookie-RC-16-Celtics/233507852921?hash=item365e271279:g:8E4AAOSws~NeV3Bo
Mar-01 17:46,3,21.5,2019-20 Panini Prizm Instant Impact Silver Rookie RJ Barrett RC PSA 10 Gem Mint,https://www.ebay.com/itm/2019-20-Panini-Prizm-Instant-Impact-Silver-Rookie-RJ-Barrett-RC-PSA-10-Gem-Mint/124095071474?hash=item1ce4a484f2:g:xJYAAOSwMyteUyqm
Mar-01 17:44,39,137.5,2019-20 Panini Prizm Instant Impact Silver Rookie Ja Morant RC PSA 10 Gem Mint,https://www.ebay.com/itm/2019-20-Panini-Prizm-Instant-Impact-Silver-Rookie-Ja-Morant-RC-PSA-10-Gem-Mint/124095069885?hash=item1ce4a47ebd:g:~T8AAOSwm1deUyoR
Mar-01 17:21,10,18.01,2018-19 Prizm Hamidou Diallo #9 Silver Refractor PSA 10 Rookie Thunder,https://www.ebay.com/itm/2018-19-Prizm-Hamidou-Diallo-9-Silver-Refractor-PSA-10-Rookie-Thunder/164094405734?hash=item2634c9ec66:g:hIIAAOSwoeVeUw~p
Mar-01 17:21,46,145.5,2019 Panini Prizm 251 De'Andre Hunter RC Rookie Silver Prizm PSA 10 45668853,https://www.ebay.com/itm/2019-Panini-Prizm-251-DeAndre-Hunter-RC-Rookie-Silver-Prizm-PSA-10-45668853/153843290448?hash=item23d1c65150:g:~fEAAOSw2WheT0RG
Mar-01 17:17,7,9.61,2018-19 Prizm DeAndre Ayton Freshman Phenoms Silver Refractor PSA 10 Rookie Suns,https://www.ebay.com/itm/2018-19-Prizm-DeAndre-Ayton-Freshman-Phenoms-Silver-Refractor-PSA-10-Rookie-Suns/164094402141?hash=item2634c9de5d:g:aXAAAOSwKKBeUxb1
Mar-01 17:14,1,14.99,2018-19 Panini Prizm Silver Prizm Rookie Svi Mykhailiuk RC SP PSA 10 Gem Mint,https://www.ebay.com/itm/2018-19-Panini-Prizm-Silver-Prizm-Rookie-Svi-Mykhailiuk-RC-SP-PSA-10-Gem-Mint/124091618980?hash=item1ce46fd6a4:g:V-kAAOSwNQReQMD5
Mar-01 17:12,7,16.5,2018-19 Prizm Hamidou Diallo #9 Silver Refractor PSA 10 Rookie Thunder,https://www.ebay.com/itm/2018-19-Prizm-Hamidou-Diallo-9-Silver-Refractor-PSA-10-Rookie-Thunder/164094400074?hash=item2634c9d64a:g:hIIAAOSwoeVeUw~p
Mar-01 17:12,22,53.14,2018-19 Prizm Troy Brown Jr. Silver Refractor #213 PSA 10 Rookie Wizards,https://www.ebay.com/itm/2018-19-Prizm-Troy-Brown-Jr-Silver-Refractor-213-PSA-10-Rookie-Wizards/164094400056?hash=item2634c9d638:g:QgkAAOSw8KxeUxAb
Mar-01 16:46,14,150.0,DEANDRE AYTON 2018-19 PANINI PRIZM SILVER PRIZM RC PSA 10 GEM MINT SSP SUNS,https://www.ebay.com/itm/DEANDRE-AYTON-2018-19-PANINI-PRIZM-SILVER-PRIZM-RC-PSA-10-GEM-MINT-SSP-SUNS/184183741262?hash=item2ae234db4e:g:1VwAAOSw-E5eUxwu
Mar-01 16:04,17,131.5,2018 DeAndre Ayton Psa 10 Prizm Silver Rookie Hot Hot,https://www.ebay.com/itm/2018-DeAndre-Ayton-Psa-10-Prizm-Silver-Rookie-Hot-Hot/333527207685?hash=item4da7c54f05:g:iVcAAOSwW4JeVbWS
Mar-01 15:58,17,155.5,2018 Prizm Pink Pulsar 19/42 & Silver Psa 10 Mitchell Robinson,https://www.ebay.com/itm/2018-Prizm-Pink-Pulsar-19-42-Silver-Psa-10-Mitchell-Robinson/333527202449?hash=item4da7c53a91:g:R1UAAOSw9MReVbRq
Mar-01 15:52,34,77.0,Shai Gilgeous-Alexa,https://www.ebay.com/itm/Shai-Gilgeous-Alexander-PSA-10-2018-19-Panini-Prizm-Luck-of-the-Lottery-Silver/233504653549?hash=item365df640ed:g:cJwAAOSwTR9eUYMB
Mar-01 15:52,12,37.0,Troy Brown Jr. PSA 10 2018-19 Panini Prizm Silver Prizms Rookie RC #213 Wizards,https://www.ebay.com/itm/Troy-Brown-Jr-PSA-10-2018-19-Panini-Prizm-Silver-Prizms-Rookie-RC-213-Wizards/233504653547?hash=item365df640eb:g:spYAAOSwHwReUY~n
Mar-01 15:16,6,27.0,2018-19 Select Silver Prizm #144 TROY BROWN JR Rookie RC Wizards 💎 PSA 10,https://www.ebay.com/itm/2018-19-Select-Silver-Prizm-144-TROY-BROWN-JR-Rookie-RC-Wizards-PSA-10/383430120717?hash=item594637550d:g:aZkAAOSwPCFeSHeU
Mar-01 15:11,31,560.0,2018 Prizm Silver Trae Young PSA 10,https://www.ebay.com/itm/2018-Prizm-Silver-Trae-Young-PSA-10/372960487082?hash=item56d62d66aa:g:0kIAAOSwSABeTxGg
Mar-01 15:08,26,550.0,2018 Prizm Silver Trae Young PSA 10!,https://www.ebay.com/itm/2018-Prizm-Silver-Trae-Young-PSA-10/372960485648?hash=item56d62d6110:g:xdoAAOSwt-heTxEZ
Mar-01 15:02,1,39.99,Kevin Knox 2018-19 Panini Prizm #217 PSA 10 Gem Mint Silver Refractor Rookie RC,https://www.ebay.com/itm/Kevin-Knox-2018-19-Panini-Prizm-217-PSA-10-Gem-Mint-Silver-Refractor-Rookie-RC/193356540918?hash=item2d04f2abf6:g:OS0AAOSw7bZeUzDL
Mar-01 11:48,38,1250.0,2017-18 Jayson Tatum Prizm Silver Prizm RC PSA 10 Gem Mint,https://www.ebay.com/itm/2017-18-Jayson-Tatum-Prizm-Silver-Prizm-RC-PSA-10-Gem-Mint/202914471648?hash=item2f3ea51ee0:g:H64AAOSwDYNeVTb6
Mar-01 11:24,1,75.0,Donovan Mitchell 2017-18 Panini Prizm Mosaic Silver Refractor RC #5 - PSA 10 Gem,https://www.ebay.com/itm/Donovan-Mitchell-2017-18-Panini-Prizm-Mosaic-Silver-Refractor-RC-5-PSA-10-Gem/184183331060?hash=item2ae22e98f4:g:WmAAAOSwHr9eQFFB
Mar-01 11:17,15,81.0,Lot of (2) 2018 Panini Prizm Wendell Carter Jr. cards - Silver & Auto - PSA 10!,https://www.ebay.com/itm/Lot-of-2-2018-Panini-Prizm-Wendell-Carter-Jr-cards-Silver-Auto-PSA-10/264647345346?hash=item3d9e3604c2:g:96wAAOSwPwpeUhDX
Feb-29 21:27,25,76.0,Lonnie Walker Rookie Silver Prizm 2018-19 Spurs Rc Sp Psa 10 Gem Mint #251,https://www.ebay.com/itm/Lonnie-Walker-Rookie-Silver-Prizm-2018-19-Spurs-Rc-Sp-Psa-10-Gem-Mint-251/233503813366?hash=item365de96ef6:g:5osAAOSwGAheUg0s
Feb-29 20:22,19,55.55,"10 2017-18 Prizm Zach Collins Blue Psa 10, Silver Lot Rookie RC Trail Blazers",https://www.ebay.com/itm/10-2017-18-Prizm-Zach-Collins-Blue-Psa-10-Silver-Lot-Rookie-RC-Trail-Blazers/193355254550?hash=item2d04df0b16:g:US4AAOSwqMteUf2v
Feb-29 20:10,5,114.5,2018-19 Prizm silver Deandre Ayton PSA 10 Gem mint,https://www.ebay.com/itm/2018-19-Prizm-silver-Deandre-Ayton-PSA-10-Gem-mint/202916647621?hash=item2f3ec652c5:g:XVoAAOSw0BVeWTs8
Feb-29 20:10,10,122.5,MARVIN BAGLEY 2018/19 PANINI PRIZM #181 ROOKIE SILVER PRIZMS SP PSA 10 GEM MINT,https://www.ebay.com/itm/MARVIN-BAGLEY-2018-19-PANINI-PRIZM-181-ROOKIE-SILVER-PRIZMS-SP-PSA-10-GEM-MINT/293489110905?hash=item4455506f79:g:wTcAAOSwr8BeUebZ
Feb-29 19:53,22,127.5,LEBRON JAMES 2018/19 PANINI PRIZM #6 SILVER PRIZMS LAKERS PSA 10 GEM MINT $500+,https://www.ebay.com/itm/LEBRON-JAMES-2018-19-PANINI-PRIZM-6-SILVER-PRIZMS-LAKERS-PSA-10-GEM-MINT-500/293489101422?hash=item4455504a6e:g:5-oAAOSwW1BeUea~
Feb-29 19:03,41,219.5,2019-20 PANINI PRIZM TYLER HERRO TRUE ROOKIE RC SILVER PSA 10 GEM MINT #259!,https://www.ebay.com/itm/2019-20-PANINI-PRIZM-TYLER-HERRO-TRUE-ROOKIE-RC-SILVER-PSA-10-GEM-MINT-259/114126649200?hash=item1a927a7770:g:nCQAAOSwzZFeUauo
Feb-29 19:00,8,7.5,"Lot of (2) 2018-19 Panini Prizm KHYRI THOMAS Silver Prizm (1- PSA 10, 1- PSA 9)",https://www.ebay.com/itm/Lot-of-2-2018-19-Panini-Prizm-KHYRI-THOMAS-Silver-Prizm-1-PSA-10-1-PSA-9/264644059292?hash=item3d9e03e09c:g:vskAAOSw~OFeUYE5
Feb-29 18:25,1,8.0,(x3) Card Silver Lot 2019-20 Prizm Draft Picks Rui Hachimura Wizards Psa 10??,https://www.ebay.com/itm/x3-Card-Silver-Lot-2019-20-Prizm-Draft-Picks-Rui-Hachimura-Wizards-Psa-10/233505614226?hash=item365e04e992:g:E8MAAOSwEX1eVEw6
Feb-29 17:51,22,39.0,PSA 10 SHAI GILGEOUS-ALEXA,https://www.ebay.com/itm/PSA-10-SHAI-GILGEOUS-ALEXANDER-2018-Panini-SILVER-PRIZM-Freshman-Phenoms-RC-7111/362925067806?hash=item5480050e1e:g:f6MAAOSw8bteTypI
Feb-29 17:40,33,90.0,2018-19 Panini Prizm Silver #227 Mitchell Robinson Knicks RC Rookie PSA 10 PMJS,https://www.ebay.com/itm/2018-19-Panini-Prizm-Silver-227-Mitchell-Robinson-Knicks-RC-Rookie-PSA-10-PMJS/164091595551?hash=item26349f0b1f:g:YmAAAOSw3lxeT~gN
Feb-29 17:02,1,195.0,LUKA DONCIC 2018 PANINI PRIZM SILVER RC #23 PSA 10 GEM MINT! MAVS MVP,https://www.ebay.com/itm/LUKA-DONCIC-2018-PANINI-PRIZM-SILVER-RC-23-PSA-10-GEM-MINT-MAVS-MVP/143540782072?hash=item216bb283f8:g:CuAAAOSwBF5eDsd~
Feb-29 15:22,14,29.0,AARON HOLIDAY 2018 Panini Prizm SILVER Refractor Indiana Pacers SP Rookie PSA 10,https://www.ebay.com/itm/AARON-HOLIDAY-2018-Panini-Prizm-SILVER-Refractor-Indiana-Pacers-SP-Rookie-PSA-10/392698153261?hash=item5b6ea2492d:g:UQcAAOSwITReUbeE
Feb-29 15:20,8,26.0,JARRETT ALLEN 2017 Panini Prizm SILVER Refractor Brooklyn Nets SP Rookie PSA 10,https://www.ebay.com/itm/JARRETT-ALLEN-2017-Panini-Prizm-SILVER-Refractor-Brooklyn-Nets-SP-Rookie-PSA-10/352980070506?hash=item522f40706a:g:dMMAAOSwPFBeUbc0
Feb-29 15:11,9,32.0,JARRETT ALLEN 2017 Panini Prizm SILVER Prizm AUTOGRAPH Rookie (Nets) RC PSA 10,https://www.ebay.com/itm/JARRETT-ALLEN-2017-Panini-Prizm-SILVER-Prizm-AUTOGRAPH-Rookie-Nets-RC-PSA-10/392698147220?hash=item5b6ea23194:g:~3YAAOSw2EReUbTu
Feb-29 15:03,6,37.0,AARON HOLIDAY 2018 Panini Prizm SILVER Autograph Refractor Pacers Rookie PSA 10,https://www.ebay.com/itm/AARON-HOLIDAY-2018-Panini-Prizm-SILVER-Autograph-Refractor-Pacers-Rookie-PSA-10/392698141768?hash=item5b6ea21c48:g:DLIAAOSwG5teUbMb
Feb-29 13:54,1,0.99,2018-19 PANINI PRIZM DZANAN MUSA SILVER REFRACTOR RC #198 BKN ROOKIE PSA 10??,https://www.ebay.com/itm/2018-19-PANINI-PRIZM-DZANAN-MUSA-SILVER-REFRACTOR-RC-198-BKN-ROOKIE-PSA-10/264644172349?hash=item3d9e059a3d:g:LXUAAOSwU0VePy3B
Feb-29 13:47,21,137.5,2018 Panini Prizm DeAndre Ayton Silver PSA 10!,https://www.ebay.com/itm/2018-Panini-Prizm-DeAndre-Ayton-Silver-PSA-10/264644166034?hash=item3d9e058192:g:IvQAAOSwJ9VeUN1g
Feb-29 13:46,24,58.0,2018 Panini Prizm Kobe Bryant Silver PSA 10!,https://www.ebay.com/itm/2018-Panini-Prizm-Kobe-Bryant-Silver-PSA-10/264644165411?hash=item3d9e057f23:g:O7MAAOSw4qZeUN6R
Feb-29 09:53,28,585.0,Zion Williamson #1 2019 Panini Prizm Draft Picks Silver PSA 10 Gem RC Lot (2),https://www.ebay.com/itm/Zion-Williamson-1-2019-Panini-Prizm-Draft-Picks-Silver-PSA-10-Gem-RC-Lot-2/184181885545?hash=item2ae2188a69:g:BLQAAOSwcOBeUWqE
Feb-29 09:00,12,238.38,2019-20 Panini Prizm Silver JA Morant RC PSA 10? Grizzlies,https://www.ebay.com/itm/2019-20-Panini-Prizm-Silver-JA-Morant-RC-PSA-10-Grizzlies/174200927749?hash=item288f2f3605:g:qkcAAOSwBzteU88Q
Feb-29 07:27,32,130.5,2017-18 PANINI PRIZM  SILVER PRIZM   ROOKIE RC  KYLE KUZMA PSA 10,https://www.ebay.com/itm/2017-18-PANINI-PRIZM-SILVER-PRIZM-ROOKIE-RC-KYLE-KUZMA-PSA-10/124095658786?hash=item1ce4ad7b22:g:B6QAAOSw2ZleU-tE
Feb-29 07:13,9,25.09,Otto Porter Jr. 2013-14 Panini Prizm Silver Rookie RC PSA 10 GEM MINT Non Auto,https://www.ebay.com/itm/Otto-Porter-Jr-2013-14-Panini-Prizm-Silver-Rookie-RC-PSA-10-GEM-MINT-Non-Auto/184181701210?hash=item2ae215ba5a:g:79gAAOSwtN9eUUSd
Feb-28 22:49,1,300.0,2019-20 Panini Prizm Draft Picks #1 Zion Williamson Silver Prizm Rookie PSA 10!,https://www.ebay.com/itm/2019-20-Panini-Prizm-Draft-Picks-1-Zion-Williamson-Silver-Prizm-Rookie-PSA-10/303496195415?hash=item46a9c86d57:g:qxUAAOSw2XteUM9h
Feb-28 21:32,11,42.0,Wendell Carter Jr. 2018-19 Panini Prizm Rookie Silver Prizms Refractor PSA 10 4B,https://www.ebay.com/itm/Wendell-Carter-Jr-2018-19-Panini-Prizm-Rookie-Silver-Prizms-Refractor-PSA-10-4B/153843450397?hash=item23d1c8c21d:g:RNUAAOSwP~leUeA0
Feb-28 20:40,1,260.0,2016 Panini Prizm SILVER RC Jaylen Brown PSA 10 Gem Mint Celtics,https://www.ebay.com/itm/2016-Panini-Prizm-SILVER-RC-Jaylen-Brown-PSA-10-Gem-Mint-Celtics/202914686877?hash=item2f3ea8679d:g:pFMAAOSw9J9eOhuc
Feb-28 20:35,25,1235.0,LUKA DONCIC PSA 10 GEM MINT ROOKIE SILVER PRIZMS #280 RC SP 2018-19 PANINI PRIZM,https://www.ebay.com/itm/LUKA-DONCIC-PSA-10-GEM-MINT-ROOKIE-SILVER-PRIZMS-280-RC-SP-2018-19-PANINI-PRIZM/352976137985?hash=item522f046f01:g:LGMAAOSwl2BeTK4y
Feb-28 19:40,19,950.0,"2019-20 Zion Williamson Silver Prizm BGS 9.5 (w/ 10 Centering, PSA 10 Potential)",https://www.ebay.com/itm/2019-20-Zion-Williamson-Silver-Prizm-BGS-9-5-w-10-Centering-PSA-10-Potential/193353892572?hash=item2d04ca42dc:g:3gAAAOSwsnVeUKAH
Feb-28 19:06,8,190.5,2018-19 Panini Prizm Michael Porter Jr. Silver Prizm PSA 10 RC,https://www.ebay.com/itm/2018-19-Panini-Prizm-Michael-Porter-Jr-Silver-Prizm-PSA-10-RC/274284680480?hash=item3fdca41520:g:R4wAAOSwuEheL57H
Feb-28 19:02,25,554.0,2018 19 PANINI PRIZM TRAE YOUNG SILVER PRIZM ROOKIE CARD PSA 10 GEM MINT RC,https://www.ebay.com/itm/2018-19-PANINI-PRIZM-TRAE-YOUNG-SILVER-PRIZM-ROOKIE-CARD-PSA-10-GEM-MINT-RC/124092953692?hash=item1ce484345c:g:3eUAAOSwgedeUBwl
Feb-28 18:34,9,64.22,2019 Panini Prizm Rui Hachimura SILVER prizm rookie card #255  wizards PSA 10???,https://www.ebay.com/itm/2019-Panini-Prizm-Rui-Hachimura-SILVER-prizm-rookie-card-255-wizards-PSA-10/193356552533?hash=item2d04f2d955:g:yhQAAOSw7-peUzYE
Feb-28 17:51,12,130.0,Jaren Jackson Jr. 2018-19 Panini Prizm Silver RC PSA 10 * Please Read  🔥1 DAY,https://www.ebay.com/itm/Jaren-Jackson-Jr-2018-19-Panini-Prizm-Silver-RC-PSA-10-Please-Read-1-DAY/153847725260?hash=item23d209fccc:g:2s8AAOSwtEleVydI
Feb-28 17:26,20,55.0,"2018-19 Panini Prizm Silver Emergent Trae Young Rookie RC #5, PSA 10, Pop 14, D",https://www.ebay.com/itm/2018-19-Panini-Prizm-Silver-Emergent-Trae-Young-Rookie-RC-5-PSA-10-Pop-14-D/153837634032?hash=item23d17001f0:g:yqMAAOSwMBlctfbi
Feb-28 17:20,21,56.0,"2018-19 Panini Prizm Silver Freshman Phenoms Trae Young Rookie RC #21, PSA 10",https://www.ebay.com/itm/2018-19-Panini-Prizm-Silver-Freshman-Phenoms-Trae-Young-Rookie-RC-21-PSA-10/153837630339?hash=item23d16ff383:g:3ssAAOSwQtJctfXj
Feb-28 16:57,1,35.22,2018-19 Panini Prizm Silver All Day LeBron James Los Angeles Lakers PSA 10,https://www.ebay.com/itm/2018-19-Panini-Prizm-Silver-All-Day-LeBron-James-Los-Angeles-Lakers-PSA-10/372958260566?hash=item56d60b6d56:g:-98AAOSwubdd-mUM
Feb-28 15:59,1,40.0,2018 Select Collin Sexton Concourse RC Silver Scope Prizm PSA 10 Gem Mint POP 1,https://www.ebay.com/itm/2018-Select-Collin-Sexton-Concourse-RC-Silver-Scope-Prizm-PSA-10-Gem-Mint-POP-1/143538499944?hash=item216b8fb168:g:hgoAAOSwQjhePeLE
Feb-28 12:08,7,6.51,2014 Panini Select Chris Webber Silver Prizm #162 Graded PSA 10 - Gem Mint POP 1,https://www.ebay.com/itm/2014-Panini-Select-Chris-Webber-Silver-Prizm-162-Graded-PSA-10-Gem-Mint-POP-1/254518925169?hash=item3b42829771:g:LewAAOSw0gVdxgHF
Feb-28 10:50,6,38.0,2019-20 RJ Barrett Silver prizm Green Prizm Rc Psa 10 ?,https://www.ebay.com/itm/2019-20-RJ-Barrett-Silver-prizm-Green-Prizm-Rc-Psa-10/223918218587?hash=item342290dd5b:g:jdcAAOSwPpJeTDHL
Feb-28 10:27,23,335.0,Zion Williamson #1 2019 Panini Prizm Draft Picks Silver PSA 10 Gem RC Rookie C,https://www.ebay.com/itm/Zion-Williamson-1-2019-Panini-Prizm-Draft-Picks-Silver-PSA-10-Gem-RC-Rookie-C/184180579323?hash=item2ae2049bfb:g:ZKYAAOSwoqFeUCEe
Feb-28 10:25,7,227.5,Zion Williamson #1 2019 Panini Prizm Draft Picks Silver PSA 10 Gem RC Rookie B,https://www.ebay.com/itm/Zion-Williamson-1-2019-Panini-Prizm-Draft-Picks-Silver-PSA-10-Gem-RC-Rookie-B/184180577142?hash=item2ae2049376:g:s2sAAOSwIsdeUCCg
Feb-28 10:01,14,187.61,Zion Williamson #1 2019 Panini Prizm Draft Picks Silver PSA 10 Gem RC Rookie B,https://www.ebay.com/itm/Zion-Williamson-1-2019-Panini-Prizm-Draft-Picks-Silver-PSA-10-Gem-RC-Rookie-B/184180546905?hash=item2ae2041d59:g:7eAAAOSwjLZeUBrW
Feb-28 10:00,18,250.0,Zion Williamson #1 2019 Panini Prizm Draft Picks Silver PSA 10 Gem RC Rookie,https://www.ebay.com/itm/Zion-Williamson-1-2019-Panini-Prizm-Draft-Picks-Silver-PSA-10-Gem-RC-Rookie/184180545147?hash=item2ae204167b:g:5xAAAOSwiCFeUBqC
Feb-28 07:38,1,1400.0,Jayson Tatum 2017-18 Panini Prizm Silver Rookie RC PSA 10 Gem Mint Celtics Hot!!,https://www.ebay.com/itm/Jayson-Tatum-2017-18-Panini-Prizm-Silver-Rookie-RC-PSA-10-Gem-Mint-Celtics-Hot/202916127296?hash=item2f3ebe6240:g:mmIAAOSwltNeWEd6
Feb-27 20:52,19,72.0,2018-19 Panini Prizm Silver #296 Giannis Antetokounmpo Bucks PSA 10,https://www.ebay.com/itm/2018-19-Panini-Prizm-Silver-296-Giannis-Antetokounmpo-Bucks-PSA-10/383430115621?hash=item5946374125:g:1LAAAOSwfEJeTxAB
Feb-27 20:38,7,7.5,2014-15 Panini Prizm Silver Freshman Phenoms Aaron Gordon RC Rookie PSA 10,https://www.ebay.com/itm/2014-15-Panini-Prizm-Silver-Freshman-Phenoms-Aaron-Gordon-RC-Rookie-PSA-10/362921187770?hash=item547fc9d9ba:g:624AAOSwubdeTxFc
Feb-27 20:33,38,187.5,ZION WILLIAMSON 2019-20 Prizm Draft Picks Silver Prizm Rookie PSA 10 Gem RC,https://www.ebay.com/itm/ZION-WILLIAMSON-2019-20-Prizm-Draft-Picks-Silver-Prizm-Rookie-PSA-10-Gem-RC/254520592762?hash=item3b429c097a:g:MBkAAOSwCH9eUf~e
Feb-27 20:29,33,1276.0,2018-19 LUKA DONCIC PANINI PRIZM SILVER #280 RC SP PSA 10 GEM MINT,https://www.ebay.com/itm/2018-19-LUKA-DONCIC-PANINI-PRIZM-SILVER-280-RC-SP-PSA-10-GEM-MINT/333518765908?hash=item4da7447f54:g:9FAAAOSw7wZeS2f-
Feb-27 20:28,12,29.08,2018 Panini Prizm Freshman Phenoms Silver Trae Young ROOKIE RC #21 PSA 10 (PWCC),https://www.ebay.com/itm/2018-Panini-Prizm-Freshman-Phenoms-Silver-Trae-Young-ROOKIE-RC-21-PSA-10-PWCC/352974929878?hash=item522ef1ffd6:g:vuAAAOSwDudeSyS9
Feb-27 20:28,24,80.0,2018 Panini Prizm Silver Prizm Giannis Antetokounmpo #296 PSA 10 GEM MINT (PWCC),https://www.ebay.com/itm/2018-Panini-Prizm-Silver-Prizm-Giannis-Antetokounmpo-296-PSA-10-GEM-MINT-PWCC/143535626372?hash=item216b63d884:g:Wf8AAOSw-ZJeSyS3
Feb-27 20:27,35,1125.0,2018 Panini Prizm Silver Prizms Luka Doncic ROOKIE RC #280 PSA 10 GEM MT (PWCC),https://www.ebay.com/itm/2018-Panini-Prizm-Silver-Prizms-Luka-Doncic-ROOKIE-RC-280-PSA-10-GEM-MT-PWCC/402101709269?hash=item5d9f2129d5:g:SwgAAOSwFWNeSySs
Feb-27 20:27,22,197.5,2017-18 Panini Prizm Silver #289 Lonzo Ball Los Angeles Lakers RC Rookie PSA 10,https://www.ebay.com/itm/2017-18-Panini-Prizm-Silver-289-Lonzo-Ball-Los-Angeles-Lakers-RC-Rookie-PSA-10/362921196298?epid=0&hash=item547fc9fb0a:g:61IAAOSwhEteTxXQ
Feb-27 20:27,26,1225.0,2018 Panini Prizm Silver Prizms Luka Doncic ROOKIE RC #280 PSA 10 GEM MT (PWCC),https://www.ebay.com/itm/2018-Panini-Prizm-Silver-Prizms-Luka-Doncic-ROOKIE-RC-280-PSA-10-GEM-MT-PWCC/402101709267?hash=item5d9f2129d3:g:XY4AAOSwAPpeSySr
Feb-27 20:27,23,1170.0,2018 Panini Prizm Silver Prizms Luka Doncic ROOKIE RC #280 PSA 10 GEM MT (PWCC),https://www.ebay.com/itm/2018-Panini-Prizm-Silver-Prizms-Luka-Doncic-ROOKIE-RC-280-PSA-10-GEM-MT-PWCC/143535626213?hash=item216b63d7e5:g:6yAAAOSwxs1eSySq
Feb-27 20:27,41,1325.0,2018-19 LUKA DONCIC PANINI PRIZM SILVER #280 RC SP PSA 10 GEM MINT,https://www.ebay.com/itm/2018-19-LUKA-DONCIC-PANINI-PRIZM-SILVER-280-RC-SP-PSA-10-GEM-MINT/333518764988?hash=item4da7447bbc:g:ko0AAOSwUOReS2Th
Feb-27 20:24,7,16.27,2014-15 Panini Select Silver Prizm #15 Anthony Davis New Orleans Pelicans PSA 10,https://www.ebay.com/itm/2014-15-Panini-Select-Silver-Prizm-15-Anthony-Davis-New-Orleans-Pelicans-PSA-10/372960441584?hash=item56d62cb4f0:g:M2kAAOSwe5peTwTy
Feb-27 20:24,9,49.0,2018 Panini Prizm Silver Prizms Wendell Carter Jr. ROOKIE RC #80 PSA 10 (PWCC),https://www.ebay.com/itm/2018-Panini-Prizm-Silver-Prizms-Wendell-Carter-Jr-ROOKIE-RC-80-PSA-10-PWCC/352974927579?hash=item522ef1f6db:g:xk4AAOSwheBeSyR6
Feb-27 20:24,25,510.0,2018 Panini Prizm Silver Prizms Trae Young ROOKIE RC #78 PSA 10 GEM MINT (PWCC),https://www.ebay.com/itm/2018-Panini-Prizm-Silver-Prizms-Trae-Young-ROOKIE-RC-78-PSA-10-GEM-MINT-PWCC/402101708432?hash=item5d9f212690:g:PSkAAOSwSkpeSyR7
Feb-27 20:24,33,540.0,2018 Panini Prizm Silver Prizms Trae Young ROOKIE RC #78 PSA 10 GEM MINT (PWCC),https://www.ebay.com/itm/2018-Panini-Prizm-Silver-Prizms-Trae-Young-ROOKIE-RC-78-PSA-10-GEM-MINT-PWCC/143535625627?hash=item216b63d59b:g:KpQAAOSw96leSyR5
Feb-27 20:24,32,555.0,2018 Panini Prizm Silver Prizms Trae Young ROOKIE RC #78 PSA 10 GEM MINT (PWCC),https://www.ebay.com/itm/2018-Panini-Prizm-Silver-Prizms-Trae-Young-ROOKIE-RC-78-PSA-10-GEM-MINT-PWCC/143535625626?hash=item216b63d59a:g:JRAAAOSwHX5eSyR2
Feb-27 20:23,32,141.61,2018 Panini Prizm Silver Prizms Jaren Jackson Jr. ROOKIE RC #66 PSA 10 (PWCC),https://www.ebay.com/itm/2018-Panini-Prizm-Silver-Prizms-Jaren-Jackson-Jr-ROOKIE-RC-66-PSA-10-PWCC/352974926998?hash=item522ef1f496:g:c8QAAOSwiCFeSyRj
Feb-27 20:22,26,81.0,2018-19 Panini Prizm #15 Kobe Bryant Los Angeles Lakers PSA 10 SILVER PRIZM,https://www.ebay.com/itm/2018-19-Panini-Prizm-15-Kobe-Bryant-Los-Angeles-Lakers-PSA-10-SILVER-PRIZM/264644410143?hash=item3d9e093b1f:g:up0AAOSwgV1eUf13
Feb-27 20:22,8,9.26,2018-19 Panini Prizm Silver Freshman Phenoms Marvin Bagley III RC Rookie PSA 10,https://www.ebay.com/itm/2018-19-Panini-Prizm-Silver-Freshman-Phenoms-Marvin-Bagley-III-RC-Rookie-PSA-10/383430055917?hash=item59463657ed:g:3EIAAOSwyVdeTvkg
Feb-27 20:20,8,36.3,2013-14 Panini Prizm Silver #137 Kyrie Irving Cleveland Cavaliers PSA 10,https://www.ebay.com/itm/2013-14-Panini-Prizm-Silver-137-Kyrie-Irving-Cleveland-Cavaliers-PSA-10/362921060280?hash=item547fc7e7b8:g:9wEAAOSwzjxeTtr9
Feb-27 20:20,17,36.0,2017-18 Panini Prizm Silver #171 Luke Kennard Detroit Pistons RC Rookie PSA 10,https://www.ebay.com/itm/2017-18-Panini-Prizm-Silver-171-Luke-Kennard-Detroit-Pistons-RC-Rookie-PSA-10/362921061880?hash=item547fc7edf8:g:P8gAAOSwWNZeTtuS
Feb-27 20:20,9,103.5,2018-19 Panini Prizm Silver #181 Marvin Bagley III Kings RC Rookie PSA 10,https://www.ebay.com/itm/2018-19-Panini-Prizm-Silver-181-Marvin-Bagley-III-Kings-RC-Rookie-PSA-10/372960282404?hash=item56d62a4724:g:jgoAAOSwR1FeTtkG
Feb-27 20:19,20,34.1,2017-18 Panini Prizm Silver #171 Luke Kennard Pistons RC Rookie PSA 10,https://www.ebay.com/itm/2017-18-Panini-Prizm-Silver-171-Luke-Kennard-Pistons-RC-Rookie-PSA-10/383430101597?hash=item5946370a5d:g:o-oAAOSwtp9eTwrG
Feb-27 20:19,32,202.5,2016 Panini Prizm Silver Prizms Jamal Murray ROOKIE RC #175 PSA 10 GEM MT (PWCC),https://www.ebay.com/itm/2016-Panini-Prizm-Silver-Prizms-Jamal-Murray-ROOKIE-RC-175-PSA-10-GEM-MT-PWCC/402101707234?hash=item5d9f2121e2:g:-9QAAOSwQpNeSyQw
Feb-27 20:19,23,39.55,2018-19 Panini Prizm Silver #217 Kevin Knox New York Knicks RC Rookie PSA 10,https://www.ebay.com/itm/2018-19-Panini-Prizm-Silver-217-Kevin-Knox-New-York-Knicks-RC-Rookie-PSA-10/372960462581?hash=item56d62d06f5:g:TSYAAOSwBrReTwpW
Feb-27 20:19,12,152.5,2015 Panini Prizm Silver Prizms D'Angelo Russell ROOKIE RC #322 PSA 10 (PWCC),https://www.ebay.com/itm/2015-Panini-Prizm-Silver-Prizms-DAngelo-Russell-ROOKIE-RC-322-PSA-10-PWCC/143535624487?hash=item216b63d127:g:A3QAAOSwK9heSyQf
Feb-27 20:19,18,43.0,2018-19 Panini Select Silver Prizm #2 DeAndre Ayton Suns RC Rookie PSA 10,https://www.ebay.com/itm/2018-19-Panini-Select-Silver-Prizm-2-DeAndre-Ayton-Suns-RC-Rookie-PSA-10/362921179139?hash=item547fc9b803:g:aIEAAOSw-IheTwxS
Feb-27 20:18,16,73.0,2014 Select Blue & Silver Prizms Giannis Antetokounmpo #75 PSA 10 GEM MT (PWCC),https://www.ebay.com/itm/2014-Select-Blue-Silver-Prizms-Giannis-Antetokounmpo-75-PSA-10-GEM-MT-PWCC/352974926586?hash=item522ef1f2fa:g:3MYAAOSww5ZeSyQU
Feb-27 20:15,7,21.5,2016-17 Panini Prizm Silver Kyrie Irving Cleveland Cavaliers PSA 10 GEM MINT,https://www.ebay.com/itm/2016-17-Panini-Prizm-Silver-Kyrie-Irving-Cleveland-Cavaliers-PSA-10-GEM-MINT/383430026334?hash=item594635e45e:g:4hcAAOSw2O1eTu5S
Feb-27 20:12,7,14.5,2016-17 Panini Prizm Silver #136 Ivica Zubac Lakers RC Rookie PSA 10 GEM MINT,https://www.ebay.com/itm/2016-17-Panini-Prizm-Silver-136-Ivica-Zubac-Lakers-RC-Rookie-PSA-10-GEM-MINT/372960324110?hash=item56d62aea0e:g:busAAOSw-a5eTuUF
Feb-27 20:12,9,16.5,2016-17 Panini Select Silver Prizm Anthony Davis New Orleans Pelicans PSA 10,https://www.ebay.com/itm/2016-17-Panini-Select-Silver-Prizm-Anthony-Davis-New-Orleans-Pelicans-PSA-10/362921081336?hash=item547fc839f8:g:OtMAAOSwzG9eTuMQ
Feb-27 20:12,9,14.5,2016-17 Panini Prizm Silver #136 Ivica Zubac Lakers RC Rookie PSA 10 GEM MINT,https://www.ebay.com/itm/2016-17-Panini-Prizm-Silver-136-Ivica-Zubac-Lakers-RC-Rookie-PSA-10-GEM-MINT/362921087102?hash=item547fc8507e:g:xmwAAOSwUvheTuVC
Feb-27 20:12,7,23.38,2018-19 Panini Prizm Silver Go Hard Or Go Home Giannis Antetokounmpo PSA 10,https://www.ebay.com/itm/2018-19-Panini-Prizm-Silver-Go-Hard-Or-Go-Home-Giannis-Antetokounmpo-PSA-10/372960326523?hash=item56d62af37b:g:LaUAAOSwMWxeTuW1
Feb-27 20:10,24,530.0,2018-19 Panini Prizm Silver #78 Trae Young Hawks RC Rookie PSA 10 GEM MINT,https://www.ebay.com/itm/2018-19-Panini-Prizm-Silver-78-Trae-Young-Hawks-RC-Rookie-PSA-10-GEM-MINT/372960276944?hash=item56d62a31d0:g:qZkAAOSwD0deTtc4
Feb-27 20:10,19,555.0,2018-19 Panini Prizm Silver #78 Trae Young Hawks RC Rookie PSA 10 GEM MINT,https://www.ebay.com/itm/2018-19-Panini-Prizm-Silver-78-Trae-Young-Hawks-RC-Rookie-PSA-10-GEM-MINT/372960277640?hash=item56d62a3488:g:PBAAAOSwOEJeTtdu
Feb-27 20:01,28,1975.0,2019-20 Panini Prizm Zion Williamson RC #248 Silver Prizm PSA 10 Gem Mint 0002,https://www.ebay.com/itm/2019-20-Panini-Prizm-Zion-Williamson-RC-248-Silver-Prizm-PSA-10-Gem-Mint-0002/143539144877?hash=item216b9988ad:g:ZY4AAOSw3uleUYho
Feb-27 20:00,48,1717.0,2019-20 Donruss Optic Zion Williamson RC #158 Holo Silver Prizm PSA 10 Gem Mint,https://www.ebay.com/itm/2019-20-Donruss-Optic-Zion-Williamson-RC-158-Holo-Silver-Prizm-PSA-10-Gem-Mint/143539132492?hash=item216b99584c:g:P5MAAOSwPn1eUYHH
Feb-27 20:00,25,1975.0,2019-20 Panini Prizm Zion Williamson RC #248 Silver Prizm PSA 10 Gem Mint 1192,https://www.ebay.com/itm/2019-20-Panini-Prizm-Zion-Williamson-RC-248-Silver-Prizm-PSA-10-Gem-Mint-1192/143539135384?hash=item216b996398:g:e44AAOSwPqpeUYQG
Feb-27 19:48,23,155.0,2016 Domantas Sabonis Panini Silver Prizm Rookie RC PSA 10 Holo Refractor Pacers,https://www.ebay.com/itm/2016-Domantas-Sabonis-Panini-Silver-Prizm-Rookie-RC-PSA-10-Holo-Refractor-Pacers/392695741358?hash=item5b6e7d7bae:g:6BgAAOSwXKdeT1LX
Feb-27 19:45,6,15.09,2018-19 Panini Prizm Silver #209 Allonzo Trier Knicks RC Rookie PSA 10 GEM MINT,https://www.ebay.com/itm/2018-19-Panini-Prizm-Silver-209-Allonzo-Trier-Knicks-RC-Rookie-PSA-10-GEM-MINT/372960063144?hash=item56d626eea8:g:fgcAAOSwavReTqLd
Feb-27 19:32,12,15.5,2016-17 Panini Select Silver Prizm #206 James Harden Houston Rockets PSA 10,https://www.ebay.com/itm/2016-17-Panini-Select-Silver-Prizm-206-James-Harden-Houston-Rockets-PSA-10/383430044924?hash=item5946362cfc:g:i4AAAOSwhYNeTvO3
Feb-27 19:30,16,157.5,JAREN JACKSON JR 2018/19 PANINI PRIZM RC ROOKIE SILVER PRIZMS SP PSA 10 GEM MINT,https://www.ebay.com/itm/JAREN-JACKSON-JR-2018-19-PANINI-PRIZM-RC-ROOKIE-SILVER-PRIZMS-SP-PSA-10-GEM-MINT/352978026136?hash=item522f213e98:g:nFUAAOSwfL1eT06S
Feb-27 19:30,23,339.0,2017-18 Panini Prizm Silver #117 Donovan Mitchell Utah Jazz RC Rookie PSA 10,https://www.ebay.com/itm/2017-18-Panini-Prizm-Silver-117-Donovan-Mitchell-Utah-Jazz-RC-Rookie-PSA-10/362920941118?hash=item547fc6163e:g:hHEAAOSw6-5eTqke
Feb-27 19:23,56,162.5,2018-19 Panini Prizm Silver #66 Jaren Jackson Jr. Grizzlies RC Rookie PSA 10,https://www.ebay.com/itm/2018-19-Panini-Prizm-Silver-66-Jaren-Jackson-Jr-Grizzlies-RC-Rookie-PSA-10/383430020518?hash=item594635cda6:g:r1wAAOSwkfVeTuxA
Feb-27 19:23,19,72.0,2018-19 Panini Prizm Silver #296 Giannis Antetokounmpo Bucks PSA 10,https://www.ebay.com/itm/2018-19-Panini-Prizm-Silver-296-Giannis-Antetokounmpo-Bucks-PSA-10/362921108379?hash=item547fc8a39b:g:1J8AAOSwkNReTu27
Feb-27 19:18,1,0.99,🔥 2019  Panini Prizm Goga Bitadze Silver Rookie SP RC #264 PSA 10 ? 🔥 BGS 10 ?,https://www.ebay.com/itm/2019-Panini-Prizm-Goga-Bitadze-Silver-Rookie-SP-RC-264-PSA-10-BGS-10/223917056361?hash=item34227f2169:g:WZEAAOSwVR9eI5CW
Feb-27 19:13,13,76.25,2018-19 Panini Prizm Silver #199 Landry Shamet 76ers RC Rookie PSA 10 GEM MINT,https://www.ebay.com/itm/2018-19-Panini-Prizm-Silver-199-Landry-Shamet-76ers-RC-Rookie-PSA-10-GEM-MINT/362921078602?hash=item547fc82f4a:g:y6gAAOSwubdeTuJK
Feb-27 19:11,24,167.49,2016-17 Panini Select Silver Prizm #118 Pascal Siakam Raptors RC Rookie PSA 10,https://www.ebay.com/itm/2016-17-Panini-Select-Silver-Prizm-118-Pascal-Siakam-Raptors-RC-Rookie-PSA-10/362921063902?hash=item547fc7f5de:g:1EcAAOSwdQFeTtx-
Feb-27 19:11,18,105.0,2018-19 Panini Prizm Silver #181 Marvin Bagley III Kings RC Rookie PSA 10,https://www.ebay.com/itm/2018-19-Panini-Prizm-Silver-181-Marvin-Bagley-III-Kings-RC-Rookie-PSA-10/372960288076?hash=item56d62a5d4c:g:8MwAAOSwTWheTtrp
Feb-27 19:10,20,188.5,2019 PERFECT PSA 10 ZION WILLIAMSON SILVER PRIZM REFRACTOR RC/ROOKIE CARD SP #64,https://www.ebay.com/itm/2019-PERFECT-PSA-10-ZION-WILLIAMSON-SILVER-PRIZM-REFRACTOR-RC-ROOKIE-CARD-SP-64/124087474095?hash=item1ce43097af:g:tGwAAOSwYv9eSvNM
Feb-27 19:05,35,1925.0,2019 PANINI PRIZM SILVER REFRACTOR #248 ZION WILLIAMSON RC PSA 10 GEM MINT PMJS,https://www.ebay.com/itm/2019-PANINI-PRIZM-SILVER-REFRACTOR-248-ZION-WILLIAMSON-RC-PSA-10-GEM-MINT-PMJS/164090682166?hash=item2634911b36:g:o4sAAOSwTkVeTvzR
Feb-27 19:05,19,137.5,2019-20 PERFECT PSA 10 JA MORANT SILVER PRIZM REFRACTOR RC/ROOKIE CARD SSP #2,https://www.ebay.com/itm/2019-20-PERFECT-PSA-10-JA-MORANT-SILVER-PRIZM-REFRACTOR-RC-ROOKIE-CARD-SSP-2/124087461011?hash=item1ce4306493:g:NA8AAOSw6PpeSu~-
Feb-27 19:00,27,82.0,2018-19 Panini Prizm Silver Devonte Graham Rookie RC PSA 10,https://www.ebay.com/itm/2018-19-Panini-Prizm-Silver-Devonte-Graham-Rookie-RC-PSA-10/383429835488?hash=item594632fae0:g:8hIAAOSwf6heTrkj
Feb-27 18:41,10,76.0,2014-15 Prizm Kobe Bryant SP Variation Silver Prizms #8 PSA 10 GEM MINT MCE,https://www.ebay.com/itm/2014-15-Prizm-Kobe-Bryant-SP-Variation-Silver-Prizms-8-PSA-10-GEM-MINT-MCE/372962989294?hash=item56d65394ee:g:wlgAAOSw2VdeUeZg
Feb-27 18:32,10,26.55,2018-19 Panini Prizm Silver #188 Rodions Kurucs Brooklyn Nets RC Rookie PSA 10,https://www.ebay.com/itm/2018-19-Panini-Prizm-Silver-188-Rodions-Kurucs-Brooklyn-Nets-RC-Rookie-PSA-10/372960515099?hash=item56d62dd41b:g:PSkAAOSw7PNeTyAc
Feb-27 18:32,10,13.0,2016-17 Panini Prizm Silver #136 Ivica Zubac Lakers RC Rookie PSA 10 GEM MINT,https://www.ebay.com/itm/2016-17-Panini-Prizm-Silver-136-Ivica-Zubac-Lakers-RC-Rookie-PSA-10-GEM-MINT/372960511089?hash=item56d62dc471:g:rK4AAOSwmopeTx3D
Feb-27 18:17,19,150.0,2018-19 Panini Prizm - DEANDRE AYTON - Suns - RC Silver Prizm - PSA 10 (671,https://www.ebay.com/itm/2018-19-Panini-Prizm-DEANDRE-AYTON-Suns-RC-Silver-Prizm-PSA-10-671/293486299219?hash=item4455258853:g:-PYAAOSwq15eTv3v
Feb-27 18:15,15,96.0,2018-19 Panini Prizm - COLLIN SEXTON - Cavaliers - RC Silver Prizm - PSA 10 (670,https://www.ebay.com/itm/2018-19-Panini-Prizm-COLLIN-SEXTON-Cavaliers-RC-Silver-Prizm-PSA-10-670/293486297282?hash=item44552580c2:g:HCIAAOSwd9heTv2N
Feb-27 17:45,28,1950.0,2019 PANINI PRIZM SILVER REFRACTOR #248 ZION WILLIAMSON RC PSA 10 GEM MINT PMJS,https://www.ebay.com/itm/2019-PANINI-PRIZM-SILVER-REFRACTOR-248-ZION-WILLIAMSON-RC-PSA-10-GEM-MINT-PMJS/164090622319?hash=item263490316f:g:RlwAAOSwdzZeTu-a
Feb-27 17:37,34,1624.0,2019-20 Prizm Ja Morant RC Rookie Auto Autograph Silver Prizm GEM MINT PSA 10,https://www.ebay.com/itm/2019-20-Prizm-Ja-Morant-RC-Rookie-Auto-Autograph-Silver-Prizm-GEM-MINT-PSA-10/324081472927?hash=item4b74c2d59f:g:b-UAAOSwIUReQERM
Feb-27 17:30,10,71.0,2018-19 Panini Prizm SILVER - RC ROOKIE - LANDRY SHAMET PSA 10,https://www.ebay.com/itm/2018-19-Panini-Prizm-SILVER-RC-ROOKIE-LANDRY-SHAMET-PSA-10/362925409901?hash=item54800a466d:g:fPkAAOSwCgleVHih
Feb-27 16:40,22,587.77,TRAE YOUNG 2018-19 Panini Prizm Silver Refractor Rookie RC PSA 10 GEM MINT #78,https://www.ebay.com/itm/TRAE-YOUNG-2018-19-Panini-Prizm-Silver-Refractor-Rookie-RC-PSA-10-GEM-MINT-78/274276647080?hash=item3fdc2980a8:g:cakAAOSwf9teTG2G
Feb-27 15:39,2,52.0,2016/17 Panini Select Courtside Silver Prizm Jamal Murray RC NUGGETS PSA 10,https://www.ebay.com/itm/2016-17-Panini-Select-Courtside-Silver-Prizm-Jamal-Murray-RC-NUGGETS-PSA-10/233498444653?hash=item365d97836d:g:wwYAAOSwvvJduY8N
Feb-27 14:35,1,1299.0,2018-19 Prizm LUKA DONCIC SILVER Prizm Rookie PSA 10,https://www.ebay.com/itm/2018-19-Prizm-LUKA-DONCIC-SILVER-Prizm-Rookie-PSA-10/143537764772?hash=item216b8479a4:g:~xwAAOSwhXxeMtJl
Feb-27 14:34,1,799.0,2018-19 PANINI SELECT SILVER PRIZM LUKA DONCIC #25 PSA 10,https://www.ebay.com/itm/2018-19-PANINI-SELECT-SILVER-PRIZM-LUKA-DONCIC-25-PSA-10/133339939405?hash=item1f0bae024d:g:vo4AAOSwPMpeMtR7
Feb-27 11:15,18,98.77,2019-20 PANINI PRIZM CAM REDDISH ROOKIE SILVER PRIZM AUTO PSA 10 ATLANTA HAWKS,https://www.ebay.com/itm/2019-20-PANINI-PRIZM-CAM-REDDISH-ROOKIE-SILVER-PRIZM-AUTO-PSA-10-ATLANTA-HAWKS/193352256147?hash=item2d04b14a93:g:lzMAAOSw~8leTtqd
Feb-27 09:57,31,340.0,Zion Williamson #1 2019 Panini Prizm Draft Picks Silver PSA 10 Gem RC Lot (2) B,https://www.ebay.com/itm/Zion-Williamson-1-2019-Panini-Prizm-Draft-Picks-Silver-PSA-10-Gem-RC-Lot-2-B/184181890013?hash=item2ae2189bdd:g:ylUAAOSwWnReUWt8
Feb-27 09:51,14,78.77,2019-20 PANINI PRIZM JAXSON HAYES ROOKIE SILVER PRIZM AUTO PSA 10 PELICANS,https://www.ebay.com/itm/2019-20-PANINI-PRIZM-JAXSON-HAYES-ROOKIE-SILVER-PRIZM-AUTO-PSA-10-PELICANS/193352177211?hash=item2d04b0163b:g:Si8AAOSwrsdeTsbw
Feb-27 09:45,22,402.0,2019-20 PANINI PRIZM LEBRON JAMES SILVER PRIZM PSA 10 LOS ANGELES LAKERS,https://www.ebay.com/itm/2019-20-PANINI-PRIZM-LEBRON-JAMES-SILVER-PRIZM-PSA-10-LOS-ANGELES-LAKERS/193352173556?hash=item2d04b007f4:g:-psAAOSwgNZeTsV2
Feb-27 09:42,3,34.0,2019-20 PANINI PRIZM LUKA DONCIC FIREWORKS SILVER PRIZM PSA 10 DALLAS MAVERICKS,https://www.ebay.com/itm/2019-20-PANINI-PRIZM-LUKA-DONCIC-FIREWORKS-SILVER-PRIZM-PSA-10-DALLAS-MAVERICKS/193352171039?hash=item2d04affe1f:g:LYoAAOSw6GJeTsIA
Feb-27 09:23,14,125.0,2019-20 Panini Prizm Tyler Herro Silver RC BGS 9.5 Gem Mint PSA 10? Miami Heat,https://www.ebay.com/itm/2019-20-Panini-Prizm-Tyler-Herro-Silver-RC-BGS-9-5-Gem-Mint-PSA-10-Miami-Heat/333523666523?hash=item4da78f465b:g:fpgAAOSwZwleUWNl
Feb-27 05:30,20,265.0,2019-20 Donruss Optic Ja Morant Silver Prizm Holo RC Grizzlies PSA 10? Card 168,https://www.ebay.com/itm/2019-20-Donruss-Optic-Ja-Morant-Silver-Prizm-Holo-RC-Grizzlies-PSA-10-Card-168/283789755985?hash=item4213300651:g:UO4AAOSwZedeToao
Feb-26 22:05,29,1175.0,2017-18 Panini Prizm Silver #16 Jayson Tatum Boston Celtics RC Rookie PSA 10,https://www.ebay.com/itm/2017-18-Panini-Prizm-Silver-16-Jayson-Tatum-Boston-Celtics-RC-Rookie-PSA-10/264647808175?hash=item3d9e3d14af:g:-LcAAOSwT99eVgqk
Feb-26 20:59,27,1335.0,2018-19 Panini Prizm Silver #280 Luka Doncic Mavericks RC Rookie PSA 10 GEM MINT,https://www.ebay.com/itm/2018-19-Panini-Prizm-Silver-280-Luka-Doncic-Mavericks-RC-Rookie-PSA-10-GEM-MINT/372959264001?hash=item56d61abd01:g:r-MAAOSwJhZeTaWH
Feb-26 20:26,33,1125.0,Ja Morant 2019-20 Panini Prizm Silver RC #249 PSA 10,https://www.ebay.com/itm/Ja-Morant-2019-20-Panini-Prizm-Silver-RC-249-PSA-10/264643395512?hash=item3d9df9bfb8:g:R6kAAOSwRqxeUK1x
Feb-26 20:26,5,102.0,2019-20 PRIZM DRAFT SILVER #64 PSA 10 ZION WILLIAMSON DUKE,https://www.ebay.com/itm/2019-20-PRIZM-DRAFT-SILVER-64-PSA-10-ZION-WILLIAMSON-DUKE/133336546421?hash=item1f0b7a3c75:g:0oMAAOSwtYxeShXs
Feb-26 20:19,18,142.5,2018-19 Panini Prizm Silver #279 DeAndre Ayton Phoenix Suns RC Rookie PSA 10,https://www.ebay.com/itm/2018-19-Panini-Prizm-Silver-279-DeAndre-Ayton-Phoenix-Suns-RC-Rookie-PSA-10/383428873772?hash=item5946244e2c:g:OtgAAOSwg~ReTa19
Feb-26 20:19,15,142.5,2018-19 Panini Prizm Silver #279 DeAndre Ayton Phoenix Suns RC Rookie PSA 10,https://www.ebay.com/itm/2018-19-Panini-Prizm-Silver-279-DeAndre-Ayton-Phoenix-Suns-RC-Rookie-PSA-10/362920250452?hash=item547fbb8c54:g:~jEAAOSwSkpeTa1O
Feb-26 20:13,6,15.5,2018-19 Panini Prizm Silver #219 Ben Simmons 76ers PSA 10 GEM MINT,https://www.ebay.com/itm/2018-19-Panini-Prizm-Silver-219-Ben-Simmons-76ers-PSA-10-GEM-MINT/372959247223?hash=item56d61a7b77:g:UY4AAOSwRqxeTaMz
Feb-26 20:13,43,81.0,2017-18 Panini Prizm Silver #9 Ben Simmons 76ers RC Rookie PSA 10 GEM MINT,https://www.ebay.com/itm/2017-18-Panini-Prizm-Silver-9-Ben-Simmons-76ers-RC-Rookie-PSA-10-GEM-MINT/383428822474?hash=item59462385ca:g:RYYAAOSwm11eTaOC
Feb-26 20:12,4,6.5,2018-19 Panini Prizm Silver Emergent Lonnie Walker IV Spurs RC Rookie PSA 10,https://www.ebay.com/itm/2018-19-Panini-Prizm-Silver-Emergent-Lonnie-Walker-IV-Spurs-RC-Rookie-PSA-10/383428884838?hash=item5946247966:g:9V0AAOSwy2BeTbCV
Feb-26 20:12,16,30.0,2017-18 Panini Prizm Silver #171 Luke Kennard Detroit Pistons RC Rookie PSA 10,https://www.ebay.com/itm/2017-18-Panini-Prizm-Silver-171-Luke-Kennard-Detroit-Pistons-RC-Rookie-PSA-10/362920245771?hash=item547fbb7a0b:g:XcEAAOSwmxVeTasw
Feb-26 20:12,6,41.0,2018-19 Panini Prizm Silver #80 Wendell Carter Jr. Bulls RC Rookie PSA 10,https://www.ebay.com/itm/2018-19-Panini-Prizm-Silver-80-Wendell-Carter-Jr-Bulls-RC-Rookie-PSA-10/372959306932?hash=item56d61b64b4:g:FdgAAOSwC0heTa~F
Feb-26 20:12,20,29.0,2017-18 Panini Prizm Silver #171 Luke Kennard Detroit Pistons RC Rookie PSA 10,https://www.ebay.com/itm/2017-18-Panini-Prizm-Silver-171-Luke-Kennard-Detroit-Pistons-RC-Rookie-PSA-10/383428884431?hash=item59462477cf:g:qzoAAOSwjCxeTbBZ
Feb-26 20:06,5,8.5,2018-19 Panini Prizm Silver Emergent #18 Lonnie Walker IV RC Rookie PSA 10,https://www.ebay.com/itm/2018-19-Panini-Prizm-Silver-Emergent-18-Lonnie-Walker-IV-RC-Rookie-PSA-10/372959269337?hash=item56d61ad1d9:g:r2wAAOSwnhdeTaaR
Feb-26 20:06,17,28.0,2018-19 Panini Prizm Silver Freshman Phenoms Trae Young RC Rookie PSA 10,https://www.ebay.com/itm/2018-19-Panini-Prizm-Silver-Freshman-Phenoms-Trae-Young-RC-Rookie-PSA-10/362920234483?hash=item547fbb4df3:g:-98AAOSwz1peTacP
Feb-26 20:04,16,18.0,2018-19 Panini Prizm Silver #53 Kawhi Leonard Toronto Raptors PSA 10 GEM MINT,https://www.ebay.com/itm/2018-19-Panini-Prizm-Silver-53-Kawhi-Leonard-Toronto-Raptors-PSA-10-GEM-MINT/372959259222?hash=item56d61aaa56:g:NHMAAOSwkcleTae4
Feb-26 20:00,18,32.0,2018-19 Panini Prizm Silver Jayson Tatum Boston Celtics PSA 10 GEM MINT,https://www.ebay.com/itm/2018-19-Panini-Prizm-Silver-Jayson-Tatum-Boston-Celtics-PSA-10-GEM-MINT/383429012693?hash=item5946266cd5:g:psYAAOSwclFeJ39P
Feb-26 19:58,8,26.0,2019-20 PRIZM DRAFT SILVER #8 PSA 10 COBY WHITE UNC,https://www.ebay.com/itm/2019-20-PRIZM-DRAFT-SILVER-8-PSA-10-COBY-WHITE-UNC/143537202448?hash=item216b7be510:g:sjgAAOSwszVeOoC0
Feb-26 19:49,2,10.5,FRANK MASON III RC 2018-19 PANINI PRIZM SILVER PRIZM ROOKIE PSA 10 GEM MINT,https://www.ebay.com/itm/FRANK-MASON-III-RC-2018-19-PANINI-PRIZM-SILVER-PRIZM-ROOKIE-PSA-10-GEM-MINT/264641109768?hash=item3d9dd6df08:g:aV8AAOSwe-NeTgGs
Feb-26 19:40,22,355.0,2018-19 Panini Prizm Silver Jaren Jackson Jr. RC Rookie AUTO Grizzlies PSA 10,https://www.ebay.com/itm/2018-19-Panini-Prizm-Silver-Jaren-Jackson-Jr-RC-Rookie-AUTO-Grizzlies-PSA-10/372959219076?hash=item56d61a0d84:g:Z5wAAOSwDnleTZ0C
Feb-26 19:19,1,525.0,2018-19 Trae Young Prizm Silver PSA 10 Atlanta Hawks,https://www.ebay.com/itm/2018-19-Trae-Young-Prizm-Silver-PSA-10-Atlanta-Hawks/383438785836?hash=item5946bb8d2c:g:NckAAOSwpB5eVyxG
Feb-26 19:00,18,31.01,2017-18 PANINI Prizm DERRICK WHITE SILVER PRIZM Rookie RC Card PSA 10,https://www.ebay.com/itm/2017-18-PANINI-Prizm-DERRICK-WHITE-SILVER-PRIZM-Rookie-RC-Card-PSA-10/264641076408?hash=item3d9dd65cb8:g:Fr0AAOSwW1BeTfZP
Feb-26 19:00,8,9.5,2018-19 Panini Prizm SILVER Mitchell Robinson Rookie RC - Likely PSA 10,https://www.ebay.com/itm/2018-19-Panini-Prizm-SILVER-Mitchell-Robinson-Rookie-RC-Likely-PSA-10/164085747743?hash=item263445d01f:g:AjgAAOSwGL9eSqde
Feb-26 18:59,21,34.0,KEVIN KNOX 2018/19 PANINI PRIZM RC ROOKIE SILVER PRIZM SP PSA 10 GEM MINT,https://www.ebay.com/itm/KEVIN-KNOX-2018-19-PANINI-PRIZM-RC-ROOKIE-SILVER-PRIZM-SP-PSA-10-GEM-MINT/264641075515?hash=item3d9dd6593b:g:UNoAAOSw7UBeTfX4
Feb-26 18:36,1,525.0,2018-19 Prizm Silver Trae Young PSA 10 Gem Mt Atlanta Hawks,https://www.ebay.com/itm/2018-19-Prizm-Silver-Trae-Young-PSA-10-Gem-Mt-Atlanta-Hawks/383438777101?hash=item5946bb6b0d:g:d3sAAOSwuJpeVygl
Feb-26 18:30,21,102.5,Collin Sexton PSA 10 2018-19 Panini Prizm Silver Prizm Rookie RC #170 Cavs Gem,https://www.ebay.com/itm/Collin-Sexton-PSA-10-2018-19-Panini-Prizm-Silver-Prizm-Rookie-RC-170-Cavs-Gem/233502335296?hash=item365dd2e140:g:RgsAAOSwn~JeUB6G
Feb-26 18:28,6,10.5,2019-20 Panini Prizm Bol Bol Silver Prizm RC. Denver Nuggets. PSA 10????,https://www.ebay.com/itm/2019-20-Panini-Prizm-Bol-Bol-Silver-Prizm-RC-Denver-Nuggets-PSA-10/193356548639?hash=item2d04f2ca1f:g:PqQAAOSwHX5eUzSb
Feb-26 17:43,22,129.51,2018 Panini Prizm Silver Prizms DeAndre Ayton ROOKIE RC #279 PSA 10 GEM,https://www.ebay.com/itm/2018-Panini-Prizm-Silver-Prizms-DeAndre-Ayton-ROOKIE-RC-279-PSA-10-GEM/184186635402?hash=item2ae261048a:g:vmYAAOSwFRxeVc1B
Feb-26 16:55,15,63.0,2018-19 Panini Prizm LONNIE WALKER IV Silver Prizm Rookie PSA 10 GEM,https://www.ebay.com/itm/2018-19-Panini-Prizm-LONNIE-WALKER-IV-Silver-Prizm-Rookie-PSA-10-GEM/184180849299?hash=item2ae208ba93:g:JK0AAOSwSdleUFt6
Feb-26 14:25,2,90.0,2018-19 Panini Prizm Silver Devonte Graham Charlotte Hornets RC Rookie PSA 10,https://www.ebay.com/itm/2018-19-Panini-Prizm-Silver-Devonte-Graham-Charlotte-Hornets-RC-Rookie-PSA-10/174200398928?hash=item288f272450:g:WXwAAOSwTWheUx04
Feb-26 14:15,6,198.5,2017 Panini Prizm Silver Prizm Bam Adebayo ROOKIE RC #51 PSA 10 GEM MINT Heat,https://www.ebay.com/itm/2017-Panini-Prizm-Silver-Prizm-Bam-Adebayo-ROOKIE-RC-51-PSA-10-GEM-MINT-Heat/402106401738?hash=item5d9f68c3ca:g:RaoAAOSwM7VeTbLp
Feb-26 10:48,8,35.0,RJ BARRETT 2019-20 PANINI PRIZM DRAFT PICKS SILVER PRIZM ROOKIE CARD #66 PSA 10!,https://www.ebay.com/itm/RJ-BARRETT-2019-20-PANINI-PRIZM-DRAFT-PICKS-SILVER-PRIZM-ROOKIE-CARD-66-PSA-10/223920045563?hash=item3422acbdfb:g:rIgAAOSwChteTYKn
Feb-26 01:23,8,51.0,2018-19 prizm basketball Mitchell Robinson Silver Psa10,https://www.ebay.com/itm/2018-19-prizm-basketball-Mitchell-Robinson-Silver-Psa10/124091969634?hash=item1ce4753062:g:v6oAAOSwEbheT6DV
Feb-25 23:06,1,49.99,2019-20 Prizm Basketball JA MORANT Silver Prizm RC - PSA 10?,https://www.ebay.com/itm/2019-20-Prizm-Basketball-JA-MORANT-Silver-Prizm-RC-PSA-10/274285929193?hash=item3fdcb722e9:g:MPgAAOSwhA9eVMSd
Feb-25 21:47,31,1026.99,2017-18 Panini Prizm Silver #16 Jayson Tatum Boston Celtics RC Rookie PSA 10,https://www.ebay.com/itm/2017-18-Panini-Prizm-Silver-16-Jayson-Tatum-Boston-Celtics-RC-Rookie-PSA-10/264646744204?hash=item3d9e2cd88c:g:wGEAAOSwyqleVLTv
Feb-25 20:59,27,2000.0,2019-20 Panini Prizm Silver #248 Zion Williamson Pelicans RC Rookie PSA 10 RARE,https://www.ebay.com/itm/2019-20-Panini-Prizm-Silver-248-Zion-Williamson-Pelicans-RC-Rookie-PSA-10-RARE/372957883517?hash=item56d605ac7d:g:HOcAAOSwkcleTBut
Feb-25 20:59,31,1305.0,2018-19 Panini Prizm Silver #280 Luka Doncic Mavericks RC Rookie PSA 10 GEM MINT,https://www.ebay.com/itm/2018-19-Panini-Prizm-Silver-280-Luka-Doncic-Mavericks-RC-Rookie-PSA-10-GEM-MINT/372958052261?hash=item56d6083fa5:g:hFQAAOSw9-JeTE~-
Feb-25 20:59,26,1925.0,"2019-20 Panini Prizm Silver #248 Zion Williamson Pelicans RC PSA 10 "" RARE """,https://www.ebay.com/itm/2019-20-Panini-Prizm-Silver-248-Zion-Williamson-Pelicans-RC-PSA-10-RARE/372957910350?hash=item56d606154e:g:CrwAAOSw1UpeTCUo
Feb-25 20:04,21,540.0,2018 Panini Prizm Silver #78 Trae Young RC Gem Mint PSA 10,https://www.ebay.com/itm/2018-Panini-Prizm-Silver-78-Trae-Young-RC-Gem-Mint-PSA-10/372958402492?hash=item56d60d97bc:g:D3sAAOSw6GJeReCa
Feb-25 19:58,21,184.5,LONZO BALL 2017/18 PANINI PRIZM #289 RC ROOKIE SILVER PRIZMS SP PSA 10 GEM MINT,https://www.ebay.com/itm/LONZO-BALL-2017-18-PANINI-PRIZM-289-RC-ROOKIE-SILVER-PRIZMS-SP-PSA-10-GEM-MINT/293483545153?hash=item4454fb8241:g:EOAAAOSww~VeTFev
