Timestamp,Bids,Price,Title,URL
"
			Mar 18, 2020",N/A,599.99,2018 PANINI PRIZM SILVER REFRACTOR #78 TRAE YOUNG RC PSA 10 GEM MINT,https://www.ebay.com/itm/2018-PANINI-PRIZM-SILVER-REFRACTOR-78-TRAE-YOUNG-RC-PSA-10-GEM-MINT/333550792321?hash=item4da92d2e81:g:d-wAAOSwr9BecqJX
"
			Mar 18, 2020",N/A,130.0,2018-19 Panini Prizm Lebron James Silver Prizm #6 PSA 10 GEM MINT Cavs Lakers,https://www.ebay.com/itm/2018-19-Panini-Prizm-Lebron-James-Silver-Prizm-6-PSA-10-GEM-MINT-Cavs-Lakers/233531353438?hash=item365f8da95e:g:N1QAAOSwXepeccin
"
			Mar 18, 2020",N/A,200.0,2019-20 LeBron James Donruss Optic Silver Holo Prizm  SP PSA 10??,https://www.ebay.com/itm/2019-20-LeBron-James-Donruss-Optic-Silver-Holo-Prizm-SP-PSA-10/153867919490?hash=item23d33e2082:g:H5AAAOSw6N9ecHfZ
"
			Mar 18, 2020",N/A,1000.0,2017-18 Prizm Silver & Select Scope Jayson Tatum Lot (2) RC BGS 9.5 & PSA 10,https://www.ebay.com/itm/2017-18-Prizm-Silver-Select-Scope-Jayson-Tatum-Lot-2-RC-BGS-9-5-PSA-10/223950396635?hash=item34247bdcdb:g:wAcAAOSw8~5eckPR
"
			Mar 18, 2020",N/A,47.75,2019-20 Panini Prizm Silver Prizm #210 Kevin Durant Warriors PSA 10 GEM MINT,https://www.ebay.com/itm/2019-20-Panini-Prizm-Silver-Prizm-210-Kevin-Durant-Warriors-PSA-10-GEM-MINT/333550679667?hash=item4da92b7673:g:TBoAAOSwR4hecn8v
"
			Mar 18, 2020",N/A,1450.0,LUKA DONCIC 2018/19 PANINI PRIZM #280 RC ROOKIE SILVER PRIZMS SP PSA 10 GEM MINT,https://www.ebay.com/itm/LUKA-DONCIC-2018-19-PANINI-PRIZM-280-RC-ROOKIE-SILVER-PRIZMS-SP-PSA-10-GEM-MINT/274311063180?hash=item3fde36a68c:g:dy4AAOSwlSZecl8w
"
			Mar 18, 2020",N/A,174.99,Donovan Mitchell 2017-18 Panini Prizm Mosaic Silver Refractor RC #5 - PSA 10 Gem,https://www.ebay.com/itm/Donovan-Mitchell-2017-18-Panini-Prizm-Mosaic-Silver-Refractor-RC-5-PSA-10-Gem/124064011450?hash=item1ce2ca94ba:g:t~gAAOSw3lxeMIuG
"
			Mar 18, 2020",N/A,135.0,2019 Panini Hoops #210 TYLER HERRO RC Rookie | Silver SP /199 | PSA 10 Gem Mint,https://www.ebay.com/itm/2019-Panini-Hoops-210-TYLER-HERRO-RC-Rookie-Silver-SP-199-PSA-10-Gem-Mint/114152363409?hash=item1a9402d591:g:KYoAAOSwDRNecTrr
"
			Mar 18, 2020",N/A,49.95,MO BAMBA 2018-19 PANINI PRIZM SILVER PRIZM ROOKIE RC #99 PSA 10,https://www.ebay.com/itm/MO-BAMBA-2018-19-PANINI-PRIZM-SILVER-PRIZM-ROOKIE-RC-99-PSA-10/264567288128?hash=item3d99707140:g:JbMAAOSw849d9ZKb
"
			Mar 18, 2020",N/A,135.0,2018-19 Panini Prizm Silver DeAndre Ayton Suns RC Rookie PSA 10 GEM MINT!!,https://www.ebay.com/itm/2018-19-Panini-Prizm-Silver-DeAndre-Ayton-Suns-RC-Rookie-PSA-10-GEM-MINT/392731521463?hash=item5b709f71b7:g:tw4AAOSwTjdeanSk
"
			Mar 18, 2020",N/A,135.0,2019-20 PANINI PRIZM #274 KEVIN PORTER JR SILVER PRIZM Cavaliers PSA 10 GEM MINT,https://www.ebay.com/itm/2019-20-PANINI-PRIZM-274-KEVIN-PORTER-JR-SILVER-PRIZM-Cavaliers-PSA-10-GEM-MINT/333550557020?hash=item4da929975c:g:arAAAOSw2fhecl5U
"
			Mar 18, 2020",N/A,199.99,2017 Select Silver Prizm LeBRON JAMES Basketball Card PSA 10 GEM MINT / Low Pop,https://www.ebay.com/itm/2017-Select-Silver-Prizm-LeBRON-JAMES-Basketball-Card-PSA-10-GEM-MINT-Low-Pop/164108109109?hash=item26359b0535:g:0HoAAOSwf0teXgnq
"
			Mar 18, 2020",N/A,299.0,2019 PANINI PRIZM BRANDON CLARKE ROOKIE RC SILVER PRIZM PSA 10 GEM MINT,https://www.ebay.com/itm/2019-PANINI-PRIZM-BRANDON-CLARKE-ROOKIE-RC-SILVER-PRIZM-PSA-10-GEM-MINT/293508774580?hash=item44567c7ab4:g:yWsAAOSw3TNeaZLr
"
			Mar 18, 2020",N/A,1199.99,2019 Panini Prizm Silver #249 Ja Morant RC Gem Mint PSA 10,https://www.ebay.com/itm/2019-Panini-Prizm-Silver-249-Ja-Morant-RC-Gem-Mint-PSA-10/202934928889?hash=item2f3fdd45f9:g:EgQAAOSw23NebUXJ
"
			Mar 18, 2020",N/A,139.95,2019-20 Panini Prizm Silver #258 PJ Washington RC Rookie PSA 10 Gem Mint Hornets,https://www.ebay.com/itm/2019-20-Panini-Prizm-Silver-258-PJ-Washington-RC-Rookie-PSA-10-Gem-Mint-Hornets/264625949292?hash=item3d9cef8a6c:g:95QAAOSwFhBePNQ7
"
			Mar 18, 2020",N/A,79.95,2018-19 LONNIE WALKER IV Prizm #251 Silver PSA 10 GEM Mint Rookie RC Spurs Holo!,https://www.ebay.com/itm/2018-19-LONNIE-WALKER-IV-Prizm-251-Silver-PSA-10-GEM-Mint-Rookie-RC-Spurs-Holo/124116195116?hash=item1ce5e6d72c:g:ahwAAOSw1PNeavsk
"
			Mar 18, 2020",N/A,475.0,2019-2020 Panini Prizm Lebron James SILVER Prizm PSA 10 - Lakers / Refractor,https://www.ebay.com/itm/2019-2020-Panini-Prizm-Lebron-James-SILVER-Prizm-PSA-10-Lakers-Refractor/133363649234?hash=item1f0d17cad2:g:EB4AAOSwQzVecMXH
"
			Mar 18, 2020",N/A,24.99,2016-17 Panini Prizm Georges Niang Silver Holo Rookie RC PSA 10 Pacers Gem Mint,https://www.ebay.com/itm/2016-17-Panini-Prizm-Georges-Niang-Silver-Holo-Rookie-RC-PSA-10-Pacers-Gem-Mint/274274578366?hash=item3fdc09efbe:g:CEoAAOSw9tFeSxAW
"
			Mar 18, 2020",N/A,450.0,Luka Doncic 2018 Prizm Rookie Rc GEM MINT PSA 10 no silver,https://www.ebay.com/itm/Luka-Doncic-2018-Prizm-Rookie-Rc-GEM-MINT-PSA-10-no-silver/124121750063?hash=item1ce63b9a2f:g:z~oAAOSw5p5ecbMA
"
			Mar 18, 2020",N/A,44.75,2019 Panini Prizm Get Hyped Prizm Silver #3 Giannis Antetokounmpo PSA 10 GEM MT,https://www.ebay.com/itm/2019-Panini-Prizm-Get-Hyped-Prizm-Silver-3-Giannis-Antetokounmpo-PSA-10-GEM-MT/333549529333?hash=item4da919e8f5:g:JrYAAOSwROtecTLy
"
			Mar 18, 2020",N/A,99.99,LeBron James 2014-15 Panini Prizm Superstars Silver Prizm #1 Cavaliers PSA 10,https://www.ebay.com/itm/LeBron-James-2014-15-Panini-Prizm-Superstars-Silver-Prizm-1-Cavaliers-PSA-10/264655598298?hash=item3d9eb3f2da:g:kTMAAOSwZ3JeXyE7
"
			Mar 18, 2020",N/A,38.0,2019-20 Panini Prizm RUI HACHIMURA Prizm Silver Rookie Holo RC #255 🔥PSA 10?🔥,https://www.ebay.com/itm/2019-20-Panini-Prizm-RUI-HACHIMURA-Prizm-Silver-Rookie-Holo-RC-255-PSA-10/254542789679?hash=item3b43eebc2f:g:J2AAAOSwxeleb-eh
"
			Mar 18, 2020",N/A,99.99,2014-15 Panini Prizm Fireworks Silver Prizm Refractor PSA 10 GEM  LeBron James,https://www.ebay.com/itm/2014-15-Panini-Prizm-Fireworks-Silver-Prizm-Refractor-PSA-10-GEM-LeBron-James/223946710714?hash=item3424439eba:g:55oAAOSwyIleXduF
"
			Mar 17, 2020",N/A,179.99,MICHAEL PORTER JR. 2018-19 Panini Prizm Rookie RC Silver PSA 10 GEM MINT,https://www.ebay.com/itm/MICHAEL-PORTER-JR-2018-19-Panini-Prizm-Rookie-RC-Silver-PSA-10-GEM-MINT/383467865332?hash=item59487744f4:g:SyAAAOSwbkRecXqF
"
			Mar 17, 2020",N/A,14.99,Svi Mykhailiuk 2018-19 Panini Prizm Silver - PSA 10,https://www.ebay.com/itm/Svi-Mykhailiuk-2018-19-Panini-Prizm-Silver-PSA-10/233529340859?hash=item365f6ef3bb:g:zNUAAOSw9jdea4CW
"
			Mar 17, 2020",N/A,295.0,2018 Panini Silver Prizm SHAI GILGEOUS-ALEXA,https://www.ebay.com/itm/2018-Panini-Silver-Prizm-SHAI-GILGEOUS-ALEXANDER-184-Silver-Rookie-Card-PSA-10/143554848828?hash=item216c89283c:g:ZSUAAOSw5gVebG-O
"
			Mar 17, 2020",N/A,100.0,2019-20 Prizm DARIUS GARLAND SILVER Prizm Rookie PSA 10 CLEVELAND CAVALIERS,https://www.ebay.com/itm/2019-20-Prizm-DARIUS-GARLAND-SILVER-Prizm-Rookie-PSA-10-CLEVELAND-CAVALIERS/324106668955?hash=item4b76434b9b:g:mH8AAOSw-execWSa
"
			Mar 17, 2020",N/A,39.99,DEANDRE AYTON 2018-19 Panini SILVER PRIZM RC ROOKIE PSA 10 (POP 21) Phoenix Suns,https://www.ebay.com/itm/DEANDRE-AYTON-2018-19-Panini-SILVER-PRIZM-RC-ROOKIE-PSA-10-POP-21-Phoenix-Suns/324088209451?hash=item4b7529a02b:g:QNoAAOSwDKheWoZn
"
			Mar 17, 2020",N/A,39.99,2017 Panini Select Tom Brady #269 FIELD LEVEL SILVER PRIZM PSA 10 GEM MINT,https://www.ebay.com/itm/2017-Panini-Select-Tom-Brady-269-FIELD-LEVEL-SILVER-PRIZM-PSA-10-GEM-MINT/333485638593?hash=item4da54b03c1:g:T~MAAOSwRqxeI2WF
"
			Mar 17, 2020",N/A,1500.0,LUKA DONCIC 2018/19 PANINI PRIZM #280 RC ROOKIE SILVER PRIZMS SP PSA 10 GEM MINT,https://www.ebay.com/itm/LUKA-DONCIC-2018-19-PANINI-PRIZM-280-RC-ROOKIE-SILVER-PRIZMS-SP-PSA-10-GEM-MINT/324106589587?hash=item4b76421593:g:ZCYAAOSwKAJecUg~
"
			Mar 17, 2020",N/A,99.99,Ja Morant 2019-20 Panini Prizm Draft Picks Silver #65 PSA 10 Gem Mint Grizzlies,https://www.ebay.com/itm/Ja-Morant-2019-20-Panini-Prizm-Draft-Picks-Silver-65-PSA-10-Gem-Mint-Grizzlies/353006642779?hash=item5230d5e65b:g:kf8AAOSwaqFebsWw
"
			Mar 17, 2020",N/A,124.99,2019-20 Panini Prizm 290 MATISSE THYBULLE Silver Prizm Rookie PSA 10 GEM MINT,https://www.ebay.com/itm/2019-20-Panini-Prizm-290-MATISSE-THYBULLE-Silver-Prizm-Rookie-PSA-10-GEM-MINT/283813495933?hash=item42149a447d:g:HeQAAOSwtzJeayCW
"
			Mar 17, 2020",N/A,89.99,2015/16 Panini Prizm SILVER Justise Winslow RC Rookie Card PSA 10 GEM MINT #336,https://www.ebay.com/itm/2015-16-Panini-Prizm-SILVER-Justise-Winslow-RC-Rookie-Card-PSA-10-GEM-MINT-336/312874916559?hash=item48d8cc5acf:g:3ZoAAOSwFQVd6Mvv
"
			Mar 17, 2020",N/A,135.0,JA MORANT 2019 PANINI PRIZM DRAFT PICK SILVER RC #65 PSA 10 GEM MINT 🔥🔥🔥 ROY?,https://www.ebay.com/itm/JA-MORANT-2019-PANINI-PRIZM-DRAFT-PICK-SILVER-RC-65-PSA-10-GEM-MINT-ROY/303510801388?hash=item46aaa74bec:g:1bgAAOSwCnpeZ0fX
"
			Mar 17, 2020",N/A,99.99,LUKA DONCIC - 2019-20 Panini Prizm SILVER 2nd Year - BGS 9.5 - PSA 10? Mavericks,https://www.ebay.com/itm/LUKA-DONCIC-2019-20-Panini-Prizm-SILVER-2nd-Year-BGS-9-5-PSA-10-Mavericks/153862458562?hash=item23d2eaccc2:g:8AUAAOSwE-Veapbb
"
			Mar 17, 2020",N/A,100.0,2019-20 Prizm SEKOU DOUMBOUYA SILVER Prizm Rookie PSA 10 DETROIT PISTONS,https://www.ebay.com/itm/2019-20-Prizm-SEKOU-DOUMBOUYA-SILVER-Prizm-Rookie-PSA-10-DETROIT-PISTONS/223949781348?hash=item3424727964:g:hYMAAOSw5jlecWQL
"
			Mar 17, 2020",N/A,350.0,2013-14 Panini Prizm Kevin Durant #147 Silver Refractor PSA 10,https://www.ebay.com/itm/2013-14-Panini-Prizm-Kevin-Durant-147-Silver-Refractor-PSA-10/274309840010?hash=item3fde23fc8a:g:vCcAAOSw~wZecO7S
"
			Mar 17, 2020",N/A,150.0,KAWHI LEONARD 2013 PANINI PRIZM #14 BRILLIANCE SILVER REFRACTOR INSERT PSA 10,https://www.ebay.com/itm/KAWHI-LEONARD-2013-PANINI-PRIZM-14-BRILLIANCE-SILVER-REFRACTOR-INSERT-PSA-10/362943587439?hash=item54811fa46f:g:QD0AAOSwAS1ea~Qu
"
			Mar 17, 2020",N/A,32.99,LeBRON JAMES 2018-19 PANINI PRIZM “PINK ICE” SILVER PRIZM REFRACTOR! SSP PSA 10?,https://www.ebay.com/itm/LeBRON-JAMES-2018-19-PANINI-PRIZM-PINK-ICE-SILVER-PRIZM-REFRACTOR-SSP-PSA-10/264666244713?hash=item3d9f566669:g:1yMAAOSwQ8Vea~n7
"
			Mar 17, 2020",N/A,149.99,2019-20 Coby White Silver Prizm #253 PSA 10 ?,https://www.ebay.com/itm/2019-20-Coby-White-Silver-Prizm-253-PSA-10/193361028322?hash=item2d053724e2:g:xkwAAOSwGIReV8U5
"
			Mar 17, 2020",N/A,124.99,Marvin Bagley 2018-19 Panini Prizm Prizm Silver Rookie Rc #181 PSA 10,https://www.ebay.com/itm/Marvin-Bagley-2018-19-Panini-Prizm-Prizm-Silver-Rookie-Rc-181-PSA-10/124115555777?hash=item1ce5dd15c1:g:hWEAAOSwKKpeakte
"
			Mar 17, 2020",N/A,475.0,2019-20 Panini Prizm LeBron James Silver Prizm #129 PSA 10 GEM MINT Lakers,https://www.ebay.com/itm/2019-20-Panini-Prizm-LeBron-James-Silver-Prizm-129-PSA-10-GEM-MINT-Lakers/254543647547?hash=item3b43fbd33b:g:~YAAAOSwItFecSTC
"
			Mar 17, 2020",N/A,15.0,Josh Hart 2017-18 Panini Prizm Silver RC PSA 10,https://www.ebay.com/itm/Josh-Hart-2017-18-Panini-Prizm-Silver-RC-PSA-10/333548537735?hash=item4da90ac787:g:vj8AAOSwMQJecBtE
"
			Mar 17, 2020",N/A,85.0,Jayson Tatum 2018 Panini Prizm Silver Prizm Refractor PSA 10 Gem Mt  Celtics,https://www.ebay.com/itm/Jayson-Tatum-2018-Panini-Prizm-Silver-Prizm-Refractor-PSA-10-Gem-Mt-Celtics/124118126781?hash=item1ce60450bd:g:EasAAOSw9rJebVJJ
"
			Mar 17, 2020",N/A,24.99,2014-15 Prizm Kevin Durant Representative,https://www.ebay.com/itm/2014-15-Prizm-Kevin-Durant-Representatives-Silver-Prizms-1-PSA-10-POP-7/113599646203?hash=item1a731109fb:g:Z7MAAOSwqLlcTOyk
"
			Mar 17, 2020",N/A,58.95,2019-20 Panini Prizm Luka Doncic Silver Prizm Mavericks Dallas Non Auto PSA 10?,https://www.ebay.com/itm/2019-20-Panini-Prizm-Luka-Doncic-Silver-Prizm-Mavericks-Dallas-Non-Auto-PSA-10/383427260603?hash=item59460bb0bb:g:mdIAAOSw5K5eTCI1
"
			Mar 17, 2020",N/A,34.99,2018-19 Panini Prizm Prizms Silver #294 Lonzo Ball PSA 10,https://www.ebay.com/itm/2018-19-Panini-Prizm-Prizms-Silver-294-Lonzo-Ball-PSA-10/402049960651?hash=item5d9c0b8acb:g:AuYAAOSwRl1eKxIx
"
			Mar 17, 2020",N/A,399.99,2019-20 Prizm RJ Barrett Silver Prizm PSA 10 Gem Mint New York Knicks Rookie RC,https://www.ebay.com/itm/2019-20-Prizm-RJ-Barrett-Silver-Prizm-PSA-10-Gem-Mint-New-York-Knicks-Rookie-RC/333546828657?hash=item4da8f0b371:g:BL8AAOSwbj9ebl~f
"
			Mar 17, 2020",N/A,1150.0,Ja Morant 2019-20 Panini Prizm Silver Rookie RC #249 PSA 10 GEM MINT LOW POP,https://www.ebay.com/itm/Ja-Morant-2019-20-Panini-Prizm-Silver-Rookie-RC-249-PSA-10-GEM-MINT-LOW-POP/223945227702?hash=item34242cfdb6:g:zIwAAOSwKI5ea4Jo
"
			Mar 17, 2020",N/A,129.0,2017-18 Panini Prizm Jonathan Isaac Silver Rookie Card Psa 10 RC GEM MINT #73,https://www.ebay.com/itm/2017-18-Panini-Prizm-Jonathan-Isaac-Silver-Rookie-Card-Psa-10-RC-GEM-MINT-73/223947839864?hash=item342454d978:g:HiQAAOSwxfhebswy
"
			Mar 17, 2020",N/A,199.99,2018-19 Panini Prizm 170 COLLIN SEXTON Rookie Silver Prizm PSA 10 GEM MINT SP,https://www.ebay.com/itm/2018-19-Panini-Prizm-170-COLLIN-SEXTON-Rookie-Silver-Prizm-PSA-10-GEM-MINT-SP/283813524178?hash=item42149ab2d2:g:yHAAAOSwZDleaywL
"
			Mar 17, 2020",N/A,275.0,2019 Prizm Silver Luka Doncic #75 PSA 10 GEM MINT,https://www.ebay.com/itm/2019-Prizm-Silver-Luka-Doncic-75-PSA-10-GEM-MINT/174222531008?hash=item289078d9c0:g:N2kAAOSwwWheb~Uh
"
			Mar 17, 2020",N/A,374.99,2019-20 Panini Prizm Silver #255 Rui Hachimura Wizards RC Rookie PSA 10 GEM MINT,https://www.ebay.com/itm/2019-20-Panini-Prizm-Silver-255-Rui-Hachimura-Wizards-RC-Rookie-PSA-10-GEM-MINT/274303886479?hash=item3fddc9248f:g:xrYAAOSw9uxeaZPR
"
			Mar 17, 2020",N/A,17.99,2019-20 Optic Fanatics RJ BARRETT Silver Wave Prizm SP RC RATED ROOKIE PSA 10?,https://www.ebay.com/itm/2019-20-Optic-Fanatics-RJ-BARRETT-Silver-Wave-Prizm-SP-RC-RATED-ROOKIE-PSA-10/303512322089?hash=item46aabe8029:g:KF4AAOSwhQheaYPy
"
			Mar 17, 2020",N/A,59.99,2019 Panini Prizm SILVER Cameron Johnson #257 RC PSA 10 QTY AVL,https://www.ebay.com/itm/2019-Panini-Prizm-SILVER-Cameron-Johnson-257-RC-PSA-10-QTY-AVL/223918359596?hash=item342293042c:g:aRgAAOSwzwxeKKkP
"
			Mar 16, 2020",N/A,169.99,2018-19 Panini Prizm Jaren Jackson Jr Rookie silver prizm PSA 10 Grizzlies,https://www.ebay.com/itm/2018-19-Panini-Prizm-Jaren-Jackson-Jr-Rookie-silver-prizm-PSA-10-Grizzlies/164088377276?hash=item26346defbc:g:RmIAAOSwHB5eTOZ4
"
			Mar 16, 2020",N/A,475.0,2019-2020 Panini Prizm Lebron James SILVER Prizm PSA 10 - Lakers / Refractor,https://www.ebay.com/itm/2019-2020-Panini-Prizm-Lebron-James-SILVER-Prizm-PSA-10-Lakers-Refractor/133362743871?hash=item1f0d09fa3f:g:IlEAAOSwtpBeaoLm
"
			Mar 16, 2020",N/A,599.99,2018-19 Panini Prizm Trae Young SILVER RC Refractor PSA 10 Gem Mint NBA ATL Hawk,https://www.ebay.com/itm/2018-19-Panini-Prizm-Trae-Young-SILVER-RC-Refractor-PSA-10-Gem-Mint-NBA-ATL-Hawk/293514099820?hash=item4456cdbc6c:g:Aj0AAOSwoGdecAU9
"
			Mar 16, 2020",N/A,100.0,2018 PANINI SILVER PRIZM - DONTE DiVINCENZO RC #246 - PSA 10 GEM MINT,https://www.ebay.com/itm/2018-PANINI-SILVER-PRIZM-DONTE-DiVINCENZO-RC-246-PSA-10-GEM-MINT/283816549506?hash=item4214c8dc82:g:4qAAAOSwwaVeYXQ5
"
			Mar 16, 2020",N/A,134.99,2018-19 Panini Prizm DeAndre Ayton Silver Prizm Suns Rookie Rc PSA 10 GEM MINT,https://www.ebay.com/itm/2018-19-Panini-Prizm-DeAndre-Ayton-Silver-Prizm-Suns-Rookie-Rc-PSA-10-GEM-MINT/283817515300?hash=item4214d79924:g:Tv8AAOSw1txebnUl
"
			Mar 16, 2020",N/A,149.0,DEVONTE GRAHAM 2018/19 PANINI PRIZM RC ROOKIE SILVER PRIZMS SP PSA 10 GEM MINT,https://www.ebay.com/itm/DEVONTE-GRAHAM-2018-19-PANINI-PRIZM-RC-ROOKIE-SILVER-PRIZMS-SP-PSA-10-GEM-MINT/392693799023?hash=item5b6e5fd86f:g:mb8AAOSwtCNeTVAA
"
			Mar 16, 2020",N/A,89.0,2017-18 Panini Select Lauri Markkanen RC Phenomenon Silver Prizm Case Hit PSA 10,https://www.ebay.com/itm/2017-18-Panini-Select-Lauri-Markkanen-RC-Phenomenon-Silver-Prizm-Case-Hit-PSA-10/273863821119?hash=item3fc38e473f:g:GbUAAOSw-qZc6wGG
"
			Mar 16, 2020",N/A,281.93,2018-19 Panini Select TRAE YOUNG #142 Silver Prizm Rookie PSA 10 Gem Mint Hawks,https://www.ebay.com/itm/2018-19-Panini-Select-TRAE-YOUNG-142-Silver-Prizm-Rookie-PSA-10-Gem-Mint-Hawks/153867455015?hash=item23d3370a27:g:pMcAAOSwU8RecA6N
N/A,N/A,83.0,2018-19 Prizm Anfernee Simons Rc Silver Psa 10 Gem Mint Trailblazers  Qty Avail,https://www.ebay.com/itm/2018-19-Prizm-Anfernee-Simons-Rc-Silver-Psa-10-Gem-Mint-Trailblazers-Qty-Avail/264661053762?hash=item3d9f073142:g:g5QAAOSwyzleQ2d8
"
			Mar 16, 2020",N/A,549.99,2019-20 PANINI PRIZM LEBRON JAMES SILVER PRIZM PSA 10 LOS ANGELES LAKERS READ,https://www.ebay.com/itm/2019-20-PANINI-PRIZM-LEBRON-JAMES-SILVER-PRIZM-PSA-10-LOS-ANGELES-LAKERS-READ/303515600387?hash=item46aaf08603:g:HVYAAOSwSD9ebsur
"
			Mar 16, 2020",N/A,599.99,LeBRON JAMES 2019-20 PRIZM SILVER PRIZM SP PSA 10 GEM MINT LOS ANGELES LAKERS,https://www.ebay.com/itm/LeBRON-JAMES-2019-20-PRIZM-SILVER-PRIZM-SP-PSA-10-GEM-MINT-LOS-ANGELES-LAKERS/193381445519?hash=item2d066eaf8f:g:SfAAAOSws~NebBn8
"
			Mar 16, 2020",N/A,1000.0,PSA 10 2019-20 Panini Prizm JA MORANT Silver RC Refractor Prizm Rookie!,https://www.ebay.com/itm/PSA-10-2019-20-Panini-Prizm-JA-MORANT-Silver-RC-Refractor-Prizm-Rookie/324104751634?hash=item4b76260a12:g:4qEAAOSwTBReYspo
"
			Mar 16, 2020",N/A,229.95,2015-16 Prizm Silver D'ANGELO RUSSELL Refractor PSA 10 GEM MINT Rookie RC #322,https://www.ebay.com/itm/2015-16-Prizm-Silver-DANGELO-RUSSELL-Refractor-PSA-10-GEM-MINT-Rookie-RC-322/123941251423?hash=item1cdb79695f:g:XSEAAOSwqK1dpoA~
"
			Mar 16, 2020",N/A,174.99,Michael Porter Jr. 2018 19 Panini Prizm Nuggets RC Rookie Silver Prizm PSA 10,https://www.ebay.com/itm/Michael-Porter-Jr-2018-19-Panini-Prizm-Nuggets-RC-Rookie-Silver-Prizm-PSA-10/313024176521?hash=item48e1b1e189:g:pKMAAOSw3rleZ-vh
"
			Mar 16, 2020",N/A,49.99,2018-19 Panini Prizm Mo Bamba Silver Rookie RC PSA 10 Gem Mint Orlando Magic,https://www.ebay.com/itm/2018-19-Panini-Prizm-Mo-Bamba-Silver-Rookie-RC-PSA-10-Gem-Mint-Orlando-Magic/402165725860?hash=item5da2f1faa4:g:z1kAAOSwJUdeb9Tx
"
			Mar 16, 2020",N/A,29.99,2018-19 Panini Prizm Silver Freshman Phenoms DeAndre Ayton Rookie RC #25 PSA 10,https://www.ebay.com/itm/2018-19-Panini-Prizm-Silver-Freshman-Phenoms-DeAndre-Ayton-Rookie-RC-25-PSA-10/254525313208?hash=item3b42e410b8:g:0YgAAOSwNYZeWJ9a
N/A,N/A,654.99,TRAE YOUNG 2018/19 PRIZM #78 RC ROOKIE SILVER PRIZMS SP PSA 10 GEM MINT!!  QTY,https://www.ebay.com/itm/TRAE-YOUNG-2018-19-PRIZM-78-RC-ROOKIE-SILVER-PRIZMS-SP-PSA-10-GEM-MINT-QTY/153866793320?hash=item23d32cf168:g:RW8AAOSwxv1eaVY4
"
			Mar 16, 2020",N/A,129.99,2018-19 Prizm Devonte' Graham HORNETS RC Rookie Silver #288 PSA 10 Gem Mint,https://www.ebay.com/itm/2018-19-Prizm-Devonte-Graham-HORNETS-RC-Rookie-Silver-288-PSA-10-Gem-Mint/274306040316?hash=item3fddea01fc:g:z7MAAOSwiEVea9Wu
"
			Mar 16, 2020",N/A,69.99,2018-19 Panini Prizm SILVER - RC ROOKIE - LANDRY SHAMET PSA 10,https://www.ebay.com/itm/2018-19-Panini-Prizm-SILVER-RC-ROOKIE-LANDRY-SHAMET-PSA-10/153852151795?hash=item23d24d87f3:g:fU0AAOSweaReXgO9
"
			Mar 16, 2020",N/A,199.99,2014-15 Panini Prizm LEBRON JAMES SP Variations Silver Prizm PSA 10 GEM “HOT”,https://www.ebay.com/itm/2014-15-Panini-Prizm-LEBRON-JAMES-SP-Variations-Silver-Prizm-PSA-10-GEM-HOT/124060855792?hash=item1ce29a6df0:g:7q0AAOSwW1BeLNGb
"
			Mar 16, 2020",N/A,1300.0,2019-20 PANINI PRIZM LEBRON JAMES SILVER PRIZM PSA 10 LOS ANGELES LAKERS x3,https://www.ebay.com/itm/2019-20-PANINI-PRIZM-LEBRON-JAMES-SILVER-PRIZM-PSA-10-LOS-ANGELES-LAKERS-x3/353007715381?hash=item5230e64435:g:YSwAAOSwXepebsnA
"
			Mar 16, 2020",N/A,90.0,Josh Okogie Rookie Card 2018-19 Panini Prizm Silver RC AUTO PSA 10,https://www.ebay.com/itm/Josh-Okogie-Rookie-Card-2018-19-Panini-Prizm-Silver-RC-AUTO-PSA-10/233513934932?hash=item365e83e054:g:ZLcAAOSwS3JeXx2k
"
			Mar 16, 2020",N/A,129.95,2014-15 Panini Select Lebron James Silver Prizm #119 PSA 10 Gem Mint Cavaliers,https://www.ebay.com/itm/2014-15-Panini-Select-Lebron-James-Silver-Prizm-119-PSA-10-Gem-Mint-Cavaliers/264610331677?hash=item3d9c013c1d:g:vL4AAOSwXrleK4t-
"
			Mar 16, 2020",N/A,449.99,2019 PANINI PRIZM COBY WHITE SILVER PRIZM #253 PSA 10 GEM MINT CHICAGO BULLS,https://www.ebay.com/itm/2019-PANINI-PRIZM-COBY-WHITE-SILVER-PRIZM-253-PSA-10-GEM-MINT-CHICAGO-BULLS/223946153209?hash=item34243b1cf9:g:8kYAAOSw3Fleande
"
			Mar 15, 2020",N/A,400.0,ZION WILLIAMSON 2019 PANINI PRIZM DP #64 SILVER REFRACTOR ROOKIE RC PSA 10 GEM,https://www.ebay.com/itm/ZION-WILLIAMSON-2019-PANINI-PRIZM-DP-64-SILVER-REFRACTOR-ROOKIE-RC-PSA-10-GEM/362906863840?hash=item547eef48e0:g:k5cAAOSwcOBePK4O
"
			Mar 15, 2020",N/A,69.99,2017 Panini Prizm Silver Rookie Harry Giles RC #28 PSA 10 Gem Mint Kings,https://www.ebay.com/itm/2017-Panini-Prizm-Silver-Rookie-Harry-Giles-RC-28-PSA-10-Gem-Mint-Kings/174206690684?hash=item288f87257c:g:Q7oAAOSw6FteW2hG
"
			Mar 15, 2020",N/A,292.0,2018-19 Panini Select TRAE YOUNG #142 Silver Prizm Rookie PSA 10 Gem Mint Hawks,https://www.ebay.com/itm/2018-19-Panini-Select-TRAE-YOUNG-142-Silver-Prizm-Rookie-PSA-10-Gem-Mint-Hawks/324099337071?hash=item4b75d36b6f:g:U68AAOSwc99eaBzM
"
			Mar 15, 2020",N/A,82.0,LARRY BIRD 2013 PRIZM AUTO SILVER PSA 10? BGS 9.5? SHARP HOF,https://www.ebay.com/itm/LARRY-BIRD-2013-PRIZM-AUTO-SILVER-PSA-10-BGS-9-5-SHARP-HOF/283811046235?hash=item421474e35b:g:2PQAAOSwygFeaFWG
"
			Mar 15, 2020",N/A,200.0,Jayson Tatum PSA 10 Gem Mint 2017-18 Optic The Rookies Silver Holo Prizm RC #3,https://www.ebay.com/itm/Jayson-Tatum-PSA-10-Gem-Mint-2017-18-Optic-The-Rookies-Silver-Holo-Prizm-RC-3/324096836353?hash=item4b75ad4301:g:cwkAAOSwM9heZKlM
"
			Mar 15, 2020",N/A,125.0,Devonte Graham 2018 Panini Prizm RC SILVER PRIZM #288 PSA 10 GEM MINT,https://www.ebay.com/itm/Devonte-Graham-2018-Panini-Prizm-RC-SILVER-PRIZM-288-PSA-10-GEM-MINT/193305617762?hash=item2d01e9a562:g:J9oAAOSwiX1eIxUN
"
			Mar 15, 2020",N/A,44.75,2018 Panini Prizm Silver Prizm Scottie Pippen #65 CHICAGO BULLS PSA 10 GEM  MINT,https://www.ebay.com/itm/2018-Panini-Prizm-Silver-Prizm-Scottie-Pippen-65-CHICAGO-BULLS-PSA-10-GEM-MINT/333543615348?hash=item4da8bfab74:g:LWEAAOSwoXZeamIi
"
			Mar 15, 2020",N/A,54.99,2019 Prizm SILVER REFRACTOR Blazers NASSIR LITTLE Rookie Card PSA 10 GEM MINT,https://www.ebay.com/itm/2019-Prizm-SILVER-REFRACTOR-Blazers-NASSIR-LITTLE-Rookie-Card-PSA-10-GEM-MINT/164123628046?hash=item263687d20e:g:7igAAOSwsWlebE1j
"
			Mar 15, 2020",N/A,325.0,2019-20 PANINI PRIZM COBY WHITE ROOKIE SILVER PRIZM #253 GEM MINT PSA 10,https://www.ebay.com/itm/2019-20-PANINI-PRIZM-COBY-WHITE-ROOKIE-SILVER-PRIZM-253-GEM-MINT-PSA-10/223947941879?hash=item34245667f7:g:~VAAAOSwZWpebu9N
"
			Mar 15, 2020",N/A,475.0,2019-2020 Panini Prizm Lebron James SILVER Prizm PSA 10 - Lakers / Refractor,https://www.ebay.com/itm/2019-2020-Panini-Prizm-Lebron-James-SILVER-Prizm-PSA-10-Lakers-Refractor/133360370470?hash=item1f0ce5c326:g:-X4AAOSw4kNebAyv
"
			Mar 15, 2020",N/A,270.0,De'Aaron Fox 2017 18 Panini Prizm Basketball #24 Kings Silver RC Rookie PSA 10,https://www.ebay.com/itm/DeAaron-Fox-2017-18-Panini-Prizm-Basketball-24-Kings-Silver-RC-Rookie-PSA-10/143555474323?hash=item216c92b393:g:djoAAOSwkeFebXQh
"
			Mar 15, 2020",N/A,2499.99,2019 PANINI PRIZM #248 ZION WILLIAMSON ROOKIE RC SILVER PRIZM GEM MINT PSA 10,https://www.ebay.com/itm/2019-PANINI-PRIZM-248-ZION-WILLIAMSON-ROOKIE-RC-SILVER-PRIZM-GEM-MINT-PSA-10/153866377684?hash=item23d32699d4:g:IT0AAOSw8JFebtzw
"
			Mar 15, 2020",N/A,114.99,2019 Prizm SILVER REFRACTOR Hornets PJ WASHINGTON Rookie Card PSA 10 GEM MINT,https://www.ebay.com/itm/2019-Prizm-SILVER-REFRACTOR-Hornets-PJ-WASHINGTON-Rookie-Card-PSA-10-GEM-MINT/164123518773?hash=item2636862735:g:-a4AAOSwy11ebDAc
"
			Mar 15, 2020",N/A,119.99,2019-20 Panini Prizm Draft Picks JA MORANT SILVER REFRACTOR GRIZZLIES #2 PSA 10,https://www.ebay.com/itm/2019-20-Panini-Prizm-Draft-Picks-JA-MORANT-SILVER-REFRACTOR-GRIZZLIES-2-PSA-10/353006643506?hash=item5230d5e932:g:XL4AAOSw1zRebsZJ
"
			Mar 15, 2020",N/A,9.99,2018-19 Panini Prizm Silver Green #99 Mo Bamba Orlando Magic RC Rookie PSA 10?,https://www.ebay.com/itm/2018-19-Panini-Prizm-Silver-Green-99-Mo-Bamba-Orlando-Magic-RC-Rookie-PSA-10/264536767545?hash=item3d979ebc39:g:ahcAAOSwE91d0cRm
"
			Mar 15, 2020",N/A,5499.99,2013-14 Panini Select Giannis Antetokounmpo Silver Prizm RC #178 PSA 10,https://www.ebay.com/itm/2013-14-Panini-Select-Giannis-Antetokounmpo-Silver-Prizm-RC-178-PSA-10/293512925268?hash=item4456bbd054:g:23IAAOSwUAVebtbt
"
			Mar 15, 2020",N/A,100.0,2014 Prizm Silver Julius Randle Rookie PSA 10 Gem Mint #257,https://www.ebay.com/itm/2014-Prizm-Silver-Julius-Randle-Rookie-PSA-10-Gem-Mint-257/143555470885?hash=item216c92a625:g:GUAAAOSwNOZebXKb
"
			Mar 15, 2020",N/A,199.99,2019-20 Panini Prizm 279 ERIC PASCHALL Silver Prizm Rookie PSA 10 GEM MINT,https://www.ebay.com/itm/2019-20-Panini-Prizm-279-ERIC-PASCHALL-Silver-Prizm-Rookie-PSA-10-GEM-MINT/283813494463?hash=item42149a3ebf:g:mG0AAOSwqjJeax1G
N/A,N/A,79.95,Lamar Jackson 2018 Panini Prizm RC Rookie Introduction Silver PSA10 GEM MVP  b,https://www.ebay.com/itm/Lamar-Jackson-2018-Panini-Prizm-RC-Rookie-Introduction-Silver-PSA10-GEM-MVP-b/184157209304?hash=item2ae0a002d8:g:N~wAAOSwHLFeNw0Q
"
			Mar 15, 2020",N/A,8495.0,2019-20 Panini Silver Prizm ZION WILLIAMSON Auto Rookie PSA 10 Gem Mint,https://www.ebay.com/itm/2019-20-Panini-Silver-Prizm-ZION-WILLIAMSON-Auto-Rookie-PSA-10-Gem-Mint/153828582419?hash=item23d0e5e413:g:34MAAOSwiLZeQe-a
"
			Mar 15, 2020",N/A,680.0,2018 Panini Prizm Trae Young #78 SILVER Prizm Rookie Psa 10 Rc,https://www.ebay.com/itm/2018-Panini-Prizm-Trae-Young-78-SILVER-Prizm-Rookie-Psa-10-Rc/223941284903?hash=item3423f0d427:g:ik0AAOSw3BBeZnQz
"
			Mar 15, 2020",N/A,680.0,2018 Panini Prizm Trae Young #78 SILVER Prizm Rookie Psa 10 Rc,https://www.ebay.com/itm/2018-Panini-Prizm-Trae-Young-78-SILVER-Prizm-Rookie-Psa-10-Rc/223941284903?hash=item3423f0d427:g:ik0AAOSw3BBeZnQz
"
			Mar 15, 2020",N/A,314.99,2018-19 Prizm Shai Gilgeous-Alexa,https://www.ebay.com/itm/2018-19-Prizm-Shai-Gilgeous-Alexander-Silver-Refractor-Rookie-PSA-10-Gem-RC/333546810797?hash=item4da8f06dad:g:HuwAAOSwLxheblut
N/A,N/A,249.99,ZION WILLIAMSON DUKE 2019-20 PANINI PRIZM SILVER REFRACTOR #64 PSA 10 GEM MINT !,https://www.ebay.com/itm/ZION-WILLIAMSON-DUKE-2019-20-PANINI-PRIZM-SILVER-REFRACTOR-64-PSA-10-GEM-MINT/372980890565?hash=item56d764bbc5:g:2fAAAOSw6TxeZoHG
"
			Mar 15, 2020",N/A,675.0,2018 Panini Prizm Trae Young #78 SILVER Prizm Rookie Psa 10 Rc,https://www.ebay.com/itm/2018-Panini-Prizm-Trae-Young-78-SILVER-Prizm-Rookie-Psa-10-Rc/324098125809?hash=item4b75c0eff1:g:RlUAAOSw8nFeZnTB
"
			Mar 15, 2020",N/A,20.69,Jaylen Brown - 2018 Panini Prizm Silver Prizm PSA 10,https://www.ebay.com/itm/Jaylen-Brown-2018-Panini-Prizm-Silver-Prizm-PSA-10/173950037500?hash=item28803aedfc:g:4NUAAOSwJytdGXov
"
			Mar 15, 2020",N/A,33.75,2018 Panini Prizm Silver Prizm #108 Jaylen Brown Celtics PSA 10  GEM MINT,https://www.ebay.com/itm/2018-Panini-Prizm-Silver-Prizm-108-Jaylen-Brown-Celtics-PSA-10-GEM-MINT/333532380665?hash=item4da8143df9:g:i60AAOSw~bVeOjEg
"
			Mar 15, 2020",N/A,29.0,2018-19 Prizm World B Free Signatures Auto Silver PSA 10,https://www.ebay.com/itm/2018-19-Prizm-World-B-Free-Signatures-Auto-Silver-PSA-10/124056680242?hash=item1ce25ab732:g:LfYAAOSweKNeJ~e5
"
			Mar 15, 2020",N/A,29.95,2014-15 Panini Prizm KEVIN DURANT Photo Variations Silver #6 PSA 10 Nets/Thunder,https://www.ebay.com/itm/2014-15-Panini-Prizm-KEVIN-DURANT-Photo-Variations-Silver-6-PSA-10-Nets-Thunder/254475776536?hash=item3b3ff03218:g:cW4AAOSwb0BeFjB1
"
			Mar 15, 2020",N/A,749.95,ZION WILLIAMSON 2019-20 Panini Prizm Rookie #26 Fireworks Silver Prizm PSA 10,https://www.ebay.com/itm/ZION-WILLIAMSON-2019-20-Panini-Prizm-Rookie-26-Fireworks-Silver-Prizm-PSA-10/264662868064?hash=item3d9f22e060:g:Xf8AAOSwQlZePDc0
"
			Mar 15, 2020",N/A,229.99,2016-17 Caris Levert Prizm Silver #165 PSA 10 GEM Rookie RC Nets HOLO,https://www.ebay.com/itm/2016-17-Caris-Levert-Prizm-Silver-165-PSA-10-GEM-Rookie-RC-Nets-HOLO/124106941277?hash=item1ce559a35d:g:~PEAAOSwk8ReYDS6
"
			Mar 15, 2020",N/A,229.99,2016-17 Caris Levert Prizm Silver #165 PSA 10 GEM Rookie RC Nets HOLO,https://www.ebay.com/itm/2016-17-Caris-Levert-Prizm-Silver-165-PSA-10-GEM-Rookie-RC-Nets-HOLO/124106940913?hash=item1ce559a1f1:g:J3UAAOSwJHheYDSC
"
			Mar 15, 2020",N/A,99.95,PSA 10 Gem Mint MATISSE THYBULLE 2019 Panini SILVER PRIZM Rookie RC 0463 HOT,https://www.ebay.com/itm/PSA-10-Gem-Mint-MATISSE-THYBULLE-2019-Panini-SILVER-PRIZM-Rookie-RC-0463-HOT/264664850155?hash=item3d9f411eeb:g:rSwAAOSw5XxeanCR
"
			Mar 14, 2020",N/A,70.0,2019-20 Panini Prizm RUI HACHIMURA Prizm Silver Holo RC #255 🔥PSA 10?🔥,https://www.ebay.com/itm/2019-20-Panini-Prizm-RUI-HACHIMURA-Prizm-Silver-Holo-RC-255-PSA-10/313021284489?hash=item48e185c089:g:6VkAAOSweR1eY88E
"
			Mar 14, 2020",N/A,44.99,2018-19 Panini Prizm Silver Wendell Carter Jr. Chicago Bulls RC #80 PSA 10,https://www.ebay.com/itm/2018-19-Panini-Prizm-Silver-Wendell-Carter-Jr-Chicago-Bulls-RC-80-PSA-10/174199467186?hash=item288f18ecb2:g:xpQAAOSwZexeUb65
"
			Mar 14, 2020",N/A,120.0,LEBRON JAMES 2018/19 PANINI PRIZM #6 SILVER PRIZM LAKERS PSA 10 GEM MINT,https://www.ebay.com/itm/LEBRON-JAMES-2018-19-PANINI-PRIZM-6-SILVER-PRIZM-LAKERS-PSA-10-GEM-MINT/324103843522?hash=item4b76182ec2:g:PP8AAOSwlANebYfl
"
			Mar 14, 2020",N/A,120.0,LEBRON JAMES 2018/19 PANINI PRIZM #6 SILVER PRIZM LAKERS PSA 10 GEM MINT,https://www.ebay.com/itm/LEBRON-JAMES-2018-19-PANINI-PRIZM-6-SILVER-PRIZM-LAKERS-PSA-10-GEM-MINT/324103842994?hash=item4b76182cb2:g:H~YAAOSwgLFebYdZ
"
			Mar 14, 2020",N/A,2999.95,(4) 2018 19 PRIZM TRAE YOUNG SILVER PSA 10 RC LOT HAWKS STUD,https://www.ebay.com/itm/4-2018-19-PRIZM-TRAE-YOUNG-SILVER-PSA-10-RC-LOT-HAWKS-STUD/283814185250?hash=item4214a4c922:g:FyIAAOSwN6Vea~FG
"
			Mar 14, 2020",N/A,630.0,TRAE YOUNG 2018 PRIZM SILVER REFRACTORS ROOKIE RC PSA 10 HOT INVESTMENT,https://www.ebay.com/itm/TRAE-YOUNG-2018-PRIZM-SILVER-REFRACTORS-ROOKIE-RC-PSA-10-HOT-INVESTMENT/274292531422?hash=item3fdd1be0de:g:scYAAOSwIYdeXCPf
"
			Mar 14, 2020",N/A,220.0,Michael Porter Jr. 2018-19 Panini Prizm Silver Prizm PSA 10 Gem Mint! Hot! 🔥📈,https://www.ebay.com/itm/Michael-Porter-Jr-2018-19-Panini-Prizm-Silver-Prizm-PSA-10-Gem-Mint-Hot/293435471499?hash=item44521df68b:g:3eUAAOSwQOpeMb-r
"
			Mar 14, 2020",N/A,179.99,2018 Prizm Silver MICHAEL PORTER JR. RC PSA 10 Gem Mint,https://www.ebay.com/itm/2018-Prizm-Silver-MICHAEL-PORTER-JR-RC-PSA-10-Gem-Mint/193325805286?hash=item2d031daee6:g:O-wAAOSw8V9eM6Aj
"
			Mar 14, 2020",N/A,62.0,Kevin Knox 2018-19 Panini Prizm #217 PSA 10 Gem Mint Silver Refractor Rookie RC,https://www.ebay.com/itm/Kevin-Knox-2018-19-Panini-Prizm-217-PSA-10-Gem-Mint-Silver-Refractor-Rookie-RC/353001562364?hash=item52308860fc:g:YQAAAOSwVsJeYDhc
"
			Mar 14, 2020",N/A,99.99,KAWHI LEONARD 2018-19 Panini Prizm SILVER REFRACTOR Card GEM MINT PSA 10 #53 +,https://www.ebay.com/itm/KAWHI-LEONARD-2018-19-Panini-Prizm-SILVER-REFRACTOR-Card-GEM-MINT-PSA-10-53/333408666753?hash=item4da0b48481:g:P8cAAOSwqwRd2Nlq
"
			Mar 14, 2020",N/A,89.0,2018-19 Panini Prizm Luka Doncic RC Silver Emergent #3 PSA 10 Gem Mint 🔥💎,https://www.ebay.com/itm/2018-19-Panini-Prizm-Luka-Doncic-RC-Silver-Emergent-3-PSA-10-Gem-Mint/362944575200?hash=item54812eb6e0:g:TiQAAOSwb5lebRjg
"
			Mar 14, 2020",N/A,25.0,2018 Panini Prizm Silver Jerome Robinson RC PSA 10,https://www.ebay.com/itm/2018-Panini-Prizm-Silver-Jerome-Robinson-RC-PSA-10/352915562642?hash=item522b682092:g:O6oAAOSw6dteDBcw
"
			Mar 14, 2020",N/A,164.99,Jaren Jackson 2018-19 Prizm Silver Refractor #66 PSA 10 GEM  3953,https://www.ebay.com/itm/Jaren-Jackson-2018-19-Prizm-Silver-Refractor-66-PSA-10-GEM-3953/372981107359?hash=item56d7680a9f:g:4SkAAOSwYbJeZsMG
"
			Mar 14, 2020",N/A,164.99,Jaren Jackson 2018-19 Prizm Silver Refractor #66 PSA 10 GEM  1873,https://www.ebay.com/itm/Jaren-Jackson-2018-19-Prizm-Silver-Refractor-66-PSA-10-GEM-1873/372981103036?hash=item56d767f9bc:g:0ysAAOSw8zNeZr~6
"
			Mar 14, 2020",N/A,164.99,Jaren Jackson 2018-19 Prizm Silver Refractor #66 PSA 10 GEM  5962,https://www.ebay.com/itm/Jaren-Jackson-2018-19-Prizm-Silver-Refractor-66-PSA-10-GEM-5962/352997698679?hash=item52304d6c77:g:z4MAAOSwUvxeZsP~
"
			Mar 14, 2020",N/A,164.99,Jaren Jackson 2018-19 Prizm Silver Refractor #66 PSA 10 GEM  9974,https://www.ebay.com/itm/Jaren-Jackson-2018-19-Prizm-Silver-Refractor-66-PSA-10-GEM-9974/352997690536?hash=item52304d4ca8:g:y3wAAOSwvuxeZsKS
"
			Mar 14, 2020",N/A,19.99,MARKELLE FULTZ EMERGENT SILVER PRIZM RC 2017 18 PRIZM PSA 10 GEM MINT,https://www.ebay.com/itm/MARKELLE-FULTZ-EMERGENT-SILVER-PRIZM-RC-2017-18-PRIZM-PSA-10-GEM-MINT/312874531467?hash=item48d8c67a8b:g:CbgAAOSwoydd6G60
"
			Mar 14, 2020",N/A,199.99,2019-20 Panini Prizm Silver NBA Finalists Kobe Bryant Lakers PSA 10 Gem Mint,https://www.ebay.com/itm/2019-20-Panini-Prizm-Silver-NBA-Finalists-Kobe-Bryant-Lakers-PSA-10-Gem-Mint/303512472051?hash=item46aac0c9f3:g:4HcAAOSwel1eadkO
"
			Mar 14, 2020",N/A,149.99,2016 BRANDON INGRAM Panini  Prizm SILVER Rookie card PSA 10 GEM MT - PELICANS !,https://www.ebay.com/itm/2016-BRANDON-INGRAM-Panini-Prizm-SILVER-Rookie-card-PSA-10-GEM-MT-PELICANS/223917057994?hash=item34227f27ca:g:mpEAAOSwdQFeS1Ux
"
			Mar 14, 2020",N/A,19.99,"2018  PRIZM SILVER De'AARON FOX , KINGS #151, HOT STAR & PSA 10 ????",https://www.ebay.com/itm/2018-PRIZM-SILVER-DeAARON-FOX-KINGS-151-HOT-STAR-PSA-10/274230657074?hash=item3fd96bc032:g:x7wAAOSwKp1eLjlP
"
			Mar 14, 2020",N/A,29.99,2018 PANINI PRIZM 95 JULIUS ERVING SILVER PRIZM Dr. J 76ers PSA 10 POPULATION 1,https://www.ebay.com/itm/2018-PANINI-PRIZM-95-JULIUS-ERVING-SILVER-PRIZM-Dr-J-76ers-PSA-10-POPULATION-1/254513638415?hash=item3b4231ec0f:g:G1EAAOSwBYpeSEtO
"
			Mar 14, 2020",N/A,500.0,2019-20 Prizm TYLER HERRO Rookie PENMANSHIP silver prizm auto PSA 10 Gem  POP 1,https://www.ebay.com/itm/2019-20-Prizm-TYLER-HERRO-Rookie-PENMANSHIP-silver-prizm-auto-PSA-10-Gem-POP-1/153853147026?hash=item23d25cb792:g:8NsAAOSwYBpeUeLw
"
			Mar 14, 2020",N/A,35.24,2018-19 Prizm Basketball MILES BRIDGES Silver Prizm RC PSA 10 GEM MINT ,https://www.ebay.com/itm/2018-19-Prizm-Basketball-MILES-BRIDGES-Silver-Prizm-RC-PSA-10-GEM-MINT/202934585898?hash=item2f3fd80a2a:g:ghQAAOSwxe5eWcBU
"
			Mar 14, 2020",N/A,19.99,2018 PANINI PRIZM 287 TREY BURKE SILVER PRIZM New York Knicks PSA 10 POP 1,https://www.ebay.com/itm/2018-PANINI-PRIZM-287-TREY-BURKE-SILVER-PRIZM-New-York-Knicks-PSA-10-POP-1/254512757997?hash=item3b42247ced:g:uxsAAOSwDnleR0Jv
"
			Mar 14, 2020",N/A,64.99,Lot of (2) 2018-19 Panini Prizm LEBRON JAMES Dominance Silver PSA 10 Gem Mint!,https://www.ebay.com/itm/Lot-of-2-2018-19-Panini-Prizm-LEBRON-JAMES-Dominance-Silver-PSA-10-Gem-Mint/264666213683?hash=item3d9f55ed33:g:w2cAAOSwDwNea~DI
N/A,N/A,76.15,"2018-19 Panini Prizm Silver Freshman Phenoms Trae Young Rookie RC #21, PSA 10",https://www.ebay.com/itm/2018-19-Panini-Prizm-Silver-Freshman-Phenoms-Trae-Young-Rookie-RC-21-PSA-10/153453989785?hash=item23ba920f99:g:3ssAAOSwQtJctfXj
N/A,N/A,76.15,"2018-19 Panini Prizm Silver Emergent Trae Young Rookie RC #5, PSA 10, Pop 14 !",https://www.ebay.com/itm/2018-19-Panini-Prizm-Silver-Emergent-Trae-Young-Rookie-RC-5-PSA-10-Pop-14/153453992489?hash=item23ba921a29:g:yqMAAOSwMBlctfbi
"
			Mar 14, 2020",N/A,349.95,2014-15 Panini Prizm Silver Prizms Zach LaVine Rc Rookie PSA 10 Gem Mint Bulls,https://www.ebay.com/itm/2014-15-Panini-Prizm-Silver-Prizms-Zach-LaVine-Rc-Rookie-PSA-10-Gem-Mint-Bulls/333545356062?hash=item4da8da3b1e:g:6TgAAOSw~HBebGfE
"
			Mar 14, 2020",N/A,149.95,2018-19 Donruss Optic DeAndre Ayton Silver Holo Prizm Rookie RC PSA 10 Suns HOT!,https://www.ebay.com/itm/2018-19-Donruss-Optic-DeAndre-Ayton-Silver-Holo-Prizm-Rookie-RC-PSA-10-Suns-HOT/193324569750?hash=item2d030ad496:g:mUgAAOSw1LJeMkn4
"
			Mar 14, 2020",N/A,36.0,Lebron James 2017 Panini Prizm Get Hyped! Silver Prizm PSA 10 GEM MINT,https://www.ebay.com/itm/Lebron-James-2017-Panini-Prizm-Get-Hyped-Silver-Prizm-PSA-10-GEM-MINT/193373989947?hash=item2d05fcec3b:g:prAAAOSw~tteZG16
"
			Mar 14, 2020",N/A,4000.0,2018 Panini Contenders Premium Silver Prizm Auto Luka Doncic BGS 9.5 10 PSA 10!,https://www.ebay.com/itm/2018-Panini-Contenders-Premium-Silver-Prizm-Auto-Luka-Doncic-BGS-9-5-10-PSA-10/274305043632?hash=item3fdddaccb0:g:dhgAAOSwp6Reau66
"
			Mar 14, 2020",N/A,50.0,2018-19 Panini Prizm Silver Wendell Carter Jr. Rookie RC #80 PSA 10 GEM MT,https://www.ebay.com/itm/2018-19-Panini-Prizm-Silver-Wendell-Carter-Jr-Rookie-RC-80-PSA-10-GEM-MT/174219621228?hash=item28904c736c:g:38AAAOSw9jxebEaX
"
			Mar 14, 2020",N/A,699.0,2018-19 SELECT HOLO SILVER TRI COLOR Prizm Rookie RC PSA 10 TRAE YOUNG  2 Lot,https://www.ebay.com/itm/2018-19-SELECT-HOLO-SILVER-TRI-COLOR-Prizm-Rookie-RC-PSA-10-TRAE-YOUNG-2-Lot/223942828144?hash=item3424086070:g:Us8AAOSwAS1eaFn1
"
			Mar 14, 2020",N/A,23.99,2018-19 Prizm Jerry West Silver Prizms #145 PSA 10 - POP 6 PMJS,https://www.ebay.com/itm/2018-19-Prizm-Jerry-West-Silver-Prizms-145-PSA-10-POP-6-PMJS/163986201173?hash=item262e56da55:g:E2QAAOSwwUJd8nJW
"
			Mar 14, 2020",N/A,62.99,Cam Reddish 2019 Panini Prizm DP Silver Prizm Rookie RC PSA 10 GEM Hawks! POP 11,https://www.ebay.com/itm/Cam-Reddish-2019-Panini-Prizm-DP-Silver-Prizm-Rookie-RC-PSA-10-GEM-Hawks-POP-11/124110281622?hash=item1ce58c9b96:g:9qkAAOSwsideZBgC
"
			Mar 14, 2020",N/A,99.99,2019-20 Panini Prizm Nic Claxton Silver Prizm PSA 10 Rookie Card RC,https://www.ebay.com/itm/2019-20-Panini-Prizm-Nic-Claxton-Silver-Prizm-PSA-10-Rookie-Card-RC/333541990088?hash=item4da8a6dec8:g:-X4AAOSwf-ReaGbL
"
			Mar 14, 2020",N/A,249.0,Trae Young 2018 Select Silver Prizm PSA 10 GEM MINT Atlanta Hawks,https://www.ebay.com/itm/Trae-Young-2018-Select-Silver-Prizm-PSA-10-GEM-MINT-Atlanta-Hawks/254538813637?hash=item3b43b210c5:g:9XgAAOSw6BpeaovQ
"
			Mar 13, 2020",N/A,349.99,2019-20 Panini Prizm 259 TYLER HERRO Silver Prizm Rookie PSA 10 GEM MINT SP Heat,https://www.ebay.com/itm/2019-20-Panini-Prizm-259-TYLER-HERRO-Silver-Prizm-Rookie-PSA-10-GEM-MINT-SP-Heat/283813526965?hash=item42149abdb5:g:7LQAAOSw4tJeay4J
"
			Mar 13, 2020",N/A,84.99,2015-16 Panini Prizm 340 Myles Turner Silver Prizm RC rookie PSA 10 gem mint,https://www.ebay.com/itm/2015-16-Panini-Prizm-340-Myles-Turner-Silver-Prizm-RC-rookie-PSA-10-gem-mint/202913198316?hash=item2f3e91b0ec:g:974AAOSwgDdd5cw7
"
			Mar 13, 2020",N/A,200.0,2019 Panini Prizm Rui Hachimura RC Silver PSA 10 Gem Mint,https://www.ebay.com/itm/2019-Panini-Prizm-Rui-Hachimura-RC-Silver-PSA-10-Gem-Mint/164121778592?hash=item26366b99a0:g:e60AAOSwLE5eanIi
"
			Mar 13, 2020",N/A,49.99,2018-19 Panini Prizm Silver Prizm #288 Devonte' Graham Rookie RC PSA 10??,https://www.ebay.com/itm/2018-19-Panini-Prizm-Silver-Prizm-288-Devonte-Graham-Rookie-RC-PSA-10/233523841875?hash=item365f1b0b53:g:zdQAAOSw2j5ead0q
"
			Mar 13, 2020",N/A,324.99,2019 Prizm SILVER REFRACTOR Mavericks LUKA DONCIC Card PSA 10 GEM MINT Low Pop!,https://www.ebay.com/itm/2019-Prizm-SILVER-REFRACTOR-Mavericks-LUKA-DONCIC-Card-PSA-10-GEM-MINT-Low-Pop/164119760652?hash=item26364ccf0c:g:vKwAAOSwmIZeZ0I~
"
			Mar 13, 2020",N/A,89.99,2018 Panini Optic COLLIN SEXTON #180 Holo Silver Prizm PSA 10 GEM Mint Rookie RC,https://www.ebay.com/itm/2018-Panini-Optic-COLLIN-SEXTON-180-Holo-Silver-Prizm-PSA-10-GEM-Mint-Rookie-RC/114147780725?hash=item1a93bce875:g:XPAAAOSwM9VeayHS
"
			Mar 13, 2020",N/A,38.95,2017-18 Panini Prizm Silver Nikola Jokic #166 PSA 10 GEM MT Nuggets Low Pop,https://www.ebay.com/itm/2017-18-Panini-Prizm-Silver-Nikola-Jokic-166-PSA-10-GEM-MT-Nuggets-Low-Pop/163987129912?hash=item262e650638:g:UQoAAOSwmeNd80BV
"
			Mar 13, 2020",N/A,35.0,Kareem Abdul Jabbar 2018-19 Panini PRIZM SILVER MOJO 9/25 Lakers HOF PSA 10,https://www.ebay.com/itm/Kareem-Abdul-Jabbar-2018-19-Panini-PRIZM-SILVER-MOJO-9-25-Lakers-HOF-PSA-10/113773329148?hash=item1a7d6b3afc:g:YhoAAOSwtNFdQ5Zt
"
			Mar 13, 2020",N/A,60.0,2018 PANINI PRIZM ANFERNEE SIMONS SILVER PRIZM #61 PSA 10 GEM MINT,https://www.ebay.com/itm/2018-PANINI-PRIZM-ANFERNEE-SIMONS-SILVER-PRIZM-61-PSA-10-GEM-MINT/193380199923?hash=item2d065badf3:g:AwMAAOSwo~Beas3N
"
			Mar 13, 2020",N/A,55.0,STEPHEN CURRY 2015-16 PANINI SELECT SILVER PRIZM PSA 10 GEM MINT *0417,https://www.ebay.com/itm/STEPHEN-CURRY-2015-16-PANINI-SELECT-SILVER-PRIZM-PSA-10-GEM-MINT-0417/124007878941?hash=item1cdf72111d:g:QBwAAOSwoDVd8X8Y
"
			Mar 13, 2020",N/A,125.0,2019-20 Panini Prizm Silver #288 Darius Garland Cavaliers RC Rookie PSA 10,https://www.ebay.com/itm/2019-20-Panini-Prizm-Silver-288-Darius-Garland-Cavaliers-RC-Rookie-PSA-10/333543768323?hash=item4da8c20103:g:6xwAAOSw3g5eaoj3
"
			Mar 13, 2020",N/A,199.99,2019-20 Panini Prizm 256 CAM REDDISH Silver Prizm Rookie PSA 10 GEM MINT,https://www.ebay.com/itm/2019-20-Panini-Prizm-256-CAM-REDDISH-Silver-Prizm-Rookie-PSA-10-GEM-MINT/283813502960?hash=item42149a5ff0:g:b8kAAOSw7QdeayM-
"
			Mar 13, 2020",N/A,81.05,GIANNIS ANTETOKOUNMPO 2017 SELECT SILVER PRIZM #3 💥PSA 10 GEM MINT💥,https://www.ebay.com/itm/GIANNIS-ANTETOKOUNMPO-2017-SELECT-SILVER-PRIZM-3-PSA-10-GEM-MINT/223935872949?hash=item34239e3fb5:g:uhwAAOSw-a5eTg7g
"
			Mar 13, 2020",N/A,49.99,2018 Panini Prizm Wendell Carter Jr Silver Prizm PSA 10,https://www.ebay.com/itm/2018-Panini-Prizm-Wendell-Carter-Jr-Silver-Prizm-PSA-10/274158859705?hash=item3fd52435b9:g:3P4AAOSw4OFeABK3
"
			Mar 13, 2020",N/A,114.99,2019-20 Prizm Jarrett Culver Timberwolves RC Rookie Silver #252 PSA 10 Gem Mint,https://www.ebay.com/itm/2019-20-Prizm-Jarrett-Culver-Timberwolves-RC-Rookie-Silver-252-PSA-10-Gem-Mint/283814055201?hash=item4214a2cd21:g:tF4AAOSw8PNea8~U
"
			Mar 13, 2020",N/A,624.99,2018-19 Panini Prizm SILVER #78 Trae Young RC Rookie GEM MINT PSA 10,https://www.ebay.com/itm/2018-19-Panini-Prizm-SILVER-78-Trae-Young-RC-Rookie-GEM-MINT-PSA-10/164123471931?hash=item263685703b:g:2qMAAOSw6v1ebCEL
"
			Mar 13, 2020",N/A,185.0,2018-19 Panini Prizm Silver #32 Michael Porter Jr. Nuggets RC Rookie PSA 10,https://www.ebay.com/itm/2018-19-Panini-Prizm-Silver-32-Michael-Porter-Jr-Nuggets-RC-Rookie-PSA-10/202931720429?hash=item2f3fac50ed:g:TmsAAOSwgaxeZFP7
"
			Mar 13, 2020",N/A,2000.0,10X Michael Porter Jr. 2018 19 Panini Prizm RC Rookie Silver Prizm PSA 10,https://www.ebay.com/itm/10X-Michael-Porter-Jr-2018-19-Panini-Prizm-RC-Rookie-Silver-Prizm-PSA-10/293508560473?hash=item4456793659:g:zSoAAOSws4NeamUK
"
			Mar 13, 2020",N/A,300.0,2019-20 PANINI PRIZM TYLER HERRO TRUE ROOKIE RC SILVER PSA 10 GEM MINT #259!,https://www.ebay.com/itm/2019-20-PANINI-PRIZM-TYLER-HERRO-TRUE-ROOKIE-RC-SILVER-PSA-10-GEM-MINT-259/174219461594?hash=item28904a03da:g:Ot0AAOSwZKJebAg2
"
			Mar 13, 2020",N/A,125.0,2019-20 Panini Prizm Jarrett Culver Silver PSA 10,https://www.ebay.com/itm/2019-20-Panini-Prizm-Jarrett-Culver-Silver-PSA-10/353003289195?hash=item5230a2ba6b:g:Tj4AAOSwRS1ebALF
"
			Mar 13, 2020",N/A,230.0,16/17 Prizm Mosaic BEN SIMMONS Rookie Silver Refractor Psa 10 Gem Mint Invest !!,https://www.ebay.com/itm/16-17-Prizm-Mosaic-BEN-SIMMONS-Rookie-Silver-Refractor-Psa-10-Gem-Mint-Invest/302550352747?hash=item467168036b:g:f9QAAOSwTEJaGoI4
"
			Mar 13, 2020",N/A,85.0,LONNIE WALKER IV 2018-19 SILVER PRIZM #251 PSA 10 GEM MINT SPURS ROOKIE RARE,https://www.ebay.com/itm/LONNIE-WALKER-IV-2018-19-SILVER-PRIZM-251-PSA-10-GEM-MINT-SPURS-ROOKIE-RARE/264665291428?hash=item3d9f47daa4:g:sbQAAOSwN8JeauS0
"
			Mar 13, 2020",N/A,199.0,2018-2019 Panini Prizm Basketball Trae Young Base Non Silver PSA 10 Gem Mint RC,https://www.ebay.com/itm/2018-2019-Panini-Prizm-Basketball-Trae-Young-Base-Non-Silver-PSA-10-Gem-Mint-RC/133359619088?hash=item1f0cda4c10:g:LO0AAOSw~t5eawOs
"
			Mar 13, 2020",N/A,149.99,2019-20 Panini Prizm Giannis Antetokounmpo Silver #152 PSA 10 GEM MINT Bucks,https://www.ebay.com/itm/2019-20-Panini-Prizm-Giannis-Antetokounmpo-Silver-152-PSA-10-GEM-MINT-Bucks/293507892499?hash=item44566f0513:g:S2IAAOSw0P5eaapM
"
			Mar 13, 2020",N/A,65.0,Landry Shamet 2018 Panini Prizm Silver Prizm RC #199 PSA 10 GEM MINT,https://www.ebay.com/itm/Landry-Shamet-2018-Panini-Prizm-Silver-Prizm-RC-199-PSA-10-GEM-MINT/193373423074?hash=item2d05f445e2:g:vQQAAOSwGTReY70J
"
			Mar 13, 2020",N/A,109.99,JA MORANT 2019 PANINI PRIZM DRAFT SILVER PRIZM REFRACTOR RC #65 PSA 10 GEM MINT,https://www.ebay.com/itm/JA-MORANT-2019-PANINI-PRIZM-DRAFT-SILVER-PRIZM-REFRACTOR-RC-65-PSA-10-GEM-MINT/362888773433?hash=item547ddb3f39:g:~KQAAOSwCbJeJkir
"
			Mar 13, 2020",N/A,139.99,Lot of (2) 2018-19 Panini Prizm MITCHELL ROBINSON Silver Prizm PSA 10 Gem Mint!,https://www.ebay.com/itm/Lot-of-2-2018-19-Panini-Prizm-MITCHELL-ROBINSON-Silver-Prizm-PSA-10-Gem-Mint/264658623711?hash=item3d9ee21cdf:g:ADcAAOSw0~5eYt5p
"
			Mar 13, 2020",N/A,35.0,2018 Panini Prizm Silver Prizms Langston Galloway AUTO PSA 10 GEM MINT Pistons,https://www.ebay.com/itm/2018-Panini-Prizm-Silver-Prizms-Langston-Galloway-AUTO-PSA-10-GEM-MINT-Pistons/392665248692?hash=item5b6cac33b4:g:le0AAOSw3hxdmrv9
"
			Mar 13, 2020",N/A,25.0,Allonzo Trier 2018 Panini Prizm SILVER PSA 10 #209 RC Knicks,https://www.ebay.com/itm/Allonzo-Trier-2018-Panini-Prizm-SILVER-PSA-10-209-RC-Knicks/324096408412?hash=item4b75a6bb5c:g:1Q8AAOSwcBleY-by
"
			Mar 13, 2020",N/A,32.99,Jaren Jackson 2018 Panini Prizm Emergent Silver Prizm PSA 10 GMT POP 12,https://www.ebay.com/itm/Jaren-Jackson-2018-Panini-Prizm-Emergent-Silver-Prizm-PSA-10-GMT-POP-12/123834690724?hash=item1cd51f6ca4:g:t8UAAOSwI~ddKhaS
"
			Mar 13, 2020",N/A,20.99,2018-19 Panini Prizm Silver #209 Allonzo Trier Knicks RC Rookie PSA 10 GEM MINT,https://www.ebay.com/itm/2018-19-Panini-Prizm-Silver-209-Allonzo-Trier-Knicks-RC-Rookie-PSA-10-GEM-MINT/293505587349?hash=item44564bd895:g:igoAAOSwTtheZteQ
"
			Mar 13, 2020",N/A,155.0,2018-19 Panini Prizm Silver Prizm DeAndre Ayton RC PSA 10 Rookie Card Gem Mint,https://www.ebay.com/itm/2018-19-Panini-Prizm-Silver-Prizm-DeAndre-Ayton-RC-PSA-10-Rookie-Card-Gem-Mint/324098483424?hash=item4b75c664e0:g:nIYAAOSwE0peXRLn
"
			Mar 13, 2020",N/A,200.0,2018-19 Panini Prizm Silver #32 Michael Porter Jr. Nuggets RC Rookie PSA 10,https://www.ebay.com/itm/2018-19-Panini-Prizm-Silver-32-Michael-Porter-Jr-Nuggets-RC-Rookie-PSA-10/264660712789?hash=item3d9f01fd55:g:x6gAAOSwS0peZWOc
"
			Mar 13, 2020",N/A,44.99,2018 Panini Prizm LeBron James Get Hyped Silver Refractor PSA 10 Gem Mint Lakers,https://www.ebay.com/itm/2018-Panini-Prizm-LeBron-James-Get-Hyped-Silver-Refractor-PSA-10-Gem-Mint-Lakers/192960442693?hash=item2ced56b145:g:fYwAAOSwxypdEB-K
"
			Mar 13, 2020",N/A,96.0,LeBRON JAMES 2018-19 PRIZM DOMINANCE SILVER PRIZM SP PSA 10 GEM MINT,https://www.ebay.com/itm/LeBRON-JAMES-2018-19-PRIZM-DOMINANCE-SILVER-PRIZM-SP-PSA-10-GEM-MINT/362941449153?hash=item5480ff03c1:g:8MEAAOSwZ2ZeaRLa
N/A,N/A,3000.0,2019-20 Panini Prizm Silver Zion Williamson Rookie RC #248 PSA 10 GEM MINT,https://www.ebay.com/itm/2019-20-Panini-Prizm-Silver-Zion-Williamson-Rookie-RC-248-PSA-10-GEM-MINT/254537114810?hash=item3b439824ba:g:ppsAAOSw7GBeZEWU
"
			Mar 13, 2020",N/A,54.99,2017-18 Panini Donruss Optic Lonzo Ball Rookie RC Silver Holo Prizm HIGH PSA 10?,https://www.ebay.com/itm/2017-18-Panini-Donruss-Optic-Lonzo-Ball-Rookie-RC-Silver-Holo-Prizm-HIGH-PSA-10/264663390960?hash=item3d9f2adaf0:g:JTEAAOSwhaZeaKoH
"
			Mar 12, 2020",N/A,18.0,2019-20 Panini Prizm KOBE BRYANT Silver HOLO - LA  LAKERS * SSP PSA 10?,https://www.ebay.com/itm/2019-20-Panini-Prizm-KOBE-BRYANT-Silver-HOLO-LA-LAKERS-SSP-PSA-10/303462438686?hash=item46a7c5571e:g:5TMAAOSwU0VeLjzd
"
			Mar 12, 2020",N/A,50.0,Shai Gilgeous-Alexa,https://www.ebay.com/itm/Shai-Gilgeous-Alexander-2018-Panini-Prizm-Freshman-Phenoms-Silver-RC-PSA-10/223928683106?hash=item3423308a62:g:wugAAOSwdUBeVsxY
"
			Mar 12, 2020",N/A,179.99,2018-19 Panini Prizm Michael Porter Jr Silver Rookie  PSA 10 Gem Mint Nuggets,https://www.ebay.com/itm/2018-19-Panini-Prizm-Michael-Porter-Jr-Silver-Rookie-PSA-10-Gem-Mint-Nuggets/124111641995?hash=item1ce5a15d8b:g:3-QAAOSwoQdeQPIE
"
			Mar 12, 2020",N/A,222.0,"Devonte’ Graham 6 Lot Prizm Silver Psa10 , Optic Lime Green Psa9, Silver Auto",https://www.ebay.com/itm/Devonte-Graham-6-Lot-Prizm-Silver-Psa10-Optic-Lime-Green-Psa9-Silver-Auto/324101438572?hash=item4b75f37c6c:g:JjcAAOSwnfVeaWPv
"
			Mar 12, 2020",N/A,36.0,Mo Bamba 2018 Panini Prizm Silver Prizm RC #99 PSA 10 GEM MINT,https://www.ebay.com/itm/Mo-Bamba-2018-Panini-Prizm-Silver-Prizm-RC-99-PSA-10-GEM-MINT/114142496786?hash=item1a936c4812:g:hKYAAOSwFFxeY65V
"
			Mar 12, 2020",N/A,31.72,2016 Excalibur Lebron James Crusade-camo PSA 10 Pop 23 Silver Camo Prizm,https://www.ebay.com/itm/2016-Excalibur-Lebron-James-Crusade-camo-PSA-10-Pop-23-Silver-Camo-Prizm/283805718160?hash=item4214239690:g:UFkAAOSwfopd~Q55
"
			Mar 12, 2020",N/A,85.0,2019 Prizm SILVER REFRACTOR Pelicans JAXSON HAYES Rookie Card PSA 10 GEM MINT,https://www.ebay.com/itm/2019-Prizm-SILVER-REFRACTOR-Pelicans-JAXSON-HAYES-Rookie-Card-PSA-10-GEM-MINT/184208484754?hash=item2ae3ae6992:g:FrcAAOSwyuFeavRa
"
			Mar 12, 2020",N/A,49.95,2018-19 Panini Prizm Silver Wendell Carter Jr. Chicago Bulls RC #80 PSA 10,https://www.ebay.com/itm/2018-19-Panini-Prizm-Silver-Wendell-Carter-Jr-Chicago-Bulls-RC-80-PSA-10/264663786816?hash=item3d9f30e540:g:BVoAAOSwAsFeaSYU
"
			Mar 12, 2020",N/A,110.0,Marvin Bagley 2018-19 Panini Prizm Prizms Silver Rookie Rc 181 PSA 10,https://www.ebay.com/itm/Marvin-Bagley-2018-19-Panini-Prizm-Prizms-Silver-Rookie-Rc-181-PSA-10/184208476079?hash=item2ae3ae47af:g:yiAAAOSwIBJeavJZ
"
			Mar 12, 2020",N/A,105.0,Marvin Bagley 2018-19 Panini Prizm Prizms Silver Rookie Rc #181 PSA 10 GEM,https://www.ebay.com/itm/Marvin-Bagley-2018-19-Panini-Prizm-Prizms-Silver-Rookie-Rc-181-PSA-10-GEM/184208477778?hash=item2ae3ae4e52:g:J3cAAOSwsZleavLq
"
			Mar 12, 2020",N/A,175.0,MICHAEL PORTER JR. 2018-19 Panini Prizm Rookie RC Silver SP PSA 10 GEM MINT,https://www.ebay.com/itm/MICHAEL-PORTER-JR-2018-19-Panini-Prizm-Rookie-RC-Silver-SP-PSA-10-GEM-MINT/184208479787?hash=item2ae3ae562b:g:98gAAOSwktpeavN-
"
			Mar 12, 2020",N/A,24.99,2018-19 Panini Prizm Luck of the Lottery Mikal Bridges Silver PSA 10,https://www.ebay.com/itm/2018-19-Panini-Prizm-Luck-of-the-Lottery-Mikal-Bridges-Silver-PSA-10/383425958338?hash=item5945f7d1c2:g:I70AAOSwclheIqpC
"
			Mar 12, 2020",N/A,629.99,2018-19 Panini Prizm Silver Trae Young Rookie RC PSA 10 Gem Mint,https://www.ebay.com/itm/2018-19-Panini-Prizm-Silver-Trae-Young-Rookie-RC-PSA-10-Gem-Mint/303513140722?hash=item46aacafdf2:g:-R8AAOSwHQReatRJ
"
			Mar 12, 2020",N/A,149.99,devonte graham prizm silver psa 10,https://www.ebay.com/itm/devonte-graham-prizm-silver-psa-10/174216671890?hash=item28901f7292:g:KpMAAOSw9QVeaHyK
"
			Mar 12, 2020",N/A,55.0,Trae Young Rookie (RC) -- 2018-19 Panini Prizm EMERGENT SILVER -- PSA 10,https://www.ebay.com/itm/Trae-Young-Rookie-RC-2018-19-Panini-Prizm-EMERGENT-SILVER-PSA-10/164114587028?hash=item2635fddd94:g:KU0AAOSw07JeY7yn
"
			Mar 12, 2020",N/A,600.0,2018 Panini Prizm Trae Young RC Silver PSA 10 Gem Mint,https://www.ebay.com/itm/2018-Panini-Prizm-Trae-Young-RC-Silver-PSA-10-Gem-Mint/313026367407?hash=item48e1d34faf:g:~0gAAOSwngBeapgS
"
			Mar 12, 2020",N/A,33.75,2018-19 Panini Prizm Get Hyped Silver #3 Joel Embiid Psa 10 Gem Mint  - POP 3,https://www.ebay.com/itm/2018-19-Panini-Prizm-Get-Hyped-Silver-3-Joel-Embiid-Psa-10-Gem-Mint-POP-3/333400634414?hash=item4da039f42e:g:VMsAAOSwyMVd0EDf
"
			Mar 12, 2020",N/A,900.0,2018-19 Donruss Optic Trae Young Silver Holo Prizm Rookie RC PSA 10 Gem Mint,https://www.ebay.com/itm/2018-19-Donruss-Optic-Trae-Young-Silver-Holo-Prizm-Rookie-RC-PSA-10-Gem-Mint/303513133256?hash=item46aacae0c8:g:mtUAAOSwq29eW3xw
"
			Mar 12, 2020",N/A,49.99,2017-18 Prizm ZACH COLLINS Prizm Silver Rookie PSA 10 #144,https://www.ebay.com/itm/2017-18-Prizm-ZACH-COLLINS-Prizm-Silver-Rookie-PSA-10-144/184192257037?hash=item2ae2b6cc0d:g:Hz4AAOSwiMteW1T8
"
			Mar 12, 2020",N/A,45.0,Gem Mt PSA 10 Panini Silver Prizm Draft pick #3 RJ Barrett RC Rookie Card 2019,https://www.ebay.com/itm/Gem-Mt-PSA-10-Panini-Silver-Prizm-Draft-pick-3-RJ-Barrett-RC-Rookie-Card-2019/372983733298?hash=item56d7901c32:g:ijQAAOSwhWteaWAL
"
			Mar 12, 2020",N/A,119.99,Ja Morant 2019-20 Panini Prizm Draft Picks Silver #65 PSA 10 Gem Mint Grizzlies,https://www.ebay.com/itm/Ja-Morant-2019-20-Panini-Prizm-Draft-Picks-Silver-65-PSA-10-Gem-Mint-Grizzlies/174210773082?hash=item288fc5705a:g:daIAAOSwgEVeYBx8
"
			Mar 12, 2020",N/A,187.0,"2018 Prizm Silver Michael Porter Jr Psa10 6 Card Lot. Optic  61/79,strata Silver",https://www.ebay.com/itm/2018-Prizm-Silver-Michael-Porter-Jr-Psa10-6-Card-Lot-Optic-61-79-strata-Silver/324101657429?hash=item4b75f6d355:g:80QAAOSwygFeapwm
"
			Mar 12, 2020",N/A,1899.99,2018 19 Panini Prizm Luka Doncic Silver PSA 10 GEM MINT RC Rookie Mavericks,https://www.ebay.com/itm/2018-19-Panini-Prizm-Luka-Doncic-Silver-PSA-10-GEM-MINT-RC-Rookie-Mavericks/254536142575?hash=item3b43894eef:g:rmAAAOSwKWVeZq28
"
			Mar 12, 2020",N/A,29.99,2018 PANINI PRIZM 189 ZHAIRE SMITH SILVER PRIZM GEM MINT PSA 10!,https://www.ebay.com/itm/2018-PANINI-PRIZM-189-ZHAIRE-SMITH-SILVER-PRIZM-GEM-MINT-PSA-10/372892071062?hash=item56d2197496:g:QtYAAOSwo49eBVuv
"
			Mar 12, 2020",N/A,575.0,2018-19 Panini Prizm Silver Prizm Trae Young RC rookie PSA 10 GEM MINT (cheap),https://www.ebay.com/itm/2018-19-Panini-Prizm-Silver-Prizm-Trae-Young-RC-rookie-PSA-10-GEM-MINT-cheap/193377391384?hash=item2d0630d318:g:rfYAAOSwsEpeZ-rE
"
			Mar 12, 2020",N/A,199.95,2019-20 Panini Prizm Silver #256 Cam Reddish Atlanta Hawks RC Rookie PSA 10,https://www.ebay.com/itm/2019-20-Panini-Prizm-Silver-256-Cam-Reddish-Atlanta-Hawks-RC-Rookie-PSA-10/264664851121?hash=item3d9f4122b1:g:4qgAAOSwUlBeanDr
"
			Mar 12, 2020",N/A,100.0,Chuma Okeke RC ~ 2019-20 Panini Prizm Silver Refractor #262 ~ PSA 10 ~ Magic,https://www.ebay.com/itm/Chuma-Okeke-RC-2019-20-Panini-Prizm-Silver-Refractor-262-PSA-10-Magic/293508501423?hash=item4456784faf:g:km8AAOSwsiBealUd
"
			Mar 12, 2020",N/A,1874.99,2018-19 Panini Prizm Silver #280 Luka Doncic Mavericks RC Rookie PSA 10 Centered,https://www.ebay.com/itm/2018-19-Panini-Prizm-Silver-280-Luka-Doncic-Mavericks-RC-Rookie-PSA-10-Centered/383459105011?hash=item5947f198f3:g:M6AAAOSwZPVeZrLV
"
			Mar 12, 2020",N/A,83.0,2018-19 Prizm Lebron James Silver Prizm Go Hard or Go Home PSA 10- Lakers,https://www.ebay.com/itm/2018-19-Prizm-Lebron-James-Silver-Prizm-Go-Hard-or-Go-Home-PSA-10-Lakers/124056691459?hash=item1ce25ae303:g:pukAAOSwkfReJ~zJ
"
			Mar 12, 2020",N/A,69.99,2018-19 Prizm Lebron James Thats Savage Silver PSA 10 Lakers- 31,https://www.ebay.com/itm/2018-19-Prizm-Lebron-James-Thats-Savage-Silver-PSA-10-Lakers-31/124045724716?hash=item1ce1b38c2c:g:kfcAAOSwPqleHXat
"
			Mar 12, 2020",N/A,69.99,2018-19 Prizm Lebron James Thats Savage Silver PSA 10 Lakers- 32,https://www.ebay.com/itm/2018-19-Prizm-Lebron-James-Thats-Savage-Silver-PSA-10-Lakers-32/124045724981?hash=item1ce1b38d35:g:ZW4AAOSwkedeHXcI
"
			Mar 12, 2020",N/A,79.0,2018-19 Prizm Lebron James Silver Prizm All Day PSA 10- Lakers,https://www.ebay.com/itm/2018-19-Prizm-Lebron-James-Silver-Prizm-All-Day-PSA-10-Lakers/124056695295?hash=item1ce25af1ff:g:Yr8AAOSw7wZeJ~6R
"
			Mar 12, 2020",N/A,99.99,KELLY OUBRE JR SUNS KANSAS 2015 PRIZM #309 SILVER REFRACTOR PSA 10 GEM RC ROOKIE,https://www.ebay.com/itm/KELLY-OUBRE-JR-SUNS-KANSAS-2015-PRIZM-309-SILVER-REFRACTOR-PSA-10-GEM-RC-ROOKIE/392720906055?hash=item5b6ffd7747:g:1SIAAOSwG8NeZolX
"
			Mar 12, 2020",N/A,125.0,2019 Panini Prizm Cam Reddish Silver Instant Impact RC PSA 10 Gem MT ATL Hawks,https://www.ebay.com/itm/2019-Panini-Prizm-Cam-Reddish-Silver-Instant-Impact-RC-PSA-10-Gem-MT-ATL-Hawks/223936265769?hash=item3423a43e29:g:XWkAAOSwc6ReaCce
"
			Mar 12, 2020",N/A,69.99,2018 Panini Silver Prizm #227 Mitchell Robinson Refractor Rookie Card PSA 10 F27,https://www.ebay.com/itm/2018-Panini-Silver-Prizm-227-Mitchell-Robinson-Refractor-Rookie-Card-PSA-10-F27/274294796216?hash=item3fdd3e6fb8:g:BI0AAOSwPO5eXqKy
"
			Mar 12, 2020",N/A,1999.99,2018 Panini Prizm Luka Doncic Silver Prizm Psa 10,https://www.ebay.com/itm/2018-Panini-Prizm-Luka-Doncic-Silver-Prizm-Psa-10/124115085507?hash=item1ce5d5e8c3:g:RMUAAOSwiYleabaG
"
			Mar 12, 2020",N/A,299.99,2016-17 Panini Select Ben Simmons Silver Prizm Rookie PSA 10 Courtside Level SSP,https://www.ebay.com/itm/2016-17-Panini-Select-Ben-Simmons-Silver-Prizm-Rookie-PSA-10-Courtside-Level-SSP/254413339222?hash=item3b3c377a56:g:YMAAAOSwc8Zdwzo1
"
			Mar 12, 2020",N/A,299.99,2018-19 Panini Prizm Silver Shai Gilgeous-Alexa,https://www.ebay.com/itm/2018-19-Panini-Prizm-Silver-Shai-Gilgeous-Alexander-RC-Rookie-PSA-10-Gem-Mint/303512465586?hash=item46aac0b0b2:g:gT8AAOSwtVZeaG8E
"
			Mar 12, 2020",N/A,30.0,2019 Panini Prizm Draft Silver #67 De'Andre Hunter Rookie PSA 10 Gem Mint  R'19,https://www.ebay.com/itm/2019-Panini-Prizm-Draft-Silver-67-DeAndre-Hunter-Rookie-PSA-10-Gem-Mint-R19/124075811824?hash=item1ce37ea3f0:g:o-4AAOSwIWBePgdR
"
			Mar 12, 2020",N/A,349.99,LeBron James 2016-17 Panini Prizm Silver Refractor BGS 9.5 GEM MINT ⚡️PSA 10?!⚡️,https://www.ebay.com/itm/LeBron-James-2016-17-Panini-Prizm-Silver-Refractor-BGS-9-5-GEM-MINT-PSA-10/124100537876?hash=item1ce4f7ee14:g:O7YAAOSwIlBeWWUW
"
			Mar 12, 2020",N/A,27.99,Marvin Bagley 2018 Panini Prizm Emergent Silver Prizm Rookie RC PSA 10 GMT Kings,https://www.ebay.com/itm/Marvin-Bagley-2018-Panini-Prizm-Emergent-Silver-Prizm-Rookie-RC-PSA-10-GMT-Kings/124011864917?hash=item1cdfaee355:g:rtcAAOSwm29dg-Xy
"
			Mar 12, 2020",N/A,40.0,Jerome Robinson PSA 10 Prizm Silver Lot,https://www.ebay.com/itm/Jerome-Robinson-PSA-10-Prizm-Silver-Lot/124103276755?hash=item1ce521b8d3:g:69UAAOSwv-1eXFb1
"
			Mar 12, 2020",N/A,35.99,2018 PRIZM LEBRON JAMES SILVER PRIZM SP GET HYPED PSA 10 GEM MINT RETAIL LAKERS,https://www.ebay.com/itm/2018-PRIZM-LEBRON-JAMES-SILVER-PRIZM-SP-GET-HYPED-PSA-10-GEM-MINT-RETAIL-LAKERS/223762209331?hash=item3419445a33:g:YWMAAOSwaZdd2BH1
"
			Mar 12, 2020",N/A,99.99,(2) 2018 PRIZM LEBRON JAMES SILVER AND GREEN PRIZM SP DOMINANCE BOTH PSA 10 HOT!,https://www.ebay.com/itm/2-2018-PRIZM-LEBRON-JAMES-SILVER-AND-GREEN-PRIZM-SP-DOMINANCE-BOTH-PSA-10-HOT/223762219501?hash=item34194481ed:g:fPgAAOSwRs1d2BQv
"
			Mar 12, 2020",N/A,1419.0,Jayson Tatum 2017-18 Panini Prizm Silver Autograph RC GEM MT PSA 10 Celtics,https://www.ebay.com/itm/Jayson-Tatum-2017-18-Panini-Prizm-Silver-Autograph-RC-GEM-MT-PSA-10-Celtics/133358582688?hash=item1f0cca7ba0:g:qp0AAOSwhXJeabVQ
"
			Mar 12, 2020",N/A,155.0,PSA 10 2017-18 Panini Prizm FRANK NTILIKINA Silver Rookie Refractor Knicks RC,https://www.ebay.com/itm/PSA-10-2017-18-Panini-Prizm-FRANK-NTILIKINA-Silver-Rookie-Refractor-Knicks-RC/283210971154?hash=item41f0b07812:g:xfAAAOSw8f9bw6cM
"
			Mar 12, 2020",N/A,95.0,2018 Panini Prizm Fireworks Silver #19 Lakers Lebron James PSA 10 Gem Mint,https://www.ebay.com/itm/2018-Panini-Prizm-Fireworks-Silver-19-Lakers-Lebron-James-PSA-10-Gem-Mint/133322607811?hash=item1f0aa58cc3:g:F9YAAOSwIqpeNc2K
"
			Mar 12, 2020",N/A,119.99,2017-18 Panini Prizm Silver #182 Giannis Antetokounmpo Bucks PSA 10 PMJS,https://www.ebay.com/itm/2017-18-Panini-Prizm-Silver-182-Giannis-Antetokounmpo-Bucks-PSA-10-PMJS/293469729422?hash=item445428b28e:g:s44AAOSwvudeCwXP
"
			Mar 12, 2020",N/A,99.99,2018 Panini Prizm Giannis Antetokounmpo Silver PSA 10 Bucks,https://www.ebay.com/itm/2018-Panini-Prizm-Giannis-Antetokounmpo-Silver-PSA-10-Bucks/293497790015?hash=item4455d4de3f:g:QzkAAOSw1AleXJx6
"
			Mar 11, 2020",N/A,85.0,LONNIE WALKER IV 2018-19 SILVER PRIZM #251 PSA 10 GEM MINT SPURS ROOKIE RARE,https://www.ebay.com/itm/LONNIE-WALKER-IV-2018-19-SILVER-PRIZM-251-PSA-10-GEM-MINT-SPURS-ROOKIE-RARE/312887139458?hash=item48d986dc82:g:9-wAAOSwZwld50vl
"
			Mar 11, 2020",N/A,39.99,LeBRON JAMES 2017-18 PRIZM GET HYPED SILVER REFRACTOR INSERT PSA 10 *ON FIRE*,https://www.ebay.com/itm/LeBRON-JAMES-2017-18-PRIZM-GET-HYPED-SILVER-REFRACTOR-INSERT-PSA-10-ON-FIRE/114007079256?hash=item1a8b59f958:g:03IAAOSw0Lld7bik
"
			Mar 11, 2020",N/A,39.99,2018 PANINI PRIZM ROOKIE SIGNATURES MIKAL BRIDGES SILVER PRIZM PSA 10,https://www.ebay.com/itm/2018-PANINI-PRIZM-ROOKIE-SIGNATURES-MIKAL-BRIDGES-SILVER-PRIZM-PSA-10/254512660635?hash=item3b4223009b:g:oTkAAOSwKKBeRx~6
"
			Mar 11, 2020",N/A,1999.99,Luka Doncic 2018-19 Panini SILVER Prizm Rookie RC PSA 10 Mavericks #280,https://www.ebay.com/itm/Luka-Doncic-2018-19-Panini-SILVER-Prizm-Rookie-RC-PSA-10-Mavericks-280/164120851093?hash=item26365d7295:g:SBMAAOSwvAReQiLj
"
			Mar 11, 2020",N/A,1999.99,Luka Doncic Panini SILVER Prizm 2018-19 Rookie RC PSA 10 GEM MINT #280,https://www.ebay.com/itm/Luka-Doncic-Panini-SILVER-Prizm-2018-19-Rookie-RC-PSA-10-GEM-MINT-280/164120853092?hash=item26365d7a64:g:aNQAAOSw3cVeQiJo
"
			Mar 11, 2020",N/A,4499.99,LUKA DONCIC 2018-19 PANINI PRIZM SILVER RC ROOKIE CARD PSA 10 GEM MINT LOT OF 2,https://www.ebay.com/itm/LUKA-DONCIC-2018-19-PANINI-PRIZM-SILVER-RC-ROOKIE-CARD-PSA-10-GEM-MINT-LOT-OF-2/124112496318?hash=item1ce5ae66be:g:ZU8AAOSw4tJeZsig
N/A,N/A,329.0,Zion Williamson 2019-20 Panini Prizm Draft Silver RC Rookie #1 PSA 10 Gem Mint!,https://www.ebay.com/itm/Zion-Williamson-2019-20-Panini-Prizm-Draft-Silver-RC-Rookie-1-PSA-10-Gem-Mint/184193718394?hash=item2ae2cd187a:g:JGQAAOSwtANeXKBG
"
			Mar 11, 2020",N/A,199.99,Michael Porter Jr. Panini SILVER Prizm 2018-19 Rookie RC PSA 10 GEM MINT #32,https://www.ebay.com/itm/Michael-Porter-Jr-Panini-SILVER-Prizm-2018-19-Rookie-RC-PSA-10-GEM-MINT-32/164112526791?hash=item2635de6dc7:g:zUoAAOSwIV5eQNt5
"
			Mar 11, 2020",N/A,174.99,MICHAEL PORTER JR. 2018-19 Panini Prizm Rookie RC Silver SP PSA 10 GEM MINT,https://www.ebay.com/itm/MICHAEL-PORTER-JR-2018-19-Panini-Prizm-Rookie-RC-Silver-SP-PSA-10-GEM-MINT/202931645328?hash=item2f3fab2b90:g:4j0AAOSw5j9eaXuF
"
			Mar 11, 2020",N/A,899.99,Shai Gilgeous-Alexa,https://www.ebay.com/itm/Shai-Gilgeous-Alexander-4-Card-Lot-Psa-10-Contenders-Auto-Prizm-Silver-Pink-RC/303449949970?hash=item46a706c712:g:FSAAAOSw~QVeIfAE
"
			Mar 11, 2020",N/A,59.99,2019 Prizm SILVER REFRACTOR Rookie Signature Heat KZ OKPALA Card PSA 10 GEM MINT,https://www.ebay.com/itm/2019-Prizm-SILVER-REFRACTOR-Rookie-Signature-Heat-KZ-OKPALA-Card-PSA-10-GEM-MINT/164119804995?hash=item26364d7c43:g:9WEAAOSwhI9eaLv6
N/A,N/A,349.99,ZION WILLIAMSON DUKE 2019-20 PANINI PRIZM SILVER REFRACTOR #1 PSA 10 GEM RC MINT,https://www.ebay.com/itm/ZION-WILLIAMSON-DUKE-2019-20-PANINI-PRIZM-SILVER-REFRACTOR-1-PSA-10-GEM-RC-MINT/362939357077?hash=item5480df1795:g:ivUAAOSwHb9eZoOW
"
			Mar 11, 2020",N/A,99.0,2018 PANINI PRIZM GIANNIS ANTETOKOUNMPO  SILVER PRIZM #296 PSA 10 GEM MINT MVP?,https://www.ebay.com/itm/2018-PANINI-PRIZM-GIANNIS-ANTETOKOUNMPO-SILVER-PRIZM-296-PSA-10-GEM-MINT-MVP/133285881231?hash=item1f0875258f:g:~nYAAOSw-c9eBWHQ
"
			Mar 11, 2020",N/A,61.7,2018 PANINI PRIZM ANFERNEE SIMONS SILVER PRIZM #61 PSA 10 GEM MINT,https://www.ebay.com/itm/2018-PANINI-PRIZM-ANFERNEE-SIMONS-SILVER-PRIZM-61-PSA-10-GEM-MINT/184202685714?hash=item2ae355ed12:g:BwoAAOSwFqZeZTEL
"
			Mar 11, 2020",N/A,4000.0,2018-19 Select Basketball Luka Doncic RC Courtside Silver Prizm #229 PSA 10,https://www.ebay.com/itm/2018-19-Select-Basketball-Luka-Doncic-RC-Courtside-Silver-Prizm-229-PSA-10/402150304843?hash=item5da206ac4b:g:LdAAAOSw2oVeZrXH
"
			Mar 11, 2020",N/A,200.0,Collin Sexton 2018 Panini Prizm Silver Prizm #170 PSA 10 Rookie card,https://www.ebay.com/itm/Collin-Sexton-2018-Panini-Prizm-Silver-Prizm-170-PSA-10-Rookie-card/143552946638?hash=item216c6c21ce:g:M~sAAOSw4qNeL5oE
"
			Mar 11, 2020",N/A,129.99,Jaren Jackson 2018-19 Prizm Silver Refractor #66 PSA 10 GEM  4354,https://www.ebay.com/itm/Jaren-Jackson-2018-19-Prizm-Silver-Refractor-66-PSA-10-GEM-4354/372981111056?hash=item56d7681910:g:Ga4AAOSw6FpeZsNO
"
			Mar 11, 2020",N/A,122.99,Devonte’ Graham 2018-19 Panini Prizm Silver #288 PSA 10 GEM MINT,https://www.ebay.com/itm/Devonte-Graham-2018-19-Panini-Prizm-Silver-288-PSA-10-GEM-MINT/264611531061?hash=item3d9c138935:g:pnkAAOSwoBFeLOAv
"
			Mar 11, 2020",N/A,500.0,ZION WILLIAMSON 2019 PANINI PRIZM DP #64 SILVER REFRACTOR ROOKIE RC PSA 10,https://www.ebay.com/itm/ZION-WILLIAMSON-2019-PANINI-PRIZM-DP-64-SILVER-REFRACTOR-ROOKIE-RC-PSA-10/362906866491?hash=item547eef533b:g:aGgAAOSwkaNePK7G
"
			Mar 11, 2020",N/A,1999.0,INVEST NOW!!! 2018 PANINI LUKA DONCIC SILVER PRIZM RC #280 PSA 10 GEM MINT,https://www.ebay.com/itm/INVEST-NOW-2018-PANINI-LUKA-DONCIC-SILVER-PRIZM-RC-280-PSA-10-GEM-MINT/143553075838?hash=item216c6e1a7e:g:wWQAAOSwZ91eaYj8
"
			Mar 11, 2020",N/A,299.99,2016-17 Panini Prizm Jaylen Brown Silver Rookie Refractor RC #44 Gem Mint PSA 10,https://www.ebay.com/itm/2016-17-Panini-Prizm-Jaylen-Brown-Silver-Rookie-Refractor-RC-44-Gem-Mint-PSA-10/324093932363?hash=item4b7580f34b:g:7S8AAOSwj0NeXV5Y
"
			Mar 11, 2020",N/A,19.99,2018 Panini Prizm Basketball Silver #62 Jamal Murray Denver Nuggets PSA 10,https://www.ebay.com/itm/2018-Panini-Prizm-Basketball-Silver-62-Jamal-Murray-Denver-Nuggets-PSA-10/254474717085?hash=item3b3fe0079d:g:AqEAAOSwWI1eFL9L
"
			Mar 11, 2020",N/A,19.99,2018 PANINI PRIZM 228 JARRETT ALLEN SILVER PRIZM BROOKLYN NETS PSA 10,https://www.ebay.com/itm/2018-PANINI-PRIZM-228-JARRETT-ALLEN-SILVER-PRIZM-BROOKLYN-NETS-PSA-10/254532298726?hash=item3b434ea7e6:g:u9cAAOSwG21eYWI5
"
			Mar 11, 2020",N/A,125.0,2019-20 Panini Prizm JARRETT CULVER Silver Prizm Refractor PSA 10! RC,https://www.ebay.com/itm/2019-20-Panini-Prizm-JARRETT-CULVER-Silver-Prizm-Refractor-PSA-10-RC/333542863443?hash=item4da8b43253:g:7BcAAOSwIlBeaXva
"
			Mar 11, 2020",N/A,1500.0,2012-2013 PRIZM STEPHEN CURRY SILVER REFRACTOR PSA 10 GEM MINT WARRIORS,https://www.ebay.com/itm/2012-2013-PRIZM-STEPHEN-CURRY-SILVER-REFRACTOR-PSA-10-GEM-MINT-WARRIORS/133358338945?hash=item1f0cc6c381:g:4qoAAOSwJVxeXZDK
"
			Mar 11, 2020",N/A,749.99,Trae Young 2018-19 Donruss Optic Holo Silver Prizm Rookie RC PSA 10 GEM MINT🔥🔥,https://www.ebay.com/itm/Trae-Young-2018-19-Donruss-Optic-Holo-Silver-Prizm-Rookie-RC-PSA-10-GEM-MINT/153861264527?hash=item23d2d8948f:g:MV4AAOSwW8leaVQ4
N/A,N/A,42.99,(1) 2017-18 Panini Prizm Frank Ntilikina Rookie Silver Prizm Knicks RC PSA 10,https://www.ebay.com/itm/1-2017-18-Panini-Prizm-Frank-Ntilikina-Rookie-Silver-Prizm-Knicks-RC-PSA-10/223943561607?hash=item3424139187:g:htcAAOSwJ4xeaEVd
"
			Mar 11, 2020",N/A,74.99,TRAE YOUNG 2018-19 PRIZM LUCK OF THE LOTTERY SILVER REFRACTOR RC PSA 10 **HOT**,https://www.ebay.com/itm/TRAE-YOUNG-2018-19-PRIZM-LUCK-OF-THE-LOTTERY-SILVER-REFRACTOR-RC-PSA-10-HOT/293503403431?hash=item44562a85a7:g:LloAAOSw35ZeY9GA
"
			Mar 11, 2020",N/A,299.99,BAM ADEBAYO 2017 PANINI PRIZM SILVER PRIZMS RC SSP #51 PSA 10 GEM MINT,https://www.ebay.com/itm/BAM-ADEBAYO-2017-PANINI-PRIZM-SILVER-PRIZMS-RC-SSP-51-PSA-10-GEM-MINT/114118439808?hash=item1a91fd3380:g:ZFcAAOSw6INeSeLA
"
			Mar 11, 2020",N/A,300.0,2018-19 Donruss Optic Holo Silver Prizm Shai Gilgeous-Alexa,https://www.ebay.com/itm/2018-19-Donruss-Optic-Holo-Silver-Prizm-Shai-Gilgeous-Alexander-RC-PSA-10/254522466939?hash=item3b42b8a27b:g:UE0AAOSwWtZeVHzh
"
			Mar 11, 2020",N/A,140.0,2018 Panini Prizm Freshmen Phenoms Silver #23 Luka Doncic PSA 10 GEM MINT RC,https://www.ebay.com/itm/2018-Panini-Prizm-Freshmen-Phenoms-Silver-23-Luka-Doncic-PSA-10-GEM-MINT-RC/233518371113?hash=item365ec79129:g:~z8AAOSwbq5eZASC
"
			Mar 11, 2020",N/A,3533.0,2019-20 Prizm Zion Williamson Rc Rookie Silver PSA 10 Gem Mint - Pelicans 🔥🔥🔥,https://www.ebay.com/itm/2019-20-Prizm-Zion-Williamson-Rc-Rookie-Silver-PSA-10-Gem-Mint-Pelicans/124111800429?hash=item1ce5a3c86d:g:3XcAAOSwZ2leZgfl
"
			Mar 11, 2020",N/A,140.0,2018 Panini Prizm Freshman Phenoms Silver #23 Luka Doncic PSA 10 GEM MINT RC,https://www.ebay.com/itm/2018-Panini-Prizm-Freshman-Phenoms-Silver-23-Luka-Doncic-PSA-10-GEM-MINT-RC/233520891271?hash=item365eee0587:g:YhAAAOSwu1deZtVg
"
			Mar 11, 2020",N/A,29.99,2017-18 Panini Prizm Silver Zach Collins Auto Trail Blazers PSA 10 #144 RC,https://www.ebay.com/itm/2017-18-Panini-Prizm-Silver-Zach-Collins-Auto-Trail-Blazers-PSA-10-144-RC/174110929518?hash=item2889d1f26e:g:EEIAAOSwMAxdl9Oe
"
			Mar 11, 2020",N/A,39.95,2018-19 Panini Prizm Silver Donovan Mitchell #143 PSA 10 GEM MT Utah Jazz,https://www.ebay.com/itm/2018-19-Panini-Prizm-Silver-Donovan-Mitchell-143-PSA-10-GEM-MT-Utah-Jazz/164099031322?hash=item263510811a:g:xccAAOSwAppeVz3m
"
			Mar 11, 2020",N/A,168.88,2018-19 Panini Prizm Jaren Jackson Jr. Silver Rookie RC PSA 10 #66 Grizzlies SP,https://www.ebay.com/itm/2018-19-Panini-Prizm-Jaren-Jackson-Jr-Silver-Rookie-RC-PSA-10-66-Grizzlies-SP/383456487998?hash=item5947c9aa3e:g:fyUAAOSwQ-JeaC4U
"
			Mar 11, 2020",N/A,105.0,2018-19 Panini Prizm Basketball #296 Giannis Antetokounmpo Silver Prizms PSA 10,https://www.ebay.com/itm/2018-19-Panini-Prizm-Basketball-296-Giannis-Antetokounmpo-Silver-Prizms-PSA-10/153856935545?hash=item23d2968679:g:oK8AAOSwFhxeY-~e
"
			Mar 11, 2020",N/A,33.2,2017 PANINI PRIZM DERRICK WHITE SILVER PRIZM #298 PSA 10 GEM MINT,https://www.ebay.com/itm/2017-PANINI-PRIZM-DERRICK-WHITE-SILVER-PRIZM-298-PSA-10-GEM-MINT/184202688294?hash=item2ae355f726:g:2ZgAAOSwdHNeZTFn
"
			Mar 11, 2020",N/A,2095.0,2018/19 PRIZM Silver Luka Doncic #280 PSA 10,https://www.ebay.com/itm/2018-19-PRIZM-Silver-Luka-Doncic-280-PSA-10/193378387203?hash=item2d06400503:g:mZoAAOSwxeVeaNfq
"
			Mar 11, 2020",N/A,32.99,2017 PANINI PRIZM DERRICK WHITE SILVER PRIZM #298 PSA 10 GEM MINT,https://www.ebay.com/itm/2017-PANINI-PRIZM-DERRICK-WHITE-SILVER-PRIZM-298-PSA-10-GEM-MINT/223940579985?hash=item3423e61291:g:34AAAOSw6NNeZYhR
"
			Mar 11, 2020",N/A,400.0,2016-17 Panini Prizm Silver Giannis Antetokounmpo Milwaukee Bucks PSA 10,https://www.ebay.com/itm/2016-17-Panini-Prizm-Silver-Giannis-Antetokounmpo-Milwaukee-Bucks-PSA-10/174217277251?hash=item289028af43:g:fEEAAOSwhtNeaTrB
"
			Mar 11, 2020",N/A,130.0,2018 Panini Prizm Emergent Silver #3 Luka Doncic PSA 10 GEM MINT RC,https://www.ebay.com/itm/2018-Panini-Prizm-Emergent-Silver-3-Luka-Doncic-PSA-10-GEM-MINT-RC/352997761946?hash=item52304e639a:g:2woAAOSwsWpeZtWT
"
			Mar 11, 2020",N/A,699.99,TRAE YOUNG PSA 10 2018 PANINI PRIZM BASKETBALL #78 SILVER ROOKIE RC HAWKS 2647,https://www.ebay.com/itm/TRAE-YOUNG-PSA-10-2018-PANINI-PRIZM-BASKETBALL-78-SILVER-ROOKIE-RC-HAWKS-2647/184204377011?hash=item2ae36fbbb3:g:6dcAAOSwM9heZslm
"
			Mar 11, 2020",N/A,699.99,TRAE YOUNG PSA 10 2018 PANINI PRIZM BASKETBALL #78 SILVER ROOKIE RC HAWKS 6666,https://www.ebay.com/itm/TRAE-YOUNG-PSA-10-2018-PANINI-PRIZM-BASKETBALL-78-SILVER-ROOKIE-RC-HAWKS-6666/184204376865?hash=item2ae36fbb21:g:tWAAAOSwsiBeZsld
"
			Mar 11, 2020",N/A,92.99,Lot of (2) 2018-19 Panini Prizm TROY BROWN JR. Silver Prizm PSA 10 Gem Mint!,https://www.ebay.com/itm/Lot-of-2-2018-19-Panini-Prizm-TROY-BROWN-JR-Silver-Prizm-PSA-10-Gem-Mint/264628994687?hash=item3d9d1e027f:g:iqcAAOSw9RZeQHme
"
			Mar 11, 2020",N/A,34.99,AARON HOLIDAY 2018-19 PRIZM SILVER REF ROOKIE RC #114 PSA 10 GEM MINT PACERS! $^,https://www.ebay.com/itm/AARON-HOLIDAY-2018-19-PRIZM-SILVER-REF-ROOKIE-RC-114-PSA-10-GEM-MINT-PACERS/392722369404?hash=item5b7013cb7c:g:qkoAAOSwA6heaDAl
"
			Mar 11, 2020",N/A,349.95,2018 TRAE YOUNG PANINI PRIZM RC FAST BREAK Silver PRIZM PSA 10 GEM Rookie Sp HOT,https://www.ebay.com/itm/2018-TRAE-YOUNG-PANINI-PRIZM-RC-FAST-BREAK-Silver-PRIZM-PSA-10-GEM-Rookie-Sp-HOT/193375168840?hash=item2d060ee948:g:s4gAAOSwY3VeZbZ-
"
			Mar 11, 2020",N/A,44.99,2018 PRIZM TRAE YOUNG SP RC SILVER PRIZM EMERGENT PSA 10 GEM MINT HAWKS HOT!,https://www.ebay.com/itm/2018-PRIZM-TRAE-YOUNG-SP-RC-SILVER-PRIZM-EMERGENT-PSA-10-GEM-MINT-HAWKS-HOT/323987980183?hash=item4b6f303f97:g:OPIAAOSwD0dd1v-o
"
			Mar 11, 2020",N/A,700.0,Trae Young Silver Prizm Rookie PSA 10,https://www.ebay.com/itm/Trae-Young-Silver-Prizm-Rookie-PSA-10/174216558847?hash=item28901db8ff:g:htcAAOSwKtVeaD6H
"
			Mar 11, 2020",N/A,1165.0,Jayson tatum prizm rookie silver psa 10,https://www.ebay.com/itm/Jayson-tatum-prizm-rookie-silver-psa-10/283805727153?hash=item421423b9b1:g:Sy4AAOSwy11eYaD6
"
			Mar 11, 2020",N/A,94.99,(2) 2017-18 Panini Prizm Frank Ntilikina Rookie Silver Prizm Knicks RC PSA 10,https://www.ebay.com/itm/2-2017-18-Panini-Prizm-Frank-Ntilikina-Rookie-Silver-Prizm-Knicks-RC-PSA-10/223943355655?hash=item3424106d07:g:htcAAOSwJ4xeaEVd
"
			Mar 11, 2020",N/A,49.99,(1) 2017-18 Panini Prizm Frank Ntilikina Rookie Silver Prizm Knicks RC PSA 10,https://www.ebay.com/itm/1-2017-18-Panini-Prizm-Frank-Ntilikina-Rookie-Silver-Prizm-Knicks-RC-PSA-10/223943453101?hash=item342411e9ad:g:htcAAOSwJ4xeaEVd
"
			Mar 11, 2020",N/A,96.0,PSA 10 2017-18 Panini Prizm Silver Giannis Antetokounmpo #182,https://www.ebay.com/itm/PSA-10-2017-18-Panini-Prizm-Silver-Giannis-Antetokounmpo-182/174217133056?hash=item2890267c00:g:CgcAAOSwv-leaRmj
"
			Mar 11, 2020",N/A,99.99,Giannis Antetokounmpo 2018-19 Panini Prizm Silver #296 PSA 10 Gem Mint Bucks,https://www.ebay.com/itm/Giannis-Antetokounmpo-2018-19-Panini-Prizm-Silver-296-PSA-10-Gem-Mint-Bucks/174210783044?hash=item288fc59744:g:PaUAAOSwBpteYB8g
"
			Mar 11, 2020",N/A,119.95,2017 JOSH JACKSON PANINI PRIZM SILVER ROOKIE RC LOT PSA 10 BGS 9.5 GEM MINT 💎,https://www.ebay.com/itm/2017-JOSH-JACKSON-PANINI-PRIZM-SILVER-ROOKIE-RC-LOT-PSA-10-BGS-9-5-GEM-MINT/293507170562?hash=item4456640102:g:wzIAAOSwVw9eaPEL
"
			Mar 11, 2020",N/A,75.0,PSA 10 2018-19 Panini Prizm Silver Giannis Antetokounmpo #296,https://www.ebay.com/itm/PSA-10-2018-19-Panini-Prizm-Silver-Giannis-Antetokounmpo-296/174217136113?hash=item28902687f1:g:BucAAOSwA9teaRps
"
			Mar 11, 2020",N/A,694.88,2018-19 Panini Prizm Trae Young Silver Prizm Rookie RC PSA 10 GEM MINT SP Hawks,https://www.ebay.com/itm/2018-19-Panini-Prizm-Trae-Young-Silver-Prizm-Rookie-RC-PSA-10-GEM-MINT-SP-Hawks/383456549311?hash=item5947ca99bf:g:rNsAAOSwl0xeaDw0
"
			Mar 11, 2020",N/A,234.99,2018-2019 Panini Prizm Basketball Trae Young Base Non Silver PSA 10 Gem Mint RC,https://www.ebay.com/itm/2018-2019-Panini-Prizm-Basketball-Trae-Young-Base-Non-Silver-PSA-10-Gem-Mint-RC/392719062950?hash=item5b6fe157a6:g:yC0AAOSwkA5eZFwt
"
			Mar 11, 2020",N/A,49.95,💎 2017 Josh Jackson Prizm Mosaic Silver Refractor ROOKIE RC AUTO PSA 10 Gem 💎,https://www.ebay.com/itm/2017-Josh-Jackson-Prizm-Mosaic-Silver-Refractor-ROOKIE-RC-AUTO-PSA-10-Gem/293505211561?hash=item4456461ca9:g:uGQAAOSw6rFeZml0
"
			Mar 11, 2020",N/A,60.0,2017-18 Panini Prizm Silver Prizms Frank Ntilikina #275 PSA 10 Rookie,https://www.ebay.com/itm/2017-18-Panini-Prizm-Silver-Prizms-Frank-Ntilikina-275-PSA-10-Rookie/293456273563?hash=item44535b609b:g:BFwAAOSwf9teNnUh
"
			Mar 11, 2020",N/A,324.99,2019 Prizm SILVER REFRACTOR Prizm Heat TYLER HERRO Rookie Card PSA 10 GEM MINT,https://www.ebay.com/itm/2019-Prizm-SILVER-REFRACTOR-Prizm-Heat-TYLER-HERRO-Rookie-Card-PSA-10-GEM-MINT/164116998282?hash=item263622a88a:g:X0kAAOSwdX1eZkys
"
			Mar 11, 2020",N/A,24.99,2018 PANINI PRIZM EMERGENT 8 COLLIN SEXTON SILVER PRIZM PSA 10,https://www.ebay.com/itm/2018-PANINI-PRIZM-EMERGENT-8-COLLIN-SEXTON-SILVER-PRIZM-PSA-10/254533449310?hash=item3b4360365e:g:gv8AAOSwf1ReYulX
"
			Mar 11, 2020",N/A,80.0,2019-20 PANINI PRIZM TYLER HERRO ROOKIE INSTANT IMPACT SILVER PRIZM PSA 10 POP 1,https://www.ebay.com/itm/2019-20-PANINI-PRIZM-TYLER-HERRO-ROOKIE-INSTANT-IMPACT-SILVER-PRIZM-PSA-10-POP-1/193316647662?hash=item2d0291f2ee:g:7aYAAOSwAfVeLH~S
"
			Mar 11, 2020",N/A,42.99,2018-19 Panini Prizm Mikal Bridges Silver Prizm Rookie PSA 10 RC 🔥💎,https://www.ebay.com/itm/2018-19-Panini-Prizm-Mikal-Bridges-Silver-Prizm-Rookie-PSA-10-RC/402149710879?hash=item5da1fd9c1f:g:8rIAAOSwS3JeZmzv
"
			Mar 11, 2020",N/A,89.99,(2) 2017-18 Panini Prizm Frank Ntilikina Rookie Silver Prizm Knicks RC PSA 10,https://www.ebay.com/itm/2-2017-18-Panini-Prizm-Frank-Ntilikina-Rookie-Silver-Prizm-Knicks-RC-PSA-10/223942732137?hash=item342406e969:g:htcAAOSwJ4xeaEVd
"
			Mar 11, 2020",N/A,29.99,2018 Panini Prizm Silver RC #119 Justin Jackson Orlando Magic Psa 10 Gem Mint,https://www.ebay.com/itm/2018-Panini-Prizm-Silver-RC-119-Justin-Jackson-Orlando-Magic-Psa-10-Gem-Mint/254478713913?hash=item3b401d0439:g:DdEAAOSwB7FeGlrj
"
			Mar 11, 2020",N/A,25.0,2018-19 Prizm DZANAN MUSA SILVER Prizm Rookie PSA 10 BROOKLYN NETS,https://www.ebay.com/itm/2018-19-Prizm-DZANAN-MUSA-SILVER-Prizm-Rookie-PSA-10-BROOKLYN-NETS/324092928457?hash=item4b7571a1c9:g:VHEAAOSwme5eX-BM
"
			Mar 11, 2020",N/A,249.0,2018-19 20 Prizm Optic Origins Pink Hyper Green Lebron James Silver PSA 10 lot🔥,https://www.ebay.com/itm/2018-19-20-Prizm-Optic-Origins-Pink-Hyper-Green-Lebron-James-Silver-PSA-10-lot/124109450294?hash=item1ce57fec36:g:70YAAOSw9hteYwSg
"
			Mar 11, 2020",N/A,2075.0,2018/19 PRIZM Silver Luka Doncic #280 PSA 10,https://www.ebay.com/itm/2018-19-PRIZM-Silver-Luka-Doncic-280-PSA-10/193378384941?hash=item2d063ffc2d:g:0PkAAOSwm61eaNd8
N/A,N/A,199.99,DONTE DIVINCENZO BUCKS 2018 PRIZM SILVER #246 REFRACTOR PSA 10 GEM RC ROOKIE,https://www.ebay.com/itm/DONTE-DIVINCENZO-BUCKS-2018-PRIZM-SILVER-246-REFRACTOR-PSA-10-GEM-RC-ROOKIE/372980922053?hash=item56d76536c5:g:b5YAAOSwBiNeZorr
"
			Mar 11, 2020",N/A,150.0,2017-18 Donruss Optic Silver Holo Prizm Lonzo Ball Rated Rookie RC PSA 10,https://www.ebay.com/itm/2017-18-Donruss-Optic-Silver-Holo-Prizm-Lonzo-Ball-Rated-Rookie-RC-PSA-10/264663192965?hash=item3d9f27d585:g:wXkAAOSwnuxeaF1y
"
			Mar 11, 2020",N/A,139.0,2016-17 Panini Select Silver Prizm #60 Ben Simmons 76ers RC Rookie PSA 10,https://www.ebay.com/itm/2016-17-Panini-Select-Silver-Prizm-60-Ben-Simmons-76ers-RC-Rookie-PSA-10/223926949409?hash=item3423161621:g:SVMAAOSwLDBeVG2c
"
			Mar 11, 2020",N/A,59.0,PSA 10 2019-20 Panini Prizm LEBRON JAMES Get Hyped Silver Prizm Lakers,https://www.ebay.com/itm/PSA-10-2019-20-Panini-Prizm-LEBRON-JAMES-Get-Hyped-Silver-Prizm-Lakers/283810797422?hash=item421471176e:g:9QAAAOSwH49eaAFB
"
			Mar 11, 2020",N/A,275.0,2018-19 Panini Chronicles #571 LUKA DONCIC Obsidian Silver Prizm Rookie PSA 10,https://www.ebay.com/itm/2018-19-Panini-Chronicles-571-LUKA-DONCIC-Obsidian-Silver-Prizm-Rookie-PSA-10/174196674912?hash=item288eee5160:g:ljUAAOSwjkVeTafO
"
			Mar 11, 2020",N/A,27.5,KEVIN KNOX 18-19 PANINI PRIZM FAST BREAK SILVER DISCO RC PSA 10 GEM-NY KNICKS,https://www.ebay.com/itm/KEVIN-KNOX-18-19-PANINI-PRIZM-FAST-BREAK-SILVER-DISCO-RC-PSA-10-GEM-NY-KNICKS/401753649927?hash=item5d8a623307:g:KVAAAOSwrTJcvOsS
"
			Mar 11, 2020",N/A,1000.0,2015-16 Panini Prizm Kristaps Porzingis Silver Prizm Rookie RC PSA 10 GEM PMJS,https://www.ebay.com/itm/2015-16-Panini-Prizm-Kristaps-Porzingis-Silver-Prizm-Rookie-RC-PSA-10-GEM-PMJS/164071711569?hash=item26336fa351:g:~pkAAOSwy9ZePa7s
"
			Mar 11, 2020",N/A,1500.0,2018-19 Panini Prizm Trae Young Silver Prizm PSA 10 GEM MT Lot Of 2 Rookie Hawks,https://www.ebay.com/itm/2018-19-Panini-Prizm-Trae-Young-Silver-Prizm-PSA-10-GEM-MT-Lot-Of-2-Rookie-Hawks/264662943748?hash=item3d9f240804:g:VckAAOSwp2xeaBjB
"
			Mar 11, 2020",N/A,44.99,Marquese Chriss 2016-17 Prizm Silver Psa 10 Rookie Warriors Silver Prizm Rc,https://www.ebay.com/itm/Marquese-Chriss-2016-17-Prizm-Silver-Psa-10-Rookie-Warriors-Silver-Prizm-Rc/392719651279?hash=item5b6fea51cf:g:a8YAAOSwwcJeZRZN
"
			Mar 11, 2020",N/A,90.0,Lot of 2 -2018-19 Panini Prizm Silver Prizm #37 RC Josh Okogie PSA 10 (2),https://www.ebay.com/itm/Lot-of-2-2018-19-Panini-Prizm-Silver-Prizm-37-RC-Josh-Okogie-PSA-10-2/233522131981?hash=item365f00f40d:g:Jp0AAOSwoQleaC5V
"
			Mar 11, 2020",N/A,499.99,2019 Prizm SILVER REFRACTOR Mavericks LUKA DONCIC Card PSA 10 GEM MINT Low Pop!,https://www.ebay.com/itm/2019-Prizm-SILVER-REFRACTOR-Mavericks-LUKA-DONCIC-Card-PSA-10-GEM-MINT-Low-Pop/164117899027?hash=item2636306713:g:vKwAAOSwmIZeZ0I~
"
			Mar 11, 2020",N/A,370.48,2018-19 Panini Select Silver Prizm Lebron James PSA 10 LOW POP Gem 💎,https://www.ebay.com/itm/2018-19-Panini-Select-Silver-Prizm-Lebron-James-PSA-10-LOW-POP-Gem/233503719373?hash=item365de7ffcd:g:9ycAAOSwD5teEtqC
"
			Mar 11, 2020",N/A,450.0,2018-19 Select Trae Young RC Rookie Silver Prizm GEM MINT PSA 10,https://www.ebay.com/itm/2018-19-Select-Trae-Young-RC-Rookie-Silver-Prizm-GEM-MINT-PSA-10/184205776089?hash=item2ae38514d9:g:okAAAOSwqDheaB36
"
			Mar 11, 2020",N/A,104.0,MARVIN BAGLEY 2018 19 PANINI PRIZM SILVER PRIZM ROOKIE PSA 10,https://www.ebay.com/itm/MARVIN-BAGLEY-2018-19-PANINI-PRIZM-SILVER-PRIZM-ROOKIE-PSA-10/223942925237?hash=item342409dbb5:g:Ko4AAOSw2A9eaHni
"
			Mar 11, 2020",N/A,150.0,D'ANGELO RUSSELL 2015-16 PANINI PRIZM SILVER PRIZMS RC #322 GEM PSA 10,https://www.ebay.com/itm/DANGELO-RUSSELL-2015-16-PANINI-PRIZM-SILVER-PRIZMS-RC-322-GEM-PSA-10/254534414871?hash=item3b436ef217:g:wlcAAOSw5nxeZGN6
"
			Mar 11, 2020",N/A,2099.99,2018/19 PRIZM Silver Luka Doncic #280 PSA 10,https://www.ebay.com/itm/2018-19-PRIZM-Silver-Luka-Doncic-280-PSA-10/283811038122?hash=item421474c3aa:g:Xd0AAOSw0vpeaFJH
"
			Mar 10, 2020",N/A,99.0,De Aaron Fox 2017-2018 Panini Prizm Silver Fast Break Rookie RC Psa 10 Gem Mint,https://www.ebay.com/itm/De-Aaron-Fox-2017-2018-Panini-Prizm-Silver-Fast-Break-Rookie-RC-Psa-10-Gem-Mint/362934293835?hash=item548091d54b:g:-FsAAOSwXHReKuD0
"
			Mar 10, 2020",N/A,399.99,Panini Zion Williamson PSA 10 Blue Prizm RC #64 + Silver Prizm #7 BGS GEM 9.5,https://www.ebay.com/itm/Panini-Zion-Williamson-PSA-10-Blue-Prizm-RC-64-Silver-Prizm-7-BGS-GEM-9-5/274299586396?hash=item3fdd87875c:g:qo0AAOSw0zdeZE6e
"
			Mar 10, 2020",N/A,999.99,Luka Doncic 2018-2019 Panini Prizm Silver Rookie BGS 9 PSA 10 Regrade?,https://www.ebay.com/itm/Luka-Doncic-2018-2019-Panini-Prizm-Silver-Rookie-BGS-9-PSA-10-Regrade/202929109477?hash=item2f3f8479e5:g:-YgAAOSwhQheZptj
"
			Mar 10, 2020",N/A,119.99,STEPHEN CURRY 2016 Panini Prizm SILVER PRIZM PSA 10 #281,https://www.ebay.com/itm/STEPHEN-CURRY-2016-Panini-Prizm-SILVER-PRIZM-PSA-10-281/164117295315?hash=item26362730d3:g:ReMAAOSw4mReZpWH
"
			Mar 10, 2020",N/A,19.99,2018-19 Panini Prizm Dominance Prizms Silver #21 Dirk Nowitzki PSA 10 Dallas,https://www.ebay.com/itm/2018-19-Panini-Prizm-Dominance-Prizms-Silver-21-Dirk-Nowitzki-PSA-10-Dallas/254415228115?hash=item3b3c544cd3:g:7ZsAAOSwXrldxcPv
"
			Mar 10, 2020",N/A,49.99,STEPHEN CURRY 2018-19 Panini Prizm SILVER PRIZM PSA 10 #222,https://www.ebay.com/itm/STEPHEN-CURRY-2018-19-Panini-Prizm-SILVER-PRIZM-PSA-10-222/164117294522?hash=item2636272dba:g:k50AAOSwdX1eZpU0
"
			Mar 10, 2020",N/A,175.0,2018-19 Panini Prizm Silver #170 Collin Sexton Cavaliers RC Rookie PSA 10,https://www.ebay.com/itm/2018-19-Panini-Prizm-Silver-170-Collin-Sexton-Cavaliers-RC-Rookie-PSA-10/293505300109?hash=item445647768d:g:XOsAAOSwOlBeZoOG
"
			Mar 10, 2020",N/A,29.99,2016-17 Panini Prizm Dragan Bender Silver RC PSA 10 - Rookie Bucks,https://www.ebay.com/itm/2016-17-Panini-Prizm-Dragan-Bender-Silver-RC-PSA-10-Rookie-Bucks/233481313927?hash=item365c921e87:g:lEUAAOSwt69eM6u8
"
			Mar 10, 2020",N/A,325.0,(2) 2017-18 Panini Prizm De'Aaron Fox Silver Rookie Refractor RC PSA 10 + BASE!!,https://www.ebay.com/itm/2-2017-18-Panini-Prizm-DeAaron-Fox-Silver-Rookie-Refractor-RC-PSA-10-BASE/153859996496?hash=item23d2c53b50:g:S2MAAOSwxcFeZ8jO
"
			Mar 10, 2020",N/A,35.0,Sekou Doumbouya 2019 Prizm Silver RC Pistons Rookie PSA 10??,https://www.ebay.com/itm/Sekou-Doumbouya-2019-Prizm-Silver-RC-Pistons-Rookie-PSA-10/254533632714?hash=item3b436302ca:g:9PEAAOSwDKheYz96
"
			Mar 10, 2020",N/A,3949.98,2018/19 PRIZM Silver Luka Doncic #280 PSA 10 x 2,https://www.ebay.com/itm/2018-19-PRIZM-Silver-Luka-Doncic-280-PSA-10-x-2/283810004587?hash=item421464fe6b:g:L2IAAOSwi95eZwUo
"
			Mar 10, 2020",N/A,79.95,2018-19 Panini Prizm Lonnie Walker IV Silver RC #251 PSA 10 GEM MT Spurs Rookie,https://www.ebay.com/itm/2018-19-Panini-Prizm-Lonnie-Walker-IV-Silver-RC-251-PSA-10-GEM-MT-Spurs-Rookie/164097609484?hash=item2634facf0c:g:kQEAAOSwz8BeVgdR
"
			Mar 10, 2020",N/A,224.0,2018-19 Panini Prizm Silver Collin Sexton Cavaliers RC AUTO PSA 10 GEM MINT,https://www.ebay.com/itm/2018-19-Panini-Prizm-Silver-Collin-Sexton-Cavaliers-RC-AUTO-PSA-10-GEM-MINT/293505301971?hash=item4456477dd3:g:7UYAAOSw0BVeZoPt
"
			Mar 10, 2020",N/A,599.99,PSA 10 COBY WHITE 2019/20 Panini Prizm Silver RC Rookie #253 Gem Mint UNC BULLS,https://www.ebay.com/itm/PSA-10-COBY-WHITE-2019-20-Panini-Prizm-Silver-RC-Rookie-253-Gem-Mint-UNC-BULLS/303509259555?hash=item46aa8fc523:g:XOEAAOSwwYleZPve
"
			Mar 10, 2020",N/A,45.0,⭐️🔥 Josh JACKSON 2017-18 SELECT Silver PRIZM PSA 10 G League Legend ⭐️🔥,https://www.ebay.com/itm/Josh-JACKSON-2017-18-SELECT-Silver-PRIZM-PSA-10-G-League-Legend/184081867386?hash=item2adc22627a:g:tcwAAOSwwJ1d9Rxg
"
			Mar 10, 2020",N/A,19.99,"RJ Barrett 2019 Panini Prizm Draft Rookie #62 ** PSA 10 ** ""Silver"" Prizm",https://www.ebay.com/itm/RJ-Barrett-2019-Panini-Prizm-Draft-Rookie-62-PSA-10-Silver-Prizm/153853134164?hash=item23d25c8554:g:rXEAAOSw5oheXyul
N/A,N/A,65.0,2017-18 PRIZM DE'AARON FOX THE ROOKIES SILVER PRIZM RC PSA 10 Qty Avail,https://www.ebay.com/itm/2017-18-PRIZM-DEAARON-FOX-THE-ROOKIES-SILVER-PRIZM-RC-PSA-10-Qty-Avail/233463837613?hash=item365b8773ad:g:ApgAAOSwmWxeG4mq
"
			Mar 10, 2020",N/A,2099.99,2018/19 PRIZM Silver Luka Doncic #280 PSA 10,https://www.ebay.com/itm/2018-19-PRIZM-Silver-Luka-Doncic-280-PSA-10/283810693079?hash=item42146f7fd7:g:bd4AAOSwOfFeZ-cZ
"
			Mar 10, 2020",N/A,59.99,TRAE YOUNG 2018-19 Panini Prizm SILVER EMERGENT Refractor RC Card Gem MNT PSA 10,https://www.ebay.com/itm/TRAE-YOUNG-2018-19-Panini-Prizm-SILVER-EMERGENT-Refractor-RC-Card-Gem-MNT-PSA-10/233366177979?hash=item3655b548bb:g:qJ4AAOSwLh9doC0f
"
			Mar 10, 2020",N/A,849.95,2018-19 Panini Select Luka Doncic Concourse Silver Prizm RC PSA 10,https://www.ebay.com/itm/2018-19-Panini-Select-Luka-Doncic-Concourse-Silver-Prizm-RC-PSA-10/153855819919?hash=item23d285808f:g:zuoAAOSwGIReYo1E
"
			Mar 10, 2020",N/A,9499.99,(LOT OF 3) 2018 LUKA DONCIC PSA 10 OPTIC HOLO SILVER PRIZM RC ROOKIE GEM MINT🔥,https://www.ebay.com/itm/LOT-OF-3-2018-LUKA-DONCIC-PSA-10-OPTIC-HOLO-SILVER-PRIZM-RC-ROOKIE-GEM-MINT/223940847709?hash=item3423ea285d:g:z60AAOSwnw5eVaHK
"
			Mar 10, 2020",N/A,99.99,2015-16 PANINI PRIZM #364 STEPHEN CURRY ALL-STAR SILVER PRIZM PSA 10 GEM MINT,https://www.ebay.com/itm/2015-16-PANINI-PRIZM-364-STEPHEN-CURRY-ALL-STAR-SILVER-PRIZM-PSA-10-GEM-MINT/143247749614?hash=item215a3b31ee:g:X9gAAOSwIOFc1wiy
"
			Mar 10, 2020",N/A,29.0,Marvin Bagley 2018 Panini Prizm Mosaic Silver Rookie Card RC PSA 10 Gem Mt Kings,https://www.ebay.com/itm/Marvin-Bagley-2018-Panini-Prizm-Mosaic-Silver-Rookie-Card-RC-PSA-10-Gem-Mt-Kings/114037581184?hash=item1a8d2b6580:g:VtYAAOSwQZFeB8rQ
"
			Mar 10, 2020",N/A,115.0,2015 Select KARL-ANTHONY TOWNS rookie RC silver prizm 526 PSA 10,https://www.ebay.com/itm/2015-Select-KARL-ANTHONY-TOWNS-rookie-RC-silver-prizm-526-PSA-10/264645114779?hash=item3d9e13fb9b:g:ajQAAOSwkW5eUsk~
"
			Mar 10, 2020",N/A,129.99,"Luka Doncic 2018 Panini Prizm Rookie ""Emergent"" ** PSA 10 ** SILVER Prizm",https://www.ebay.com/itm/Luka-Doncic-2018-Panini-Prizm-Rookie-Emergent-PSA-10-SILVER-Prizm/153856325275?hash=item23d28d369b:g:JKUAAOSw4oJeYzZE
"
			Mar 10, 2020",N/A,139.95,2018-19 NBA Prizm LUKA DONCIC Silver Freshman Phenoms PSA 10 GEM MINT #23 SP RC,https://www.ebay.com/itm/2018-19-NBA-Prizm-LUKA-DONCIC-Silver-Freshman-Phenoms-PSA-10-GEM-MINT-23-SP-RC/293505594828?hash=item44564bf5cc:g:8LsAAOSwrcZeZtnZ
"
			Mar 10, 2020",N/A,55.0,Kevin Knox 2018-19 Panini Prizm #217 PSA 10 Gem Mint Silver Refractor Rookie RC,https://www.ebay.com/itm/Kevin-Knox-2018-19-Panini-Prizm-217-PSA-10-Gem-Mint-Silver-Refractor-Rookie-RC/324098524923?hash=item4b75c706fb:g:q2AAAOSwxspeZvvj
"
			Mar 10, 2020",N/A,29.99,2018-19 Panini Prizm Silver #189 Zhaire Smith 76ers RC Rookie PSA 10,https://www.ebay.com/itm/2018-19-Panini-Prizm-Silver-189-Zhaire-Smith-76ers-RC-Rookie-PSA-10/274300521346?hash=item3fdd95cb82:g:oc4AAOSwOQNeZXzN
"
			Mar 10, 2020",N/A,599.99,Brandon Ingram Panini Prizm 2016/17 RC Blue Wave #99/99 1/1 PSA 10 Silver Zion,https://www.ebay.com/itm/Brandon-Ingram-Panini-Prizm-2016-17-RC-Blue-Wave-99-99-1-1-PSA-10-Silver-Zion/324099251451?hash=item4b75d21cfb:g:gWsAAOSwieleZ~70
"
			Mar 10, 2020",N/A,40.0,2018-19 Prizm ROBERT WILLIAMS III SILVER Prizm Rookie PSA 10 BOSTON CELTICS,https://www.ebay.com/itm/2018-19-Prizm-ROBERT-WILLIAMS-III-SILVER-Prizm-Rookie-PSA-10-BOSTON-CELTICS/324005820493?hash=item4b7040784d:g:krwAAOSwOGZd7GYX
"
			Mar 10, 2020",N/A,129.95,PSA 10 2019-20 Panini Prizm PJ WASHINGTON JR Silver RC Refractor Prizm Rookie!,https://www.ebay.com/itm/PSA-10-2019-20-Panini-Prizm-PJ-WASHINGTON-JR-Silver-RC-Refractor-Prizm-Rookie/283804841907?hash=item42141637b3:g:ZFMAAOSwNsdeYGVP
"
			Mar 10, 2020",N/A,1999.99,2018-19 Panini Prizm Silver #280 Luka Doncic RC Rookie PSA 10 GEM MINT,https://www.ebay.com/itm/2018-19-Panini-Prizm-Silver-280-Luka-Doncic-RC-Rookie-PSA-10-GEM-MINT/264662556830?hash=item3d9f1e209e:g:oFUAAOSw~9FeZ7BZ
"
			Mar 10, 2020",N/A,166.0,TRAE YOUNG 2019-20 PRIZM SILVER # 31 SP PSA 10 GEM MINT low POP ATLANTA HAWKS,https://www.ebay.com/itm/TRAE-YOUNG-2019-20-PRIZM-SILVER-31-SP-PSA-10-GEM-MINT-low-POP-ATLANTA-HAWKS/362923933952?hash=item547ff3c100:g:8~UAAOSw61BeUpCW
"
			Mar 10, 2020",N/A,2.5,2018 Panini Prizm Silver Prizms Chris Webber #165 PSA 10 GEM MINT (PWCC),https://www.ebay.com/itm/2018-Panini-Prizm-Silver-Prizms-Chris-Webber-165-PSA-10-GEM-MINT-PWCC/383456171946?hash=item5947c4d7aa:g:r~4AAOSwEpBeZ-AN
"
			Mar 10, 2020",N/A,50.0,PAUL GEORGE 2014-15 PANINI PRIZM SILVER SHORT PRINT PSA 10 PACERS CLIPPERS RARE,https://www.ebay.com/itm/PAUL-GEORGE-2014-15-PANINI-PRIZM-SILVER-SHORT-PRINT-PSA-10-PACERS-CLIPPERS-RARE/193376099032?hash=item2d061d1ad8:g:L1AAAOSw40ZeZps6
"
			Mar 10, 2020",N/A,599.0,2016-17 Pascal Siakam Silver Prizm Rookie PSA 10 Toronto Raptors,https://www.ebay.com/itm/2016-17-Pascal-Siakam-Silver-Prizm-Rookie-PSA-10-Toronto-Raptors/402149726131?hash=item5da1fdd7b3:g:hqoAAOSwqmVeZnCR
"
			Mar 10, 2020",N/A,139.99,2019-20 Panini Prizm Silver #31 Trae Young Atlanta Hawks PSA 10 GEM MINT RARE!,https://www.ebay.com/itm/2019-20-Panini-Prizm-Silver-31-Trae-Young-Atlanta-Hawks-PSA-10-GEM-MINT-RARE/223942177011?hash=item3423fe70f3:g:h4sAAOSw3NleZ58d
"
			Mar 10, 2020",N/A,1250.0,Lonzo Ball Prizm 2017-18 SILVER PRIZM Gem Mint Lakers Pelicans RC #289 PSA 10,https://www.ebay.com/itm/Lonzo-Ball-Prizm-2017-18-SILVER-PRIZM-Gem-Mint-Lakers-Pelicans-RC-289-PSA-10/264661951254?hash=item3d9f14e316:g:~qYAAOSwIlBeZuJN
"
			Mar 10, 2020",N/A,375.0,2018-19 Panini Prizm #184 SHAI GILGEOUS-ALEXA,https://www.ebay.com/itm/2018-19-Panini-Prizm-184-SHAI-GILGEOUS-ALEXANDERS-Silver-Prizm-PSA-10-Gem-Mint/153859092994?hash=item23d2b77202:g:H~AAAOSwNHZeZskN
"
			Mar 10, 2020",N/A,299.99,SHAI GILGEOUS ALEXANDER SGI 2018 PRIZM SILVER HOLO #184 REFRACTOR PSA 10 GEM RC,https://www.ebay.com/itm/SHAI-GILGEOUS-ALEXANDER-SGI-2018-PRIZM-SILVER-HOLO-184-REFRACTOR-PSA-10-GEM-RC/392720904230?hash=item5b6ffd7026:g:ZtkAAOSwN8JeZoki
"
			Mar 10, 2020",N/A,299.99,2018-19 Panini Prizm Silver Shai Gilgeous-Alexa,https://www.ebay.com/itm/2018-19-Panini-Prizm-Silver-Shai-Gilgeous-Alexander-RC-Rookie-PSA-10-Gem-Mint/303511242426?hash=item46aaae06ba:g:SnQAAOSwnQ5eZ87-
"
			Mar 10, 2020",N/A,1500.0,2018-19 Panini Prizm Trae Young Silver Prizm PSA 10 GEM MT Lot Of 2 Rookie Hawks,https://www.ebay.com/itm/2018-19-Panini-Prizm-Trae-Young-Silver-Prizm-PSA-10-GEM-MT-Lot-Of-2-Rookie-Hawks/392717721679?hash=item5b6fcce04f:g:XB8AAOSwR7ReYvIv
"
			Mar 10, 2020",N/A,34.99,2018 PANINI PRIZM 294 LONZO BALL SILVER PRIZM PSA 10 LOS ANGELES LAKERS,https://www.ebay.com/itm/2018-PANINI-PRIZM-294-LONZO-BALL-SILVER-PRIZM-PSA-10-LOS-ANGELES-LAKERS/254524219286?hash=item3b42d35f96:g:znQAAOSwRBpeVxGD
"
			Mar 10, 2020",N/A,38.99,2017 Panini Prizm Dennis Smith Jr. SILVER PRIZM ROOKIE RC #99 PSA 10 GEM MINT,https://www.ebay.com/itm/2017-Panini-Prizm-Dennis-Smith-Jr-SILVER-PRIZM-ROOKIE-RC-99-PSA-10-GEM-MINT/133327000515?hash=item1f0ae893c3:g:RvIAAOSwEX1ePOIj
"
			Mar 10, 2020",N/A,675.0,2018-19 Panini Prizm Silver Prizm Trae Young RC rookie PSA 10 GEM MINT,https://www.ebay.com/itm/2018-19-Panini-Prizm-Silver-Prizm-Trae-Young-RC-rookie-PSA-10-GEM-MINT/202930172197?hash=item2f3f94b125:g:FaMAAOSwaBJeZ6fQ
"
			Mar 10, 2020",N/A,479.99,2019-20 PANINI PRIZM LEBRON JAMES SILVER PRIZM #129 PSA 10 L.A. LAKERS READ!,https://www.ebay.com/itm/2019-20-PANINI-PRIZM-LEBRON-JAMES-SILVER-PRIZM-129-PSA-10-L-A-LAKERS-READ/274302341011?hash=item3fddb18f93:g:mzMAAOSwD75eZ8dh
"
			Mar 10, 2020",N/A,12500.0,2012-13 Panini Prizm SILVER KAWHI LEONARD PSA 10 GEM MINT #209 Refractor Rookie,https://www.ebay.com/itm/2012-13-Panini-Prizm-SILVER-KAWHI-LEONARD-PSA-10-GEM-MINT-209-Refractor-Rookie/202925542686?hash=item2f3f4e0d1e:g:5bkAAOSwPyReY~P0
"
			Mar 10, 2020",N/A,50.0,JAYSON TATUM 2018-19 PANINI PRIZM SILVER PSA 10 CELTICS,https://www.ebay.com/itm/JAYSON-TATUM-2018-19-PANINI-PRIZM-SILVER-PSA-10-CELTICS/193376092570?hash=item2d061d019a:g:-M8AAOSwTw1eZpoC
"
			Mar 10, 2020",N/A,299.99,2018-19 Panini Prizm Silver Shai Gilgeous-Alexa,https://www.ebay.com/itm/2018-19-Panini-Prizm-Silver-Shai-Gilgeous-Alexander-RC-Rookie-PSA-10-Gem-Mint/303510798976?hash=item46aaa74280:g:W6oAAOSwNeFeZ0Xw
"
			Mar 10, 2020",N/A,59.0,PSA 10 2019-20 Panini Prizm LEBRON JAMES Get Hyped Silver Prizm Lakers,https://www.ebay.com/itm/PSA-10-2019-20-Panini-Prizm-LEBRON-JAMES-Get-Hyped-Silver-Prizm-Lakers/274296285123?hash=item3fdd5527c3:g:mh0AAOSw2MVeYF2V
"
			Mar 10, 2020",N/A,289.99,JAYLEN BROWN 2016-17 PANINI PRIZM ROOKIE SILVER RC REFRACTOR #44 PSA 10 GEM SP,https://www.ebay.com/itm/JAYLEN-BROWN-2016-17-PANINI-PRIZM-ROOKIE-SILVER-RC-REFRACTOR-44-PSA-10-GEM-SP/193372128076?hash=item2d05e0834c:g:U4UAAOSws5FeB0iU
"
			Mar 10, 2020",N/A,49.99,2019 Prizm SILVER REFRACTOR Hornet JALEN McDANIELS RC Card PSA 10 GEM MINT Pop 2,https://www.ebay.com/itm/2019-Prizm-SILVER-REFRACTOR-Hornet-JALEN-McDANIELS-RC-Card-PSA-10-GEM-MINT-Pop-2/164116870353?hash=item263620b4d1:g:w48AAOSwxeleZim1
"
			Mar 10, 2020",N/A,319.99,ZION WILLIAMSON 2019-20 Prizm Draft Picks SILVER PRIZM card #1 PSA 10 Gem Mint,https://www.ebay.com/itm/ZION-WILLIAMSON-2019-20-Prizm-Draft-Picks-SILVER-PRIZM-card-1-PSA-10-Gem-Mint/383445824099?hash=item594726f263:g:IDwAAOSwmjdeXbsT
"
			Mar 10, 2020",N/A,69.0,2015-16 PANINI PRIZM KEVIN DURANT SILVER REFRACTOR #96 PSA 10 GEM MINT WARRIORS,https://www.ebay.com/itm/2015-16-PANINI-PRIZM-KEVIN-DURANT-SILVER-REFRACTOR-96-PSA-10-GEM-MINT-WARRIORS/254475839304?hash=item3b3ff12748:g:lO4AAOSwIW9eFkUK
"
			Mar 10, 2020",N/A,199.99,2017-18 PANINI PRIZM BASKETBALL LONZO BALL BGS 9.5 SILVER ROOKIE PRIZM PSA 10?,https://www.ebay.com/itm/2017-18-PANINI-PRIZM-BASKETBALL-LONZO-BALL-BGS-9-5-SILVER-ROOKIE-PRIZM-PSA-10/274299989780?hash=item3fdd8daf14:g:-C0AAOSwu-teZPMw
"
			Mar 10, 2020",N/A,19.99,2018-19 Panini Prizm Basketball Silver #176 Josh Richardson Miami PSA 10,https://www.ebay.com/itm/2018-19-Panini-Prizm-Basketball-Silver-176-Josh-Richardson-Miami-PSA-10/254513501571?hash=item3b422fd583:g:wnIAAOSwilNeSCX9
"
			Mar 10, 2020",N/A,89.99,MO BAMBA 2018-19 Panini Prizm Basketball SILVER Rookie Refractor Card #99 PSA 10,https://www.ebay.com/itm/MO-BAMBA-2018-19-Panini-Prizm-Basketball-SILVER-Rookie-Refractor-Card-99-PSA-10/333357353637?hash=item4d9da58aa5:g:08MAAOSwLtZdoCqA
"
			Mar 10, 2020",N/A,239.0,Zion Williamson Silver Prizm RC Rookie PSA 10 Panini 2019-2020 GEM MINT!,https://www.ebay.com/itm/Zion-Williamson-Silver-Prizm-RC-Rookie-PSA-10-Panini-2019-2020-GEM-MINT/264661568625?hash=item3d9f0f0c71:g:53EAAOSwtMVeZnpf
"
			Mar 10, 2020",N/A,1195.0,LUKA DONCIC 2018 PANINI PRIZM SILVER RC #3 LUCK OF THE LOTTERY PSA 10 GEM MINT,https://www.ebay.com/itm/LUKA-DONCIC-2018-PANINI-PRIZM-SILVER-RC-3-LUCK-OF-THE-LOTTERY-PSA-10-GEM-MINT/143536438364?hash=item216b703c5c:g:HHEAAOSw5LRd2Z5j
"
			Mar 10, 2020",N/A,150.0,2018 Prizm DeAndre Ayton Silver Prizm PSA 10 #279 Suns RC Rookie Gem Mint Sp,https://www.ebay.com/itm/2018-Prizm-DeAndre-Ayton-Silver-Prizm-PSA-10-279-Suns-RC-Rookie-Gem-Mint-Sp/223935222253?hash=item34239451ed:g:9wgAAOSwBiNeXoMn
"
			Mar 10, 2020",N/A,119.99,2018 Prizm Emergent Silver Prizm #3 Luka Doncic RC Rookie PSA 10 Mavericks,https://www.ebay.com/itm/2018-Prizm-Emergent-Silver-Prizm-3-Luka-Doncic-RC-Rookie-PSA-10-Mavericks/383454891454?hash=item5947b14dbe:g:28cAAOSwVWFeZrOl
"
			Mar 10, 2020",N/A,1349.99,Ja Morant 2019-20 Panini Prizm Silver RC #249 PSA 10,https://www.ebay.com/itm/Ja-Morant-2019-20-Panini-Prizm-Silver-RC-249-PSA-10/383447001289?hash=item594738e8c9:g:UDsAAOSw3Y9eXs1G
"
			Mar 10, 2020",N/A,34.99,2015/16 Prizm Silver Prizm Larry Bird #261 PSA 10,https://www.ebay.com/itm/2015-16-Prizm-Silver-Prizm-Larry-Bird-261-PSA-10/133356432238?hash=item1f0ca9ab6e:g:75YAAOSw6BpeZuXs
"
			Mar 10, 2020",N/A,50.0,Jayson Tatum 2018 Panini Prizm Silver Prizm Refractor PSA 10 Gem Mt  Celtics,https://www.ebay.com/itm/Jayson-Tatum-2018-Panini-Prizm-Silver-Prizm-Refractor-PSA-10-Gem-Mt-Celtics/324096619373?hash=item4b75a9f36d:g:szgAAOSwH9Jd8rNT
"
			Mar 10, 2020",N/A,29.99,2019 PANINI PRIZM DRAFT PICKS 92 JORDAN POOLE SILVER PRIZM PSA 10,https://www.ebay.com/itm/2019-PANINI-PRIZM-DRAFT-PICKS-92-JORDAN-POOLE-SILVER-PRIZM-PSA-10/254524232081?hash=item3b42d39191:g:ujoAAOSwjdFeVxdR
"
			Mar 10, 2020",N/A,29.99,2018-19 Panini Prizm Silver Melvin Frazier Jr #109 PSA 10 Rookie PSA 10,https://www.ebay.com/itm/2018-19-Panini-Prizm-Silver-Melvin-Frazier-Jr-109-PSA-10-Rookie-PSA-10/254513503165?hash=item3b422fdbbd:g:SwIAAOSwAUBeSCaJ
"
			Mar 10, 2020",N/A,3500.0,Zion Williamson Prizm RC Silver Psa 10,https://www.ebay.com/itm/Zion-Williamson-Prizm-RC-Silver-Psa-10/114144676456?hash=item1a938d8a68:g:yQ4AAOSwq5heZpyN
"
			Mar 10, 2020",N/A,675.0,2018-19 Panini Prizm Silver Prizm Trae Young RC rookie PSA 10 GEM MINT,https://www.ebay.com/itm/2018-19-Panini-Prizm-Silver-Prizm-Trae-Young-RC-rookie-PSA-10-GEM-MINT/202929804639?hash=item2f3f8f155f:g:aUEAAOSwePleZzQO
"
			Mar 10, 2020",N/A,350.0,2019-20 Panini Prizm Silver #253 Coby White Bulls RC Rookie PSA 10 GEM MINT,https://www.ebay.com/itm/2019-20-Panini-Prizm-Silver-253-Coby-White-Bulls-RC-Rookie-PSA-10-GEM-MINT/324098119348?hash=item4b75c0d6b4:g:32YAAOSwFnVeZnKR
"
			Mar 10, 2020",N/A,324.99,2019-20 Panini Prizm Silver #253 Coby White Bulls RC Rookie PSA 10 GEM MINT,https://www.ebay.com/itm/2019-20-Panini-Prizm-Silver-253-Coby-White-Bulls-RC-Rookie-PSA-10-GEM-MINT/274301650222?hash=item3fdda7052e:g:948AAOSw7WxeZtmm
"
			Mar 10, 2020",N/A,60.0,2017-18 Select Silver Prizm Lonzo Ball Los Angeles Lakers RC Rookie PSA 10,https://www.ebay.com/itm/2017-18-Select-Silver-Prizm-Lonzo-Ball-Los-Angeles-Lakers-RC-Rookie-PSA-10/264662145878?hash=item3d9f17db56:g:~LAAAOSwd5FeZyx1
"
			Mar 09, 2020",N/A,50.0,2018 Prizm Josh Okogie SILVER RC - PSA 10,https://www.ebay.com/itm/2018-Prizm-Josh-Okogie-SILVER-RC-PSA-10/313020733091?hash=item48e17d56a3:g:mtUAAOSwqNdeYwDY
"
			Mar 09, 2020",N/A,99.99,2019 Prizm SILVER REFRACTOR Prizm Nuggets BOL BOL Rookie Card PSA 10 GEM MINT,https://www.ebay.com/itm/2019-Prizm-SILVER-REFRACTOR-Prizm-Nuggets-BOL-BOL-Rookie-Card-PSA-10-GEM-MINT/164117771552?hash=item26362e7520:g:VmgAAOSwhRZeZxyN
"
			Mar 09, 2020",N/A,675.0,2018-19 Panini Prizm Silver Prizm Trae Young RC rookie PSA 10 GEM MINT,https://www.ebay.com/itm/2018-19-Panini-Prizm-Silver-Prizm-Trae-Young-RC-rookie-PSA-10-GEM-MINT/193376512198?hash=item2d062368c6:g:zGcAAOSwr9BeZyUd
"
			Mar 09, 2020",N/A,50.0,KOBE BRYANT 2018 PANINI PRIZM #15 SILVER PSA 10 POP 131,https://www.ebay.com/itm/KOBE-BRYANT-2018-PANINI-PRIZM-15-SILVER-PSA-10-POP-131/333534839832?hash=item4da839c418:g:6C8AAOSwr6deXxPZ
"
			Mar 09, 2020",N/A,35.3,2018/19 Panini Prizm GRAYSON ALLEN SILVER REFRACTOR RC/ROOKIE JAZZ #123 PSA 10,https://www.ebay.com/itm/2018-19-Panini-Prizm-GRAYSON-ALLEN-SILVER-REFRACTOR-RC-ROOKIE-JAZZ-123-PSA-10/402148389569?hash=item5da1e972c1:g:MSoAAOSwl0xeZZ5z
"
			Mar 09, 2020",N/A,115.0,Luka Doncic Rookie -- PSA 10 -- 2018-19 Prizm Basketball EMERGENT SILVER,https://www.ebay.com/itm/Luka-Doncic-Rookie-PSA-10-2018-19-Prizm-Basketball-EMERGENT-SILVER/164114594069?hash=item2635fdf915:g:wpkAAOSw2uheY77c
"
			Mar 09, 2020",N/A,50.0,Anfernee Simons Panini Prizm Silver Fast Break PSA 10,https://www.ebay.com/itm/Anfernee-Simons-Panini-Prizm-Silver-Fast-Break-PSA-10/283781435576?hash=item4212b110b8:g:UPAAAOSwZ~peRTZb
N/A,N/A,19.99,2018 Panini Prizm Signatures #S-TMK Thon Maker  Milwaukee Bucks PSA 10 Silver,https://www.ebay.com/itm/2018-Panini-Prizm-Signatures-S-TMK-Thon-Maker-Milwaukee-Bucks-PSA-10-Silver/254415267791?hash=item3b3c54e7cf:g:XTEAAOSwH4tdxdIN
"
			Mar 09, 2020",N/A,19.99,2018 PANINI PRIZM 130 JABARI PARKER SILVER PRIZM CHICAGO BULLS PSA 10,https://www.ebay.com/itm/2018-PANINI-PRIZM-130-JABARI-PARKER-SILVER-PRIZM-CHICAGO-BULLS-PSA-10/254533812627?hash=item3b4365c193:g:5W8AAOSw-9leY4-e
"
			Mar 09, 2020",N/A,19.99,2018-19 Panini Prizm Basketball Silver #38 Taurean Prince Atlanta Hawks PSA 10,https://www.ebay.com/itm/2018-19-Panini-Prizm-Basketball-Silver-38-Taurean-Prince-Atlanta-Hawks-PSA-10/254532294915?hash=item3b434e9903:g:luEAAOSwtyxeYWER
"
			Mar 09, 2020",N/A,39.99,2018/19 Panini Prizm Kevin Durant Silver Prizm PSA 10,https://www.ebay.com/itm/2018-19-Panini-Prizm-Kevin-Durant-Silver-Prizm-PSA-10/264343211846?hash=item3d8c154f46:g:1lIAAOSwBzpc8AHe
N/A,N/A,29.99,2018 PANINI PRIZM 152 LUKE KENNARD SILVER PRIZM DETROIT PSA 10 POP 2,https://www.ebay.com/itm/2018-PANINI-PRIZM-152-LUKE-KENNARD-SILVER-PRIZM-DETROIT-PSA-10-POP-2/254513500890?hash=item3b422fd2da:g:QJQAAOSwXSZeSCWX
"
			Mar 09, 2020",N/A,54.99,JOSH OKOGIE PRIZM SILVER PSA 10 🔥,https://www.ebay.com/itm/JOSH-OKOGIE-PRIZM-SILVER-PSA-10/402150612739?hash=item5da20b5f03:g:HqcAAOSwHwReZvXB
"
			Mar 09, 2020",N/A,679.99,2018-19 Panini Prizm Silver Prizm Trae Young RC rookie PSA 10 GEM MINT,https://www.ebay.com/itm/2018-19-Panini-Prizm-Silver-Prizm-Trae-Young-RC-rookie-PSA-10-GEM-MINT/254535498721?hash=item3b437f7be1:g:8poAAOSwFfleZn6U
"
			Mar 09, 2020",N/A,679.99,2018-19 Panini Prizm Silver Prizm Trae Young RC rookie PSA 10 GEM MINT,https://www.ebay.com/itm/2018-19-Panini-Prizm-Silver-Prizm-Trae-Young-RC-rookie-PSA-10-GEM-MINT/392720288475?hash=item5b6ff40adb:g:zEIAAOSw-9leZoB9
"
			Mar 09, 2020",N/A,35.3,2018/19 Panini Prizm GRAYSON ALLEN SILVER REFRACTOR RC/ROOKIE JAZZ L2 PSA 10,https://www.ebay.com/itm/2018-19-Panini-Prizm-GRAYSON-ALLEN-SILVER-REFRACTOR-RC-ROOKIE-JAZZ-L2-PSA-10/402148389967?hash=item5da1e9744f:g:EBUAAOSwi6BeZZ6v
"
			Mar 09, 2020",N/A,38.99,2017-18 PRIZM Kyle Kuzma FAST BREAK Disco Silver Prizm PSA 10 Gem Mint QTY,https://www.ebay.com/itm/2017-18-PRIZM-Kyle-Kuzma-FAST-BREAK-Disco-Silver-Prizm-PSA-10-Gem-Mint-QTY/184191860034?hash=item2ae2b0bd42:g:vFgAAOSwPO5eWuIf
"
			Mar 09, 2020",N/A,49.99,2017 Panini Prizm Josh Jackson Silver Prizm RC PSA 10 Gem Mint,https://www.ebay.com/itm/2017-Panini-Prizm-Josh-Jackson-Silver-Prizm-RC-PSA-10-Gem-Mint/223891127118?hash=item3420f37b4e:g:MmwAAOSw09ZeNyH9
"
			Mar 09, 2020",N/A,1300.0,2019-20 Prizm Ja Morant Rc Rookie Silver PSA 10 Gem Mint - Grizzlies 🔥🔥🔥,https://www.ebay.com/itm/2019-20-Prizm-Ja-Morant-Rc-Rookie-Silver-PSA-10-Gem-Mint-Grizzlies/124111802064?hash=item1ce5a3ced0:g:4q8AAOSwF3BeZgj3
"
			Mar 09, 2020",N/A,29.95,2018/19 Panini Prizm GRAYSON ALLEN SILVER REFRACTOR RC/ROOKIE JAZZ #123 PSA 10,https://www.ebay.com/itm/2018-19-Panini-Prizm-GRAYSON-ALLEN-SILVER-REFRACTOR-RC-ROOKIE-JAZZ-123-PSA-10/264424916362?hash=item3d90f4058a:g:McIAAOSwFwBdS5wH
"
			Mar 09, 2020",N/A,349.99,2017-18 Panini Prizm De'Aaron Fox Silver Rookie Refractor RC PSA 10,https://www.ebay.com/itm/2017-18-Panini-Prizm-DeAaron-Fox-Silver-Rookie-Refractor-RC-PSA-10/324097974243?hash=item4b75be9fe3:g:QuEAAOSwr7xeZkMo
"
			Mar 09, 2020",N/A,139.99,2019 Prizm SILVER REFRACTOR Cavs DARIUS GARLAND Rookie Card PSA 10 GEM MINT!,https://www.ebay.com/itm/2019-Prizm-SILVER-REFRACTOR-Cavs-DARIUS-GARLAND-Rookie-Card-PSA-10-GEM-MINT/164116862572?hash=item263620966c:g:~L8AAOSw2T9eZiaF
"
			Mar 09, 2020",N/A,499.99,2019-20 ZION WILLIAMSON Prizm Silver Fireworks Hyper PSA 10 GEM MINT Rookie RC,https://www.ebay.com/itm/2019-20-ZION-WILLIAMSON-Prizm-Silver-Fireworks-Hyper-PSA-10-GEM-MINT-Rookie-RC/223941414620?hash=item3423f2cedc:g:XVcAAOSwlgVeZpSf
"
			Mar 09, 2020",N/A,1900.0,2018-19 Panini Prizm Silver #280 Luka Doncic RC Rookie PSA 10 GEM MINT,https://www.ebay.com/itm/2018-19-Panini-Prizm-Silver-280-Luka-Doncic-RC-Rookie-PSA-10-GEM-MINT/184204602485?hash=item2ae3732c75:g:7CkAAOSwsZleZuqw
"
			Mar 09, 2020",N/A,65.99,GIANNIS ANTETOKOUNMPO 2017 OPTIC FAST BREAK SILVER HOLO PRIZM PSA 10 GEM MINT,https://www.ebay.com/itm/GIANNIS-ANTETOKOUNMPO-2017-OPTIC-FAST-BREAK-SILVER-HOLO-PRIZM-PSA-10-GEM-MINT/324097495340?hash=item4b75b7512c:g:lH0AAOSwCFBeZXud
"
			Mar 09, 2020",N/A,59.99,GARY TRENT JR 2018-19 PANINI PRIZM SILVER PRIZMS SSP ROOKIE RC #71 PSA 10 GEM MT,https://www.ebay.com/itm/GARY-TRENT-JR-2018-19-PANINI-PRIZM-SILVER-PRIZMS-SSP-ROOKIE-RC-71-PSA-10-GEM-MT/392697201032?hash=item5b6e93c188:g:jX4AAOSwqUleULVU
"
			Mar 09, 2020",N/A,259.0,Lonzo Ball Prizm 2017-18 SILVER PRIZM Gem Mint Lakers Pelicans RC #289 PSA 10,https://www.ebay.com/itm/Lonzo-Ball-Prizm-2017-18-SILVER-PRIZM-Gem-Mint-Lakers-Pelicans-RC-289-PSA-10/383454572633?hash=item5947ac7059:g:4~IAAOSwKY9eZmrv
"
			Mar 09, 2020",N/A,65.0,2017-18 Panini Prizm Fast Break Silver Rookie JOHN COLLINS RC SP PSA 10 Gem Mint,https://www.ebay.com/itm/2017-18-Panini-Prizm-Fast-Break-Silver-Rookie-JOHN-COLLINS-RC-SP-PSA-10-Gem-Mint/383454731142?hash=item5947aedb86:g:oYYAAOSw7dReZos3
"
			Mar 09, 2020",N/A,32.99,2015/16 Prizm Silver Prizm Dirk Nowitzki #50 PSA 10,https://www.ebay.com/itm/2015-16-Prizm-Silver-Prizm-Dirk-Nowitzki-50-PSA-10/133356432247?hash=item1f0ca9ab77:g:zZkAAOSwUi5eZug~
"
			Mar 09, 2020",N/A,59.99,"Ja Morant 2019 Panini Prizm Draft Picks Rookie #44 ** PSA 10 ** ""Silver"" Prizm",https://www.ebay.com/itm/Ja-Morant-2019-Panini-Prizm-Draft-Picks-Rookie-44-PSA-10-Silver-Prizm/153828705558?hash=item23d0e7c516:g:qEAAAOSwqJReQhm6
"
			Mar 09, 2020",N/A,39.99,DEVONTE GRAHAM HORNETS KANSAS 2018 PRIZM SILVER REFRACTOR #288 PSA 10 ROOKIE,https://www.ebay.com/itm/DEVONTE-GRAHAM-HORNETS-KANSAS-2018-PRIZM-SILVER-REFRACTOR-288-PSA-10-ROOKIE/362939363567?hash=item5480df30ef:g:nRUAAOSw7dReZoZR
"
			Mar 09, 2020",N/A,299.0,2017-18 Panini Prizm Prizms Silver Bam Adebayo RC Heat PSA 10 GEM MT #1 (SEC101),https://www.ebay.com/itm/2017-18-Panini-Prizm-Prizms-Silver-Bam-Adebayo-RC-Heat-PSA-10-GEM-MT-1-SEC101/164116548021?hash=item26361bc9b5:g:KIwAAOSw~ERePrMe
"
			Mar 09, 2020",N/A,299.0,2017-18 Panini Prizm Prizms Silver Bam Adebayo RC Heat PSA 10 GEM MT #2 (SEC101),https://www.ebay.com/itm/2017-18-Panini-Prizm-Prizms-Silver-Bam-Adebayo-RC-Heat-PSA-10-GEM-MT-2-SEC101/164116548300?hash=item26361bcacc:g:b3AAAOSwmXtePrRr
"
			Mar 09, 2020",N/A,299.0,2017-18 Panini Prizm Prizms Silver Bam Adebayo RC Heat PSA 10 GEM MT #3 (SEC101),https://www.ebay.com/itm/2017-18-Panini-Prizm-Prizms-Silver-Bam-Adebayo-RC-Heat-PSA-10-GEM-MT-3-SEC101/164116548485?hash=item26361bcb85:g:EMIAAOSwvvlePrQJ
"
			Mar 09, 2020",N/A,299.0,2017-18 Panini Prizm Prizms Silver Bam Adebayo RC Heat PSA 10 GEM MT #4 (SEC101),https://www.ebay.com/itm/2017-18-Panini-Prizm-Prizms-Silver-Bam-Adebayo-RC-Heat-PSA-10-GEM-MT-4-SEC101/164116548712?hash=item26361bcc68:g:lv8AAOSwfL1ePrUw
"
			Mar 09, 2020",N/A,65.0,2018-19 Panini Prizm Anfernee Simons Silver Prizm #61 RC Rookie PSA 10,https://www.ebay.com/itm/2018-19-Panini-Prizm-Anfernee-Simons-Silver-Prizm-61-RC-Rookie-PSA-10/114143630182?hash=item1a937d9366:g:-mMAAOSw5nxeZT2m
"
			Mar 09, 2020",N/A,29.99,2014-15 Select Silver Prizm- Kevin Durant PSA 10 Rare!,https://www.ebay.com/itm/2014-15-Select-Silver-Prizm-Kevin-Durant-PSA-10-Rare/293136263335?hash=item44404868a7:g:6ngAAOSwJ6JdFriH
"
			Mar 09, 2020",N/A,129.99,2018 Panini PRIZM DEVONTE GRAHAM SILVER Prizm #288 ROOKIE PSA 10 GEM MT HORNETS,https://www.ebay.com/itm/2018-Panini-PRIZM-DEVONTE-GRAHAM-SILVER-Prizm-288-ROOKIE-PSA-10-GEM-MT-HORNETS/233515064018?hash=item365e951ad2:g:ubIAAOSw-bReYGX-
"
			Mar 09, 2020",N/A,49.99,2017-18 Panini Prizm Josh Jackson Silver PSA 10,https://www.ebay.com/itm/2017-18-Panini-Prizm-Josh-Jackson-Silver-PSA-10/223941598491?hash=item3423f59d1b:g:leMAAOSwnFleZs0y
"
			Mar 09, 2020",N/A,129.99,2018-19 Panini Prizm DEVONTE' GRAHAM Silver Prizm PSA 10 Gem Mint!,https://www.ebay.com/itm/2018-19-Panini-Prizm-DEVONTE-GRAHAM-Silver-Prizm-PSA-10-Gem-Mint/264652918051?hash=item3d9e8b0d23:g:haAAAOSwr6deXBwI
"
			Mar 09, 2020",N/A,321.0,2018 Prizm Devonte Graham Rookie Silver Auto Charlotte Hornets PSA 10,https://www.ebay.com/itm/2018-Prizm-Devonte-Graham-Rookie-Silver-Auto-Charlotte-Hornets-PSA-10/202895434882?hash=item2f3d82a482:g:ZlcAAOSwzQFeNiKk
"
			Mar 09, 2020",N/A,4500.0,2019-20 Panini Prizm #248 Zion Williamson Silver Prizm RC Rookie PSA 10 Gem Mint,https://www.ebay.com/itm/2019-20-Panini-Prizm-248-Zion-Williamson-Silver-Prizm-RC-Rookie-PSA-10-Gem-Mint/223939305414?hash=item3423d29fc6:g:6RwAAOSwX9VeY~Ge
"
			Mar 09, 2020",N/A,600.0,LeBRON JAMES 2019-20 PRIZM SILVER PRIZM SP PSA 10 GEM MINT LOS ANGELES LAKERS,https://www.ebay.com/itm/LeBRON-JAMES-2019-20-PRIZM-SILVER-PRIZM-SP-PSA-10-GEM-MINT-LOS-ANGELES-LAKERS/254534231371?hash=item3b436c254b:g:BDEAAOSw3fteZBOx
"
			Mar 09, 2020",N/A,164.99,2013 Panini Prizm Jerry West #25/25 Silver AUTO Autograph #71 PSA 10 Gem Mint,https://www.ebay.com/itm/2013-Panini-Prizm-Jerry-West-25-25-Silver-AUTO-Autograph-71-PSA-10-Gem-Mint/362309188011?hash=item545b4f79ab:g:lDoAAOSw4Epa6hv2
"
			Mar 09, 2020",N/A,60.0,2017-18 Select - Kyle Kuzma - Silver Prizm - RC - PSA 10,https://www.ebay.com/itm/2017-18-Select-Kyle-Kuzma-Silver-Prizm-RC-PSA-10/372965832014?hash=item56d67ef54e:g:OdgAAOSwvd9eVWYl
"
			Mar 09, 2020",N/A,99.99,Jaren Jackson 2018-19 Select Silver Prizm Refractor Auto /199 PSA 10 GEM,https://www.ebay.com/itm/Jaren-Jackson-2018-19-Select-Silver-Prizm-Refractor-Auto-199-PSA-10-GEM/352997734488?hash=item52304df858:g:WwQAAOSw7GBeZsfy
"
			Mar 09, 2020",N/A,15.0,2017-18 PANINI PRIZM #27 JUSTIN JACKSON RC SILVER REFRACTOR SP PSA 10 GEM MINT,https://www.ebay.com/itm/2017-18-PANINI-PRIZM-27-JUSTIN-JACKSON-RC-SILVER-REFRACTOR-SP-PSA-10-GEM-MINT/392711433583?hash=item5b6f6ced6f:g:UZwAAOSwngBeXagm
"
			Mar 09, 2020",N/A,179.95,2019 Panini Prizm Silver #261 Sekou Doumbouya RC Rookie PSA 10 Gem Mint Pistons,https://www.ebay.com/itm/2019-Panini-Prizm-Silver-261-Sekou-Doumbouya-RC-Rookie-PSA-10-Gem-Mint-Pistons/274237744903?hash=item3fd9d7e707:g:tC4AAOSwPbdeMcwl
"
			Mar 09, 2020",N/A,40.99,2015-16 Prizm Terry Rozier Silver Prizm RC PSA 10 #338 Celtics (Refractor),https://www.ebay.com/itm/2015-16-Prizm-Terry-Rozier-Silver-Prizm-RC-PSA-10-338-Celtics-Refractor/283778216401?hash=item42127ff1d1:g:9vAAAOSwDy1eQaFE
"
			Mar 09, 2020",N/A,349.99,DE'AARON DEAARON FOX KINGS 2017 SILVER PRIZM #24 REFRACTOR PSA 10 GEM ROOKIE RC,https://www.ebay.com/itm/DEAARON-DEAARON-FOX-KINGS-2017-SILVER-PRIZM-24-REFRACTOR-PSA-10-GEM-ROOKIE-RC/392720917106?hash=item5b6ffda272:g:KFsAAOSw7hReZo2E
"
			Mar 09, 2020",N/A,52.95,2016-17 Panini Prizm Mosaic LeBron James #64 Silver PSA 10,https://www.ebay.com/itm/2016-17-Panini-Prizm-Mosaic-LeBron-James-64-Silver-PSA-10/124056723339?hash=item1ce25b5f8b:g:f2MAAOSwFN9eKApC
"
			Mar 09, 2020",N/A,59.99,LeBron James 2014-15 Panini Prizm Superstars Silver Prizm #1 Cavaliers PSA 10,https://www.ebay.com/itm/LeBron-James-2014-15-Panini-Prizm-Superstars-Silver-Prizm-1-Cavaliers-PSA-10/274155418714?hash=item3fd4efb45a:g:vLQAAOSwgeZd~eev
"
			Mar 09, 2020",N/A,299.99,2017-18 Panini Prizm De'Aaron Fox Silver Rookie Refractor RC PSA 10,https://www.ebay.com/itm/2017-18-Panini-Prizm-DeAaron-Fox-Silver-Rookie-Refractor-RC-PSA-10/324093932357?hash=item4b7580f345:g:ljoAAOSwjYldy7ct
"
			Mar 09, 2020",N/A,149.99,LEBRON JAMES 2018-19 Panini Prizm SILVER PRIZM PSA 10 #6,https://www.ebay.com/itm/LEBRON-JAMES-2018-19-Panini-Prizm-SILVER-PRIZM-PSA-10-6/164097596880?hash=item2634fa9dd0:g:28QAAOSwAppeVgN2
"
			Mar 09, 2020",N/A,2049.0,2018/19 Panini Prizm Luka Doncic Silver RC Rookie PSA 10 Gem Mint Mavs,https://www.ebay.com/itm/2018-19-Panini-Prizm-Luka-Doncic-Silver-RC-Rookie-PSA-10-Gem-Mint-Mavs/233519882379?hash=item365edea08b:g:8jkAAOSw97pd75Uw
"
			Mar 09, 2020",N/A,1949.99,Panini Prizm Silver 2018/19 Luka Doncic Dallas Mavericks PSA 10 Gem Mint RC,https://www.ebay.com/itm/Panini-Prizm-Silver-2018-19-Luka-Doncic-Dallas-Mavericks-PSA-10-Gem-Mint-RC/114144644242?hash=item1a938d0c92:g:ChIAAOSwgyJeZl7D
"
			Mar 09, 2020",N/A,75.99,CARSEN EDWARDS 2019-20 PANINI PRIZM SILVER PRIZMS ROOKIE RC PSA 10 GEM MINT🔥💎,https://www.ebay.com/itm/CARSEN-EDWARDS-2019-20-PANINI-PRIZM-SILVER-PRIZMS-ROOKIE-RC-PSA-10-GEM-MINT/402149724474?hash=item5da1fdd13a:g:EmQAAOSw9hteZnA6
"
			Mar 09, 2020",N/A,900.0,2018-19 Panini Prizm LUKA DONCIC Fast Break Silver Disco Rookie RC PSA 10,https://www.ebay.com/itm/2018-19-Panini-Prizm-LUKA-DONCIC-Fast-Break-Silver-Disco-Rookie-RC-PSA-10/164083829731?hash=item2634288be3:g:51IAAOSwDyReSMIc
"
			Mar 09, 2020",N/A,950.0,LUKA DONCIC 2018-19 Panini Prizm RC #280 PINK ICE PSA 10 Lower Pop Than Silver,https://www.ebay.com/itm/LUKA-DONCIC-2018-19-Panini-Prizm-RC-280-PINK-ICE-PSA-10-Lower-Pop-Than-Silver/264660623271?hash=item3d9f009fa7:g:s-AAAOSwBP1eZU~~
"
			Mar 09, 2020",N/A,39.99,BRUCE BROWN 2018-19 PRIZM SILVER RC PSA 10 GEM MINT 🔥💎,https://www.ebay.com/itm/BRUCE-BROWN-2018-19-PRIZM-SILVER-RC-PSA-10-GEM-MINT/402149675479?hash=item5da1fd11d7:g:WHAAAOSwLRpeZmOX
"
			Mar 09, 2020",N/A,179.99,Lebron James 2018 Panini Prizm Silver Holo Psa 10 Gem Mint LAKERS MVP HOT!!,https://www.ebay.com/itm/Lebron-James-2018-Panini-Prizm-Silver-Holo-Psa-10-Gem-Mint-LAKERS-MVP-HOT/392711475582?hash=item5b6f6d917e:g:zg4AAOSwJIteXbHg
"
			Mar 09, 2020",N/A,110.0,2018 Panini Prizm Emergent Silver #3 Luka Doncic PSA 10 GEM MINT RC,https://www.ebay.com/itm/2018-Panini-Prizm-Emergent-Silver-3-Luka-Doncic-PSA-10-GEM-MINT-RC/233519413785?hash=item365ed77a19:g:9-wAAOSwmP5eZTjk
"
			Mar 09, 2020",N/A,129.99,Joel Embiid 2014-15 Prizm Variation RC Rookie Silver Prizm PSA 10 Gem Mint,https://www.ebay.com/itm/Joel-Embiid-2014-15-Prizm-Variation-RC-Rookie-Silver-Prizm-PSA-10-Gem-Mint/143543706388?hash=item216bdf2314:g:yQYAAOSw9s5eWbLd
"
			Mar 09, 2020",N/A,199.95,2019 Panini Prizm 251 De'Andre Hunter RC Rookie Silver Prizm PSA 10,https://www.ebay.com/itm/2019-Panini-Prizm-251-DeAndre-Hunter-RC-Rookie-Silver-Prizm-PSA-10/264659558000?hash=item3d9ef05e70:g:lf4AAOSwpF5eZBei
"
			Mar 09, 2020",N/A,699.0,2015-16 Panini Prizm Silver #348 Kristaps Porzingis  RC Rookie PSA 10 Dallas,https://www.ebay.com/itm/2015-16-Panini-Prizm-Silver-348-Kristaps-Porzingis-RC-Rookie-PSA-10-Dallas/174076539620?hash=item2887c532e4:g:0rgAAOSw8gdds0by
"
			Mar 09, 2020",N/A,45.0,2018 Panini Prizm Silver Lebron James Get Hyped Lakers #4 PSA 10 GEM MINT,https://www.ebay.com/itm/2018-Panini-Prizm-Silver-Lebron-James-Get-Hyped-Lakers-4-PSA-10-GEM-MINT/293420912320?hash=item44513fcec0:g:XSsAAOSwBF5eFSi3
"
			Mar 09, 2020",N/A,34.99,2018 Panini Prizm Lebron James GET HYPED SILVER #4 PSA 10,https://www.ebay.com/itm/2018-Panini-Prizm-Lebron-James-GET-HYPED-SILVER-4-PSA-10/223920243135?hash=item3422afc1bf:g:msoAAOSwZoVeTZeq
"
			Mar 09, 2020",N/A,125.0,2017-18 Donruss Optic Silver Holo Prizm Lonzo Ball Rated Rookie RC PSA 10,https://www.ebay.com/itm/2017-18-Donruss-Optic-Silver-Holo-Prizm-Lonzo-Ball-Rated-Rookie-RC-PSA-10/303444335468?hash=item46a6b11b6c:g:~0oAAOSwrsdeHMuT
"
			Mar 09, 2020",N/A,36.99,Lauri Markkanen 2017-18 Panini Optic Rated Rookie RC Holo Prizm Silver PSA 10,https://www.ebay.com/itm/Lauri-Markkanen-2017-18-Panini-Optic-Rated-Rookie-RC-Holo-Prizm-Silver-PSA-10/114102056499?hash=item1a91033633:g:oWkAAOSwTzBePFoK
"
			Mar 09, 2020",N/A,101.99,2017 Panini Prizm Lauri Markkanen SILVER PRIZM ROOKIE RC #247 PSA 10 GEM MINT,https://www.ebay.com/itm/2017-Panini-Prizm-Lauri-Markkanen-SILVER-PRIZM-ROOKIE-RC-247-PSA-10-GEM-MINT/133317518949?hash=item1f0a57e665:g:Dh8AAOSw2xZeL0iF
"
			Mar 09, 2020",N/A,119.0,Lauri Markkanen 2017-18 Panini Prizm Silver Rookie Rc PSA 10 GEM MINT CHI Bulls,https://www.ebay.com/itm/Lauri-Markkanen-2017-18-Panini-Prizm-Silver-Rookie-Rc-PSA-10-GEM-MINT-CHI-Bulls/174113406654?hash=item2889f7bebe:g:oksAAOSwDGJd5LJM
"
			Mar 09, 2020",N/A,69.99,2018-19 Panini Prizm Silver #227 Mitchell Robinson Knicks RC Rookie PSA 10,https://www.ebay.com/itm/2018-19-Panini-Prizm-Silver-227-Mitchell-Robinson-Knicks-RC-Rookie-PSA-10/164111116443?hash=item2635c8e89b:g:uFUAAOSwvVZeYG3R
"
			Mar 09, 2020",N/A,74.95,2013-14 Panini Prizm DWYANE WADE Guard Duty #11 SILVER PSA 10 Gem Mint Heat HOF,https://www.ebay.com/itm/2013-14-Panini-Prizm-DWYANE-WADE-Guard-Duty-11-SILVER-PSA-10-Gem-Mint-Heat-HOF/254474414053?hash=item3b3fdb67e5:g:bMUAAOSwCL9eFFO5
"
			Mar 09, 2020",N/A,114.0,MARVIN BAGLEY 2018 19 PANINI PRIZM SILVER PRIZM ROOKIE PSA 10,https://www.ebay.com/itm/MARVIN-BAGLEY-2018-19-PANINI-PRIZM-SILVER-PRIZM-ROOKIE-PSA-10/274281662054?hash=item3fdc760666:g:cUsAAOSw09ZeUCFa
"
			Mar 09, 2020",N/A,699.0,2018-19 PANINI PRIZM MOSAIC LUKA DONCIC SILVER MOSAIC PRIZM RC PSA 10 GEM MINT,https://www.ebay.com/itm/2018-19-PANINI-PRIZM-MOSAIC-LUKA-DONCIC-SILVER-MOSAIC-PRIZM-RC-PSA-10-GEM-MINT/174111992401?hash=item2889e22a51:g:38EAAOSwuWpd4spT
"
			Mar 09, 2020",N/A,679.99,2018-19 Panini Prizm Silver Prizm Trae Young RC rookie PSA 10 GEM MINT,https://www.ebay.com/itm/2018-19-Panini-Prizm-Silver-Prizm-Trae-Young-RC-rookie-PSA-10-GEM-MINT/392720289230?hash=item5b6ff40dce:g:tJIAAOSwJD9eZd2O
"
			Mar 09, 2020",N/A,2399.0,LUKA DONCIC 2018/19 PANINI PRIZM #280 RC ROOKIE SILVER PRIZMS SP PSA 10 GEM MINT,https://www.ebay.com/itm/LUKA-DONCIC-2018-19-PANINI-PRIZM-280-RC-ROOKIE-SILVER-PRIZMS-SP-PSA-10-GEM-MINT/293504481273?hash=item44563af7f9:g:Y~sAAOSwAPVeZVDu
"
			Mar 09, 2020",N/A,42.99,LEBRON JAMES Prizm REFRACTOR Tri Color  Select Silver Green 2017 PSA 10 GEM MINT,https://www.ebay.com/itm/LEBRON-JAMES-Prizm-REFRACTOR-Tri-Color-Select-Silver-Green-2017-PSA-10-GEM-MINT/184155956619?hash=item2ae08ce58b:g:LYwAAOSwHSxeNa6O
"
			Mar 09, 2020",N/A,649.99,LEBRON JAMES 2019 PANINI SILVER PRIZM PSA 10 GEM MINT,https://www.ebay.com/itm/LEBRON-JAMES-2019-PANINI-SILVER-PRIZM-PSA-10-GEM-MINT/313021094806?hash=item48e182db96:g:~pEAAOSws~NeY4Je
"
			Mar 09, 2020",N/A,649.99,LEBRON JAMES 2019 PANINI SILVER PRIZM PSA 10 GEM MINT,https://www.ebay.com/itm/LEBRON-JAMES-2019-PANINI-SILVER-PRIZM-PSA-10-GEM-MINT/313021096792?hash=item48e182e358:g:eHwAAOSwlsVeY4OF
"
			Mar 09, 2020",N/A,84.99,LAURI MARKKANEN 2017-18 PRIZM SILVER PRIZM REFRACTOR RC #247 PSA 10 GEM MINT,https://www.ebay.com/itm/LAURI-MARKKANEN-2017-18-PRIZM-SILVER-PRIZM-REFRACTOR-RC-247-PSA-10-GEM-MINT/333511270117?hash=item4da6d21ee5:g:FRcAAOSw4pJeQeue
"
			Mar 09, 2020",N/A,499.99,2018-19 PRIZM LUKA DONCIC MOSAIC SILVER HOLO REFRACTOR PSA 10 GEM MINT RC MAVS,https://www.ebay.com/itm/2018-19-PRIZM-LUKA-DONCIC-MOSAIC-SILVER-HOLO-REFRACTOR-PSA-10-GEM-MINT-RC-MAVS/153795075045?hash=item23cee69be5:g:RcEAAOSwc7td8uVk
"
			Mar 09, 2020",N/A,169.99,Zion Williamson 2019 Panini Prizm DP AA Silver Prizm PSA 10 GEM Pelicans!,https://www.ebay.com/itm/Zion-Williamson-2019-Panini-Prizm-DP-AA-Silver-Prizm-PSA-10-GEM-Pelicans/124110291407?hash=item1ce58cc1cf:g:cnAAAOSwOQJeZBtb
"
			Mar 09, 2020",N/A,1050.0,2019 Panini Prizm Zion Williamson Silver Mojo Prizm /25 Psa 10 Pop1,https://www.ebay.com/itm/2019-Panini-Prizm-Zion-Williamson-Silver-Mojo-Prizm-25-Psa-10-Pop1/324093076194?hash=item4b7573e2e2:g:C2MAAOSwkxteTvMi
"
			Mar 09, 2020",N/A,605.0,2019-20 Panini Prizm Fireworks Zion Williamson Silver Prizm PSA 10 #26,https://www.ebay.com/itm/2019-20-Panini-Prizm-Fireworks-Zion-Williamson-Silver-Prizm-PSA-10-26/124111113371?hash=item1ce5994c9b:g:2QUAAOSw17leZTZN
"
			Mar 09, 2020",N/A,299.99,Tyler Herro 2019 Prizm Draft Autograph Silver PSA 10 💎💎,https://www.ebay.com/itm/Tyler-Herro-2019-Prizm-Draft-Autograph-Silver-PSA-10/114092357647?hash=item1a906f380f:g:Eo8AAOSw2WheM5UV
"
			Mar 09, 2020",N/A,199.99,Zion Williamson Silver Prizm RC Rookie PSA 10 Panini 2019-2020 GEM MINT! bargain,https://www.ebay.com/itm/Zion-Williamson-Silver-Prizm-RC-Rookie-PSA-10-Panini-2019-2020-GEM-MINT-bargain/264660950644?hash=item3d9f059e74:g:MyMAAOSwj0NeYHsE
"
			Mar 09, 2020",N/A,50.0,2018-19 Panini Prizm Silver Miles Bridges Charlotte Hornets RC Rookie PSA 10,https://www.ebay.com/itm/2018-19-Panini-Prizm-Silver-Miles-Bridges-Charlotte-Hornets-RC-Rookie-PSA-10/324088718045?hash=item4b753162dd:g:8SgAAOSwcw1eW0Kg
"
			Mar 08, 2020",N/A,29.95,2017-18 Panini Prizm Frank Mason III Silver Prizm RC PSA 10 Gem Mint,https://www.ebay.com/itm/2017-18-Panini-Prizm-Frank-Mason-III-Silver-Prizm-RC-PSA-10-Gem-Mint/293366314387?hash=item444dfeb593:g:JPEAAOSwGYZdPy3-
"
			Mar 08, 2020",N/A,49.99,2019 Panini Prizm Lebron James #2 GET HYPED SILVER PSA 10,https://www.ebay.com/itm/2019-Panini-Prizm-Lebron-James-2-GET-HYPED-SILVER-PSA-10/223911137723?hash=item342224d1bb:g:gzUAAOSwl2BeR0AT
"
			Mar 08, 2020",N/A,299.99,2017 Panini Prizm Silver Prizm Bam Adebayo ROOKIE RC #51 PSA 10 GEM MINT Heat,https://www.ebay.com/itm/2017-Panini-Prizm-Silver-Prizm-Bam-Adebayo-ROOKIE-RC-51-PSA-10-GEM-MINT-Heat/372960707493?hash=item56d630c3a5:g:dCwAAOSwzzBeT1ao
"
			Mar 08, 2020",N/A,149.99,2017 PANINI PRIZM SILVER REFRACTOR #283 KYLE KUZMA RC PSA 10 GEM MINT,https://www.ebay.com/itm/2017-PANINI-PRIZM-SILVER-REFRACTOR-283-KYLE-KUZMA-RC-PSA-10-GEM-MINT/233519555380?hash=item365ed9a334:g:DPQAAOSwi1ZeU1f4
"
			Mar 08, 2020",N/A,479.99,Trae Young 2018-19 Select Silver Prizm Rookie RC PSA 10 GEM MINT Very Low Pop,https://www.ebay.com/itm/Trae-Young-2018-19-Select-Silver-Prizm-Rookie-RC-PSA-10-GEM-MINT-Very-Low-Pop/264660796192?hash=item3d9f034320:g:ze4AAOSwvLteZX3f
"
			Mar 08, 2020",N/A,730.0,Trae Young 2018-19 Panini Prizm Silver Rookie RC #78 PSA 10 GEM MINT Hawks,https://www.ebay.com/itm/Trae-Young-2018-19-Panini-Prizm-Silver-Rookie-RC-78-PSA-10-GEM-MINT-Hawks/264660965632?hash=item3d9f05d900:g:rIgAAOSwJrBeZbRY
"
			Mar 08, 2020",N/A,445.0,2019-20 Prizm Silver RC Ja Morant-clean and centered-🔥🔥?,https://www.ebay.com/itm/2019-20-Prizm-Silver-RC-Ja-Morant-clean-and-centered-Psa-10-Bgs-9-5/283806333229?hash=item42142cf92d:g:vLkAAOSw86ZeYm37
"
			Mar 08, 2020",N/A,45.99,Lot of (2) 2018-19 Panini Prizm ALLONZO TRIER Silver Prizm PSA 10 Gem Mint!,https://www.ebay.com/itm/Lot-of-2-2018-19-Panini-Prizm-ALLONZO-TRIER-Silver-Prizm-PSA-10-Gem-Mint/264613869123?hash=item3d9c373643:g:2ScAAOSw5PleL2r7
"
			Mar 08, 2020",N/A,2091.42,2018-19 Prizm LUKA DONCIC Rookie Silver Prizm PSA 10,https://www.ebay.com/itm/2018-19-Prizm-LUKA-DONCIC-Rookie-Silver-Prizm-PSA-10/124020521470?hash=item1ce032f9fe:g:pqEAAOSw0AxeSgzo
"
			Mar 08, 2020",N/A,2199.99,2018-19 PANINI PRIZM LUKA DONCIC SILVER PRIZMS PSA 10 - #280 - GEM MINT,https://www.ebay.com/itm/2018-19-PANINI-PRIZM-LUKA-DONCIC-SILVER-PRIZMS-PSA-10-280-GEM-MINT/124111397129?hash=item1ce59da109:g:6DAAAOSwJHheZX4w
"
			Mar 08, 2020",N/A,244.99,2018 Panini Prizm Luck of The Lottery Silver Prizms Luka Doncic RC Rookie PSA 10,https://www.ebay.com/itm/2018-Panini-Prizm-Luck-of-The-Lottery-Silver-Prizms-Luka-Doncic-RC-Rookie-PSA-10/124110531404?hash=item1ce5906b4c:g:Fw4AAOSw91teZHyL
"
			Mar 08, 2020",N/A,300.0,DE'AARON FOX 2017/18 PANINI PRIZM RC ROOKIE SILVER PRIZMS SP PSA 10 GEM MINT,https://www.ebay.com/itm/DEAARON-FOX-2017-18-PANINI-PRIZM-RC-ROOKIE-SILVER-PRIZMS-SP-PSA-10-GEM-MINT/223940076853?hash=item3423de6535:g:lMwAAOSwb5leZRBx
"
			Mar 08, 2020",N/A,1977.0,2018-19 Donruss Optic LUKA DONCIC RC Holo Silver Prizm Rookie GEM MINT PSA 10,https://www.ebay.com/itm/2018-19-Donruss-Optic-LUKA-DONCIC-RC-Holo-Silver-Prizm-Rookie-GEM-MINT-PSA-10/283778536842?hash=item421284d58a:g:AAgAAOSwzp1eQfPq
"
			Mar 08, 2020",N/A,289.99,2017-18 Panini Prizm Silver De'Aaron Fox Kings RC Rookie PSA 10 GEM MINT Deaaron,https://www.ebay.com/itm/2017-18-Panini-Prizm-Silver-DeAaron-Fox-Kings-RC-Rookie-PSA-10-GEM-MINT-Deaaron/223936674819?epid=0&hash=item3423aa7c03:g:y3gAAOSw0uReYEts
"
			Mar 08, 2020",N/A,165.0,2017-18 PANINI PRIZM #283 KYLE KUZMA RC SILVER ROOKIE PSA 10 GEM MINT LAKERS,https://www.ebay.com/itm/2017-18-PANINI-PRIZM-283-KYLE-KUZMA-RC-SILVER-ROOKIE-PSA-10-GEM-MINT-LAKERS/324023632350?hash=item4b715041de:g:jZgAAOSw4wZd5HDn
"
			Mar 08, 2020",N/A,180.0,2018 Panini Silver Prizm Collin Sexton PSA 10 (7967),https://www.ebay.com/itm/2018-Panini-Silver-Prizm-Collin-Sexton-PSA-10-7967/114143606303?hash=item1a937d361f:g:YckAAOSw2j5eZTfM
"
			Mar 08, 2020",N/A,180.0,2018 Panini Silver Prizm Collin Sexton PSA 10,https://www.ebay.com/itm/2018-Panini-Silver-Prizm-Collin-Sexton-PSA-10/114143500620?hash=item1a937b994c:g:lr0AAOSwGTxeZSL-
"
			Mar 08, 2020",N/A,54.95,2018 PANINI PRIZM MITCHELL ROBINSON SILVER PRIZM #227 PSA 10 GEM MINT,https://www.ebay.com/itm/2018-PANINI-PRIZM-MITCHELL-ROBINSON-SILVER-PRIZM-227-PSA-10-GEM-MINT/184203158554?hash=item2ae35d241a:g:6c0AAOSwxNReZTBq
"
			Mar 08, 2020",N/A,12.0,Mo Bamba Silver Prizm 2018-2019 Panini Threads Dazzle Rookie RC #189 PSA 10💎,https://www.ebay.com/itm/Mo-Bamba-Silver-Prizm-2018-2019-Panini-Threads-Dazzle-Rookie-RC-189-PSA-10/114141905377?hash=item1a936341e1:g:yWIAAOSw509d0Bys
"
			Mar 08, 2020",N/A,200.0,2018-19 PRIZM #246 DONTE DIVINCENZO SILVER PSA 10,https://www.ebay.com/itm/2018-19-PRIZM-246-DONTE-DIVINCENZO-SILVER-PSA-10/133283307106?hash=item1f084dde62:g:wgIAAOSwvIleAZd8
"
			Mar 08, 2020",N/A,95.0,PSA 10 Jamal Murray 2016-17 Select Silver Prizm RC Rookie Panini 🔥,https://www.ebay.com/itm/PSA-10-Jamal-Murray-2016-17-Select-Silver-Prizm-RC-Rookie-Panini/283678083850?hash=item420c880b0a:g:GewAAOSw6tNd0EUE
"
			Mar 08, 2020",N/A,95.0,PSA 10 Jamal Murray 2016-17 Select Silver Prizm RC Rookie Panini 🔥,https://www.ebay.com/itm/PSA-10-Jamal-Murray-2016-17-Select-Silver-Prizm-RC-Rookie-Panini/283678083850?hash=item420c880b0a:g:GewAAOSw6tNd0EUE
"
			Mar 08, 2020",N/A,129.99,JA MORANT GRIZZLIES 2019-20 PRIZM SILVER #2 RARE! REFRACTOR PSA 10 GEM MINT RC !,https://www.ebay.com/itm/JA-MORANT-GRIZZLIES-2019-20-PRIZM-SILVER-2-RARE-REFRACTOR-PSA-10-GEM-MINT-RC/362936939564?hash=item5480ba342c:g:Nr0AAOSwtzJeYyYc
"
			Mar 08, 2020",N/A,99.99,PSA 10 Collin Sexton 2018-19 Select Silver Prizm Rookie #172 Gem Mint RC,https://www.ebay.com/itm/PSA-10-Collin-Sexton-2018-19-Select-Silver-Prizm-Rookie-172-Gem-Mint-RC/114142211825?hash=item1a9367eef1:g:StAAAOSwM05eY0b2
"
			Mar 08, 2020",N/A,395.99,2017-18 Panini Prizm Silver #117 DONOVAN MITCHELL RC Rookie PSA 10 GEM MT,https://www.ebay.com/itm/2017-18-Panini-Prizm-Silver-117-DONOVAN-MITCHELL-RC-Rookie-PSA-10-GEM-MT/383447249940?hash=item59473cb414:g:V0IAAOSwqzFeUCql
"
			Mar 08, 2020",N/A,32.0,Mikal Bridges 2018 Panini Prizm RC #289 Silver Prizm PSA 10 GEM MINT,https://www.ebay.com/itm/Mikal-Bridges-2018-Panini-Prizm-RC-289-Silver-Prizm-PSA-10-GEM-MINT/114142996197?hash=item1a9373e6e5:g:W9wAAOSwwRpeZG2x
"
			Mar 08, 2020",N/A,700.0,TRAE YOUNG 2018/19 PANINI PRIZM #78 RC ROOKIE SILVER SP PSA 10 GEM MINT HAWKS,https://www.ebay.com/itm/TRAE-YOUNG-2018-19-PANINI-PRIZM-78-RC-ROOKIE-SILVER-SP-PSA-10-GEM-MINT-HAWKS/202926862104?hash=item2f3f622f18:g:AgcAAOSw0yteZVhC
"
			Mar 08, 2020",N/A,145.0,2108 Devonte Graham Prizm Silver PSA 10 Hornets Gem Mint,https://www.ebay.com/itm/2108-Devonte-Graham-Prizm-Silver-PSA-10-Hornets-Gem-Mint/274212775585?hash=item3fd85ae6a1:g:F~cAAOSwUcteI4Uu
"
			Mar 08, 2020",N/A,109.99,PSA 10 2018-19 PANINI PRIZM SILVER MARVIN BAGLEY GEM MINT RC ROOKIE KINGS #181,https://www.ebay.com/itm/PSA-10-2018-19-PANINI-PRIZM-SILVER-MARVIN-BAGLEY-GEM-MINT-RC-ROOKIE-KINGS-181/114136304520?hash=item1a930dcb88:g:F6MAAOSw3axeXHiT
"
			Mar 08, 2020",N/A,1000.0,2014-15 Panini Select Joel Embiid Silver Prizm Rookie PSA 10 **4 CARD LOT**,https://www.ebay.com/itm/2014-15-Panini-Select-Joel-Embiid-Silver-Prizm-Rookie-PSA-10-4-CARD-LOT/124111303732?hash=item1ce59c3434:g:HPwAAOSwYWReRG1h
"
			Mar 08, 2020",N/A,25.0,2019-20 LEBRON JAMES DONRUSS OPTIC MY HOUSE HALO SILVER Prizm #13 LAKERS PSA 10?,https://www.ebay.com/itm/2019-20-LEBRON-JAMES-DONRUSS-OPTIC-MY-HOUSE-HALO-SILVER-Prizm-13-LAKERS-PSA-10/293487268072?hash=item44553450e8:g:TwYAAOSwfedeT~PS
"
			Mar 08, 2020",N/A,99.99,2018-19 Panini Prizm Mitchell Robinson Silver + Green Rookie RC PSA 10 Lot,https://www.ebay.com/itm/2018-19-Panini-Prizm-Mitchell-Robinson-Silver-Green-Rookie-RC-PSA-10-Lot/303506747512?hash=item46aa697078:g:46wAAOSwrrBeYGG2
"
			Mar 08, 2020",N/A,299.0,2019-20 panini prizm basketball Coby White Rookie Silver Prizm PSA 10,https://www.ebay.com/itm/2019-20-panini-prizm-basketball-Coby-White-Rookie-Silver-Prizm-PSA-10/124111130241?hash=item1ce5998e81:g:kYwAAOSweLZeZTpx
"
			Mar 08, 2020",N/A,54.95,2018 PANINI PRIZM MITCHELL ROBINSON SILVER PRIZM #227 PSA 10 GEM MINT,https://www.ebay.com/itm/2018-PANINI-PRIZM-MITCHELL-ROBINSON-SILVER-PRIZM-227-PSA-10-GEM-MINT/184202682126?hash=item2ae355df0e:g:6c0AAOSwxNReZTBq
"
			Mar 08, 2020",N/A,699.99,2015-16 Panini Prizm KRISTAPS PORZINGIS #348 SILVER PSA 10 Mint Rookie Knicks RC,https://www.ebay.com/itm/2015-16-Panini-Prizm-KRISTAPS-PORZINGIS-348-SILVER-PSA-10-Mint-Rookie-Knicks-RC/163833672207?hash=item26253f720f:g:y8YAAOSwdiFdYsbm
"
			Mar 08, 2020",N/A,65.0,2017-18 Panini Prizm Fast Break Silver Rookie JOHN COLLINS RC SP PSA 10 Gem Mint,https://www.ebay.com/itm/2017-18-Panini-Prizm-Fast-Break-Silver-Rookie-JOHN-COLLINS-RC-SP-PSA-10-Gem-Mint/383450132919?hash=item594768b1b7:g:zTsAAOSw0vpeYdkT
"
			Mar 08, 2020",N/A,249.0,Lonzo Ball Prizm 2017-18 SILVER PRIZM Gem Mint Lakers Pelicans RC #289 PSA 10,https://www.ebay.com/itm/Lonzo-Ball-Prizm-2017-18-SILVER-PRIZM-Gem-Mint-Lakers-Pelicans-RC-289-PSA-10/383453395343?hash=item59479a798f:g:-G4AAOSw3axeZS5H
"
			Mar 08, 2020",N/A,144.99,Devonte Graham 2018-19 Panini Prizm Silver #288 Hornets RC Rookie PSA 10,https://www.ebay.com/itm/Devonte-Graham-2018-19-Panini-Prizm-Silver-288-Hornets-RC-Rookie-PSA-10/324096726516?hash=item4b75ab95f4:g:23EAAOSwE6ReZG1o
"
			Mar 08, 2020",N/A,4999.99,2019-20 Panini Prizm Zion Williamson # 248 PSA 10 SILVER Rookie Card New Orleans,https://www.ebay.com/itm/2019-20-Panini-Prizm-Zion-Williamson-248-PSA-10-SILVER-Rookie-Card-New-Orleans/324096787076?hash=item4b75ac8284:g:mzQAAOSw-wVeZIuO
"
			Mar 08, 2020",N/A,19.99,2018-19 Panini Prizm Mosaic Basketball Kristaps Porzingis Silver Prizm PSA 10,https://www.ebay.com/itm/2018-19-Panini-Prizm-Mosaic-Basketball-Kristaps-Porzingis-Silver-Prizm-PSA-10/283777490457?hash=item421274de19:g:AvUAAOSw4UReQLMe
"
			Mar 08, 2020",N/A,335.0,PSA 10 2018-19 Panini Prizm #184 Shai Gilgeous-Alexa,https://www.ebay.com/itm/PSA-10-2018-19-Panini-Prizm-184-Shai-Gilgeous-Alexander-LA-Clippers-SILVER/202924971536?hash=item2f3f455610:g:WksAAOSwxzleYwdu
"
			Mar 08, 2020",N/A,75.0,Trae Young PSA 10 2018-19 Panini Prizm Freshman Phenoms Silver Rookie RC Hawks,https://www.ebay.com/itm/Trae-Young-PSA-10-2018-19-Panini-Prizm-Freshman-Phenoms-Silver-Rookie-RC-Hawks/283807543450?hash=item42143f709a:g:fdUAAOSw8j9eZCE3
"
			Mar 08, 2020",N/A,200.0,TOBIAS  HARRIS 2012-13  PRIZM SILVER ROOKIE PSA 10 POP 3 76ERS,https://www.ebay.com/itm/TOBIAS-HARRIS-2012-13-PRIZM-SILVER-ROOKIE-PSA-10-POP-3-76ERS/193337327846?hash=item2d03cd80e6:g:cpoAAOSwZK5eP0af
"
			Mar 08, 2020",N/A,62.95,PSA 10 2019-20 Panini Prizm CAMERON JOHNSON Silver RC Refractor Prizm Rookie!,https://www.ebay.com/itm/PSA-10-2019-20-Panini-Prizm-CAMERON-JOHNSON-Silver-RC-Refractor-Prizm-Rookie/283804840488?hash=item4214163228:g:jhsAAOSwc1BeYGTg
"
			Mar 08, 2020",N/A,119.99,Lot of (2) 2018-19 Panini Prizm KEVIN HUERTER Silver Prizm PSA 10 Gem Mint!,https://www.ebay.com/itm/Lot-of-2-2018-19-Panini-Prizm-KEVIN-HUERTER-Silver-Prizm-PSA-10-Gem-Mint/264652920232?hash=item3d9e8b15a8:g:KSQAAOSwOM5eXBxK
"
			Mar 08, 2020",N/A,31.72,2016 Excalibur Lebron James Crusade PSA 10 Pop 22 Silver Prizm,https://www.ebay.com/itm/2016-Excalibur-Lebron-James-Crusade-PSA-10-Pop-22-Silver-Prizm/283805718531?hash=item4214239803:g:xW8AAOSw1hZd~RB6
"
			Mar 08, 2020",N/A,40.0,Josh Okogie 2018 Panini Prizm SILVER PSA 10 #37 RC Timberwolves,https://www.ebay.com/itm/Josh-Okogie-2018-Panini-Prizm-SILVER-PSA-10-37-RC-Timberwolves/324096414049?hash=item4b75a6d161:g:mk4AAOSwYJNeY-ms
"
			Mar 08, 2020",N/A,80.0,2018-19 Panini Prizm Silver Josh Okogie RC PSA 10,https://www.ebay.com/itm/2018-19-Panini-Prizm-Silver-Josh-Okogie-RC-PSA-10/153848833219?hash=item23d21ae4c3:g:uwcAAOSwVyheWfpm
"
			Mar 08, 2020",N/A,149.0,2016-17 Panini Prizm Silver Prizm #231 KAWHI LEONARD GEM MINT PSA 10🏀,https://www.ebay.com/itm/2016-17-Panini-Prizm-Silver-Prizm-231-KAWHI-LEONARD-GEM-MINT-PSA-10/173927126684?hash=item287edd569c:g:kO0AAOSw3Spc-9fi
"
			Mar 08, 2020",N/A,110.0,2018 Panini Prizm Emergent Silver #3 Luka Doncic PSA 10 GEM MINT RC,https://www.ebay.com/itm/2018-Panini-Prizm-Emergent-Silver-3-Luka-Doncic-PSA-10-GEM-MINT-RC/233518373241?hash=item365ec79979:g:1dQAAOSw8~5eZATY
"
			Mar 08, 2020",N/A,350.0,2018-19 Panini Select TRAE YOUNG #142 Silver Prizm Rookie PSA 10 Gem Mint Hawks,https://www.ebay.com/itm/2018-19-Panini-Select-TRAE-YOUNG-142-Silver-Prizm-Rookie-PSA-10-Gem-Mint-Hawks/153854119354?hash=item23d26b8dba:g:qJ8AAOSw~npeYHFJ
N/A,N/A,1000.0,2018 Panini Prizm Trae Young #78 SILVER Prizm Rookie Psa 10 Rc,https://www.ebay.com/itm/2018-Panini-Prizm-Trae-Young-78-SILVER-Prizm-Rookie-Psa-10-Rc/372970034950?hash=item56d6bf1706:g:srEAAOSwv7peWqBS
"
			Mar 08, 2020",N/A,700.0,2018-19 Prizm Silver Trae Young RC Rookie PSA 10 Atlanta Hawks,https://www.ebay.com/itm/2018-19-Prizm-Silver-Trae-Young-RC-Rookie-PSA-10-Atlanta-Hawks/184201901950?hash=item2ae349f77e:g:lusAAOSwhZleZGD4
"
			Mar 08, 2020",N/A,30.0,RUI HACHIMURA RC 2019-20 PRIZM GREEN Silver Holo SP PSA 10? GEM MINT,https://www.ebay.com/itm/RUI-HACHIMURA-RC-2019-20-PRIZM-GREEN-Silver-Holo-SP-PSA-10-GEM-MINT/313021298315?hash=item48e185f68b:g:xBcAAOSw4wVeY9OT
"
			Mar 08, 2020",N/A,2899.0,2012-13 Panini Silver Prizm KYRIE IRVING #201 ROOKIE RC PSA 10 GEM MINT POP 19!,https://www.ebay.com/itm/2012-13-Panini-Silver-Prizm-KYRIE-IRVING-201-ROOKIE-RC-PSA-10-GEM-MINT-POP-19/174212546412?hash=item288fe07f6c:g:4fUAAOSw8~1eYrpT
"
			Mar 08, 2020",N/A,1100.0,JAYSON TATUM 2017 Panini Prizm #16 RC Rookie Silver PSA 10 GEM MINT,https://www.ebay.com/itm/JAYSON-TATUM-2017-Panini-Prizm-16-RC-Rookie-Silver-PSA-10-GEM-MINT/333539340044?hash=item4da87e6f0c:g:8EwAAOSwtPNeZPgK
"
			Mar 08, 2020",N/A,3500.0,2019-20 Panini Prizm Silver #248 Zion Williamson RC Rookie PSA 10 CENTERED,https://www.ebay.com/itm/2019-20-Panini-Prizm-Silver-248-Zion-Williamson-RC-Rookie-PSA-10-CENTERED/223940153781?hash=item3423df91b5:g:6kwAAOSwwnpeX~Pl
"
			Mar 08, 2020",N/A,185.0,Collin Sexton RC 2018 Prizm Rookie SILVER PRIZM PSA 10 GEM MT Cavaliers,https://www.ebay.com/itm/Collin-Sexton-RC-2018-Prizm-Rookie-SILVER-PRIZM-PSA-10-GEM-MT-Cavaliers/254533411213?hash=item3b435fa18d:g:7ZEAAOSwnhFeYtlh
"
			Mar 08, 2020",N/A,674.0,TRAE YOUNG 2018 19 PANINI PRIZM SILVER PRIZM ROOKIE RC HAWKS PSA 10,https://www.ebay.com/itm/TRAE-YOUNG-2018-19-PANINI-PRIZM-SILVER-PRIZM-ROOKIE-RC-HAWKS-PSA-10/274299214275?hash=item3fdd81d9c3:g:SYEAAOSw6N9eY9tB
"
			Mar 08, 2020",N/A,105.0,2019-20 Panini Prizm Silver Refractor Coby White.  Perfectly Centered..psa 10??,https://www.ebay.com/itm/2019-20-Panini-Prizm-Silver-Refractor-Coby-White-Perfectly-Centered-psa-10/303509305333?hash=item46aa9077f5:g:rMIAAOSw0jteZRG3
"
			Mar 08, 2020",N/A,74.99,2018-19 Panini Prizm Silver Mosaic GIANNIS ANTETOKOUNMPO Bucks PSA 10 Gem Mint,https://www.ebay.com/itm/2018-19-Panini-Prizm-Silver-Mosaic-GIANNIS-ANTETOKOUNMPO-Bucks-PSA-10-Gem-Mint/153855841837?hash=item23d285d62d:g:DkMAAOSwIt5eYpJB
"
			Mar 08, 2020",N/A,2200.0,2018-19 Panini Prizm Luka Doncic Silver Prizm Rookie PSA 10 GEM MT Mavericks,https://www.ebay.com/itm/2018-19-Panini-Prizm-Luka-Doncic-Silver-Prizm-Rookie-PSA-10-GEM-MT-Mavericks/392717718189?hash=item5b6fccd2ad:g:RAAAAOSwnuxeYvBx
"
			Mar 08, 2020",N/A,2000.0,2018-19 Panini Prizm Silver #280 Luka Doncic Mavericks RC Rookie PSA 10 GEM MINT,https://www.ebay.com/itm/2018-19-Panini-Prizm-Silver-280-Luka-Doncic-Mavericks-RC-Rookie-PSA-10-GEM-MINT/283808313000?hash=item42144b2ea8:g:TjAAAOSwN8JeZPqZ
"
			Mar 08, 2020",N/A,1999.0,2018-19 Panini Luka Doncic Silver Prizm Psa 10,https://www.ebay.com/itm/2018-19-Panini-Luka-Doncic-Silver-Prizm-Psa-10/254532360189?hash=item3b434f97fd:g:ohcAAOSwJPReYXW2
"
			Mar 08, 2020",N/A,750.0,TRAE YOUNG 2018/19 PANINI PRIZM #78 RC ROOKIE SILVER SP PSA 10 GEM MINT HAWKS,https://www.ebay.com/itm/TRAE-YOUNG-2018-19-PANINI-PRIZM-78-RC-ROOKIE-SILVER-SP-PSA-10-GEM-MINT-HAWKS/202924896121?hash=item2f3f442f79:g:iFIAAOSw5IZeYuY5
"
			Mar 08, 2020",N/A,29.99,GIANNIS ANTETOKOUNMPO SILVER PRIZM HYPED 2018 19 PRIZM PSA 10 GEM MINT,https://www.ebay.com/itm/GIANNIS-ANTETOKOUNMPO-SILVER-PRIZM-HYPED-2018-19-PRIZM-PSA-10-GEM-MINT/312837935749?hash=item48d6981285:g:QK8AAOSwwFNdxdc3
"
			Mar 08, 2020",N/A,29.99,2019-20 PRIZM DRAFT PICKS ZION WILLIAMSON SILVER PINK PULSAR ROOKIE RC PSA 10?,https://www.ebay.com/itm/2019-20-PRIZM-DRAFT-PICKS-ZION-WILLIAMSON-SILVER-PINK-PULSAR-ROOKIE-RC-PSA-10/264659549856?hash=item3d9ef03ea0:g:F3wAAOSwc1BeZBTv
"
			Mar 08, 2020",N/A,16.0,ELIE OKOBO 2018-19 PANINI PRIZM ROOKIE SILVER #299 PSA 10 GEM MINT SUNS RC,https://www.ebay.com/itm/ELIE-OKOBO-2018-19-PANINI-PRIZM-ROOKIE-SILVER-299-PSA-10-GEM-MINT-SUNS-RC/153844663953?hash=item23d1db4691:g:lZEAAOSwOFZeVIZk
"
			Mar 08, 2020",N/A,675.0,2015-16 Panini Prizm Kristaps Porzingis Silver Prizm Rookie RC PSA 10 GEM PMJS,https://www.ebay.com/itm/2015-16-Panini-Prizm-Kristaps-Porzingis-Silver-Prizm-Rookie-RC-PSA-10-GEM-PMJS/372960416708?hash=item56d62c53c4:g:4~oAAOSwEPteTv2J
"
			Mar 08, 2020",N/A,49.99,RJ BARRETT 2019 PRIZM DRAFT SILVER REFRACTOR ROOKIE RC #66 PSA 10  *DUKE STAR*,https://www.ebay.com/itm/RJ-BARRETT-2019-PRIZM-DRAFT-SILVER-REFRACTOR-ROOKIE-RC-66-PSA-10-DUKE-STAR/114071784553?hash=item1a8f354c69:g:5foAAOSwLABeIlfn
"
			Mar 08, 2020",N/A,33.0,2018 Panini Silver Prizm #4 Get Hyped! LeBron James Lakers PSA 10 GEM MINT,https://www.ebay.com/itm/2018-Panini-Silver-Prizm-4-Get-Hyped-LeBron-James-Lakers-PSA-10-GEM-MINT/352995640118?hash=item52302e0336:g:-jYAAOSwIlBeY-Ya
"
			Mar 07, 2020",N/A,2195.0,2018-19 Panini Prizm Silver #280 Luka Doncic Mavericks RC Rookie PSA 10 GEM MINT,https://www.ebay.com/itm/2018-19-Panini-Prizm-Silver-280-Luka-Doncic-Mavericks-RC-Rookie-PSA-10-GEM-MINT/143550150225?hash=item216c417651:g:FjcAAOSw5BNeZH1J
"
			Mar 07, 2020",N/A,3999.99,2019 Panini Prizm Silver Zion Williamson PSA 10 Gem Mint Rookie RC #248,https://www.ebay.com/itm/2019-Panini-Prizm-Silver-Zion-Williamson-PSA-10-Gem-Mint-Rookie-RC-248/164111167439?hash=item2635c9afcf:g:5qgAAOSwuDVeYICp
"
			Mar 07, 2020",N/A,199.99,2018 PANINI PRIZM JAREN JACKSON JR. SILVER PRIZM ROOKIE #66 PSA 10 GEM MINT,https://www.ebay.com/itm/2018-PANINI-PRIZM-JAREN-JACKSON-JR-SILVER-PRIZM-ROOKIE-66-PSA-10-GEM-MINT/254477957571?hash=item3b401179c3:g:0yQAAOSw2kleGVMV
"
			Mar 07, 2020",N/A,1999.99,2018-19 Panini Prizm Luka Doncic Silver Rookie RC Refractor #280 PSA 10,https://www.ebay.com/itm/2018-19-Panini-Prizm-Luka-Doncic-Silver-Rookie-RC-Refractor-280-PSA-10/324093932391?hash=item4b7580f367:g:UkYAAOSw6SNeTZce
"
			Mar 07, 2020",N/A,52.0,2018-19 Panini Prizm Freshman Phenoms SILVER Trae Young Rc Rookie PSA 10 GEM,https://www.ebay.com/itm/2018-19-Panini-Prizm-Freshman-Phenoms-SILVER-Trae-Young-Rc-Rookie-PSA-10-GEM/254514377282?hash=item3b423d3242:g:~F8AAOSwqIleCMS4
"
			Mar 07, 2020",N/A,1900.0,LUKA DONCIC 2018 19 PANINI PRIZM SILVER PRIZM ROOKIE RC MAVERICKS PSA 10,https://www.ebay.com/itm/LUKA-DONCIC-2018-19-PANINI-PRIZM-SILVER-PRIZM-ROOKIE-RC-MAVERICKS-PSA-10/274299201139?hash=item3fdd81a673:g:C78AAOSw4ApeY9gN
"
			Mar 07, 2020",N/A,1999.95,2018/19 Panini Prizm Luka Doncic Silver Prizm #280 PSA 10 Gem Mint Mavs MVP?,https://www.ebay.com/itm/2018-19-Panini-Prizm-Luka-Doncic-Silver-Prizm-280-PSA-10-Gem-Mint-Mavs-MVP/233516366547?hash=item365ea8fad3:g:zQcAAOSwLARd5udm
"
			Mar 07, 2020",N/A,1900.0,2018 Luka Doncic Silver Prizm PSA 10!,https://www.ebay.com/itm/2018-Luka-Doncic-Silver-Prizm-PSA-10/324096723740?hash=item4b75ab8b1c:g:1AAAAOSwuhZeZGux
"
			Mar 07, 2020",N/A,1899.99,LUKA DONCIC 2018 PRIZM SILVER REFRACTOR RC #280 PSA 10 GEM MINT MAVS ROOKIE,https://www.ebay.com/itm/LUKA-DONCIC-2018-PRIZM-SILVER-REFRACTOR-RC-280-PSA-10-GEM-MINT-MAVS-ROOKIE/392558721614?hash=item5b6652ba4e:g:M~0AAOSwo49d3y2C
"
			Mar 07, 2020",N/A,61.19,2018-19 Panini Prizm Basketball #68 Kevin Huerter RC Silver Prizms PSA 10,https://www.ebay.com/itm/2018-19-Panini-Prizm-Basketball-68-Kevin-Huerter-RC-Silver-Prizms-PSA-10/153856931286?hash=item23d29675d6:g:ygYAAOSw5BNeY-6p
"
			Mar 07, 2020",N/A,116.1,2018-19 Panini Prizm Basketball #6 Lebron James Silver Prizms PSA 10 Gem Mint,https://www.ebay.com/itm/2018-19-Panini-Prizm-Basketball-6-Lebron-James-Silver-Prizms-PSA-10-Gem-Mint/153856984388?hash=item23d2974544:g:tKsAAOSwWp9eY~~w
"
			Mar 07, 2020",N/A,149.95,2019-20 Panini Prizm Silver Prizm Rookie Eric Paschall RC SP PSA 10 Gem Mint,https://www.ebay.com/itm/2019-20-Panini-Prizm-Silver-Prizm-Rookie-Eric-Paschall-RC-SP-PSA-10-Gem-Mint/264659542115?hash=item3d9ef02063:g:V5IAAOSw0nleZBLd
"
			Mar 07, 2020",N/A,899.99,2019-20 PANINI PRIZM ZION WILLIAMSON SILVER RC ROOKIE #248 Centered PSA 10?,https://www.ebay.com/itm/2019-20-PANINI-PRIZM-ZION-WILLIAMSON-SILVER-RC-ROOKIE-248-Centered-PSA-10/303503061351?hash=item46aa313167:g:rngAAOSwfadeW0GP
"
			Mar 07, 2020",N/A,699.0,giannis antetokounmpo Rookie Lot Prizm Silver Psa 10,https://www.ebay.com/itm/giannis-antetokounmpo-Rookie-Lot-Prizm-Silver-Psa-10/202916753207?hash=item2f3ec7ef37:g:QkgAAOSwvGxeWWRm
"
			Mar 07, 2020",N/A,699.98,Kristaps Porzingis Panini Silver Rookie Prizm PSA 10 Mavs Dallas GEM NY Knicks,https://www.ebay.com/itm/Kristaps-Porzingis-Panini-Silver-Rookie-Prizm-PSA-10-Mavs-Dallas-GEM-NY-Knicks/123959001816?hash=item1cdc8842d8:g:jIIAAOSw9MRduziI
"
			Mar 07, 2020",N/A,399.95,Coby White 2019-20 Prizm Silver RC Refractor PSA 10 Gem Mint Chicago Bulls #253,https://www.ebay.com/itm/Coby-White-2019-20-Prizm-Silver-RC-Refractor-PSA-10-Gem-Mint-Chicago-Bulls-253/264659544139?hash=item3d9ef0284b:g:xVwAAOSwMLNeZBNx
"
			Mar 07, 2020",N/A,79.99,Lot of (2) 2018-19 Panini Prizm MIKAL BRIDGES Silver Prizm PSA 10 Gem Mint!,https://www.ebay.com/itm/Lot-of-2-2018-19-Panini-Prizm-MIKAL-BRIDGES-Silver-Prizm-PSA-10-Gem-Mint/264631559431?hash=item3d9d452507:g:1bcAAOSw2VdeQ2QM
"
			Mar 07, 2020",N/A,1400.0,PSA 10 2019-20 Panini Prizm JA MORANT Silver RC Refractor Prizm Rookie!,https://www.ebay.com/itm/PSA-10-2019-20-Panini-Prizm-JA-MORANT-Silver-RC-Refractor-Prizm-Rookie/324095548336?hash=item4b75999bb0:g:4qEAAOSwTBReYspo
"
			Mar 07, 2020",N/A,1850.0,2018 Panini Silver Prizm #280 Luka Doncic PSA 10 GEM MINT RC,https://www.ebay.com/itm/2018-Panini-Silver-Prizm-280-Luka-Doncic-PSA-10-GEM-MINT-RC/352995719178?hash=item52302f380a:g:u4IAAOSwogZeZAVP
"
			Mar 07, 2020",N/A,174.95,2018-19 PANINI PRIZM MOSAIC TRAE YOUNG SILVER MOSAIC PRIZM RC PSA 10 GEM MINT,https://www.ebay.com/itm/2018-19-PANINI-PRIZM-MOSAIC-TRAE-YOUNG-SILVER-MOSAIC-PRIZM-RC-PSA-10-GEM-MINT/193363921627?hash=item2d05634adb:g:aBcAAOSwtixeWt9~
"
			Mar 07, 2020",N/A,99.0,2018-19 Panini Prizm Basketball #181 Marvin Bagley III RC Silver Prizms PSA 10,https://www.ebay.com/itm/2018-19-Panini-Prizm-Basketball-181-Marvin-Bagley-III-RC-Silver-Prizms-PSA-10/164114794563?hash=item2636010843:g:CY4AAOSwrcZeY-4r
"
			Mar 07, 2020",N/A,699.0,2018-19 Panini Select Silver Prizm Luka Doncic Mavericks RC Rookie PSA 10,https://www.ebay.com/itm/2018-19-Panini-Select-Silver-Prizm-Luka-Doncic-Mavericks-RC-Rookie-PSA-10/372978763979?hash=item56d74448cb:g:77EAAOSwNOxeYnTC
"
			Mar 07, 2020",N/A,259.0,2017 Panini Prizm Lonzo Ball Silver # 289 PSA 10 GEM MT Lakers Pelicans,https://www.ebay.com/itm/2017-Panini-Prizm-Lonzo-Ball-Silver-289-PSA-10-GEM-MT-Lakers-Pelicans/303508787300?hash=item46aa889064:g:EoAAAOSweR1eZAdh
"
			Mar 07, 2020",N/A,80.0,2018 Panini Prizm Luck Of The Lottery DeAndre Ayton silver prizm PSA 10 Gem Mjnt,https://www.ebay.com/itm/2018-Panini-Prizm-Luck-Of-The-Lottery-DeAndre-Ayton-silver-prizm-PSA-10-Gem-Mjnt/114136200202?hash=item1a930c340a:g:VjUAAOSwOoVeXFg3
"
			Mar 07, 2020",N/A,269.0,2016-17 Panini Prizm CARIS LEVERT #165 Silver Prizm Rookie PSA 10 Gem Mint!,https://www.ebay.com/itm/2016-17-Panini-Prizm-CARIS-LEVERT-165-Silver-Prizm-Rookie-PSA-10-Gem-Mint/324096355380?hash=item4b75a5ec34:g:SQgAAOSwZ2ZeY9SE
"
			Mar 07, 2020",N/A,60.0,2018-19 Panini Prizm Silver Emergent Trae Young Hawks RC Rookie PSA 10 GEM MINT,https://www.ebay.com/itm/2018-19-Panini-Prizm-Silver-Emergent-Trae-Young-Hawks-RC-Rookie-PSA-10-GEM-MINT/283807526615?hash=item42143f2ed7:g:A2kAAOSwjdFeZBtK
"
			Mar 07, 2020",N/A,596.95,2014-15 panini select giannis antetokounmpo PSA 10 silver prizm,https://www.ebay.com/itm/2014-15-panini-select-giannis-antetokounmpo-PSA-10-silver-prizm/223937763396?hash=item3423bb1844:g:OIgAAOSw2j5eYdAA
"
			Mar 07, 2020",N/A,28.99,2018-19 Panini Prizm LEBRON JAMES Dominance Silver Prizm PSA 10 Gem Mint!,https://www.ebay.com/itm/2018-19-Panini-Prizm-LEBRON-JAMES-Dominance-Silver-Prizm-PSA-10-Gem-Mint/264600263722?hash=item3d9b679c2a:g:pS8AAOSwlnVeH9-x
"
			Mar 07, 2020",N/A,249.95,2017 Panini Prizm Silver Prizm Bam Adebayo ROOKIE RC #51 PSA 10 GEM MINT Heat,https://www.ebay.com/itm/2017-Panini-Prizm-Silver-Prizm-Bam-Adebayo-ROOKIE-RC-51-PSA-10-GEM-MINT-Heat/264659593322?hash=item3d9ef0e86a:g:8QwAAOSwLRpeZCDh
"
			Mar 07, 2020",N/A,499.99,KRISTAPS PORZINGIS 2015-16 Panini Prizm SILVER Refractor Rookie RC PSA 10 Gem Mt,https://www.ebay.com/itm/KRISTAPS-PORZINGIS-2015-16-Panini-Prizm-SILVER-Refractor-Rookie-RC-PSA-10-Gem-Mt/303505054710?hash=item46aa4f9bf6:g:5l0AAOSwpnpeXcbu
"
			Mar 07, 2020",N/A,500.0,KRISTAPS PORZINGIS 2015 PANINI PRIZM SILVER REFRACTOR HOLO ROOKIE RC PSA 10,https://www.ebay.com/itm/KRISTAPS-PORZINGIS-2015-PANINI-PRIZM-SILVER-REFRACTOR-HOLO-ROOKIE-RC-PSA-10/152783273466?hash=item239297bdfa:g:7pUAAOSwZaNaBtW3
"
			Mar 07, 2020",N/A,199.99,2018 Panini Silver Prizm Michael Porter Jr. RC PSA 10 GEM MT Nuggets!,https://www.ebay.com/itm/2018-Panini-Silver-Prizm-Michael-Porter-Jr-RC-PSA-10-GEM-MT-Nuggets/124101850257?hash=item1ce50bf491:g:YjIAAOSwhEdeWuDp
"
			Mar 07, 2020",N/A,165.0,Collin Sexton 2018 Panini Prizm SILVER PSA 10 #170 RC Cavaliers,https://www.ebay.com/itm/Collin-Sexton-2018-Panini-Prizm-SILVER-PSA-10-170-RC-Cavaliers/324096403176?hash=item4b75a6a6e8:g:B1QAAOSwyuFeY-Uw
"
			Mar 07, 2020",N/A,165.0,Collin Sexton RC 2018 Prizm Rookie SILVER PRIZM PSA 10 GEM MT Cavaliers,https://www.ebay.com/itm/Collin-Sexton-RC-2018-Prizm-Rookie-SILVER-PRIZM-PSA-10-GEM-MT-Cavaliers/303508380031?hash=item46aa82597f:g:rLEAAOSwAbxeYzyn
"
			Mar 07, 2020",N/A,1000.0,2018 PSA 10 SILVER SCOPE PRIZM SELECT REFRACTOR LUKA DONCIC RC SSP. #25 LOW POP!,https://www.ebay.com/itm/2018-PSA-10-SILVER-SCOPE-PRIZM-SELECT-REFRACTOR-LUKA-DONCIC-RC-SSP-25-LOW-POP/124109390862?hash=item1ce57f040e:g:eFsAAOSwHfxeJkTG
"
			Mar 07, 2020",N/A,284.99,PSA 10 Giannis Antetokounmpo 2016 Donruss Optic Holo Prizm Gem Mint Silver #5,https://www.ebay.com/itm/PSA-10-Giannis-Antetokounmpo-2016-Donruss-Optic-Holo-Prizm-Gem-Mint-Silver-5/114137670486?hash=item1a9322a356:g:OUUAAOSwmIZeXeoh
"
			Mar 07, 2020",N/A,99.99,2016-17 Kawhi Leonard Optic Holo Silver Prizm SP #116! PSA 10 GEM MINT!,https://www.ebay.com/itm/2016-17-Kawhi-Leonard-Optic-Holo-Silver-Prizm-SP-116-PSA-10-GEM-MINT/124085104115?hash=item1ce40c6df3:g:GTIAAOSwf9teSGug
"
			Mar 07, 2020",N/A,109.99,2016-17 Panini Prizm KAWHI LEONARD #231 Silver Prizm PSA 10 Gem Mint LOW POP,https://www.ebay.com/itm/2016-17-Panini-Prizm-KAWHI-LEONARD-231-Silver-Prizm-PSA-10-Gem-Mint-LOW-POP/293401681653?hash=item44501a5ef5:g:z7wAAOSwZL5eCw1M
"
			Mar 07, 2020",N/A,114.99,2014-15 PANINI PRIZM ANTHONY DAVIS SILVER PSA 10 GEM MINT,https://www.ebay.com/itm/2014-15-PANINI-PRIZM-ANTHONY-DAVIS-SILVER-PSA-10-GEM-MINT/324095379618?hash=item4b759708a2:g:QpMAAOSwbsFeYspF
"
			Mar 07, 2020",N/A,147.95,PSA 10 2019-20 Panini Prizm SEKOU DOUMBOUYA Silver Refractor RC Prizm Rookie!,https://www.ebay.com/itm/PSA-10-2019-20-Panini-Prizm-SEKOU-DOUMBOUYA-Silver-Refractor-RC-Prizm-Rookie/274296343826?hash=item3fdd560d12:g:VcMAAOSwGIReYHgy
"
			Mar 07, 2020",N/A,200.0,John Collins 2017 Panini Prizm Silver Prizm #109 PSA 10 Rookie Card,https://www.ebay.com/itm/John-Collins-2017-Panini-Prizm-Silver-Prizm-109-PSA-10-Rookie-Card/143548755715?hash=item216c2c2f03:g:wKsAAOSw-ZJeRKpl
"
			Mar 07, 2020",N/A,114.99,2018 Panini Prizm Silver #288 Devonte' Graham Hornets RC PSA 10 GEM MINT,https://www.ebay.com/itm/2018-Panini-Prizm-Silver-288-Devonte-Graham-Hornets-RC-PSA-10-GEM-MINT/124094728167?hash=item1ce49f47e7:g:YB4AAOSwfopeUskR
"
			Mar 07, 2020",N/A,499.0,2015 Panini Prizm Kristaps Porzingis Silver Prizm PSA 10,https://www.ebay.com/itm/2015-Panini-Prizm-Kristaps-Porzingis-Silver-Prizm-PSA-10/123966596574?hash=item1cdcfc25de:g:M~oAAOSw2wZdwv7~
"
			Mar 07, 2020",N/A,99.95,2018-19 Panini Prizm Silver KOBE BRYANT #15 Black Mamba PSA 10 GEM MINT NON-AUTO,https://www.ebay.com/itm/2018-19-Panini-Prizm-Silver-KOBE-BRYANT-15-Black-Mamba-PSA-10-GEM-MINT-NON-AUTO/133342510610?hash=item1f0bd53e12:g:yrMAAOSwADVeUhB7
"
			Mar 07, 2020",N/A,799.99,LUKA DONCIC MAVERICKS 2018 SELECT #25 SILVER PRIZM PSA 10 GEM MINT RC ROOKIE !,https://www.ebay.com/itm/LUKA-DONCIC-MAVERICKS-2018-SELECT-25-SILVER-PRIZM-PSA-10-GEM-MINT-RC-ROOKIE/392717861128?hash=item5b6fcf0108:g:I-cAAOSwo~BeYxxP
"
			Mar 07, 2020",N/A,4299.0,2019-20 Panini Prizm Zion Williamson # 248 PSA 10 SILVER Rookie Card Centered!,https://www.ebay.com/itm/2019-20-Panini-Prizm-Zion-Williamson-248-PSA-10-SILVER-Rookie-Card-Centered/193369268662?hash=item2d05b4e1b6:g:0L8AAOSwvGxeYCF0
"
			Mar 07, 2020",N/A,99.95,2015-16 PANINI PRIZM #55 ANTHONY DAVIS SILVER PRIZMS PSA 10 GEM MINT LA LAKERS,https://www.ebay.com/itm/2015-16-PANINI-PRIZM-55-ANTHONY-DAVIS-SILVER-PRIZMS-PSA-10-GEM-MINT-LA-LAKERS/264604620318?hash=item3d9baa161e:g:cbUAAOSwEX1eJOUg
"
			Mar 07, 2020",N/A,585.0,2016-17 Panini Prizm: Pascal Siakam Silver RC PSA 10 GEM MINT,https://www.ebay.com/itm/2016-17-Panini-Prizm-Pascal-Siakam-Silver-RC-PSA-10-GEM-MINT/324073298768?hash=item4b74461b50:g:rTAAAOSwh-JeRzPO
"
			Mar 07, 2020",N/A,50.0,2018 Prizm Mo Bamba SILVER RC - PSA 10,https://www.ebay.com/itm/2018-Prizm-Mo-Bamba-SILVER-RC-PSA-10/313020735091?hash=item48e17d5e73:g:BYEAAOSwkbReYwGO
"
			Mar 07, 2020",N/A,79.99,2016-17 Panini Select Kevin Durant Silver Prizm Courtside Warriors PSA 10,https://www.ebay.com/itm/2016-17-Panini-Select-Kevin-Durant-Silver-Prizm-Courtside-Warriors-PSA-10/223746836895?hash=item341859c99f:g:~70AAOSwlQddytsm
"
			Mar 07, 2020",N/A,129.99,2018-19 Panini Prizm Devonte Graham RC #288 Silver Prizm PSA 10!!!,https://www.ebay.com/itm/2018-19-Panini-Prizm-Devonte-Graham-RC-288-Silver-Prizm-PSA-10/133350661043?hash=item1f0c519bb3:g:GsoAAOSw~qVeXnMJ
"
			Mar 07, 2020",N/A,59.0,Trae Young Rookie (RC) -- 2018-19 Panini Prizm FRESHMAN PHENOMS SILVER -- PSA 10,https://www.ebay.com/itm/Trae-Young-Rookie-RC-2018-19-Panini-Prizm-FRESHMAN-PHENOMS-SILVER-PSA-10/164114587369?hash=item2635fddee9:g:2sIAAOSwtkheY7x3
"
			Mar 07, 2020",N/A,195.0,2016-17 Panini Prizm PSA 10 MARQUESE CHRISS Rookie Silver Refractor Prizms RC!,https://www.ebay.com/itm/2016-17-Panini-Prizm-PSA-10-MARQUESE-CHRISS-Rookie-Silver-Refractor-Prizms-RC/273045418236?hash=item3f92c670fc:g:R1cAAOSw-jFZ683y
"
			Mar 07, 2020",N/A,3.99,2019-20 Panini Prizm Ty Jerome Silver Prizm RC Rookie #268 PSA 10?,https://www.ebay.com/itm/2019-20-Panini-Prizm-Ty-Jerome-Silver-Prizm-RC-Rookie-268-PSA-10/264659240861?hash=item3d9eeb879d:g:VD8AAOSwfkxeY77~
"
			Mar 07, 2020",N/A,249.0,2017 Panini Donruss Optic Donovan Mitchell Silver Holo Prizm PSA 10,https://www.ebay.com/itm/2017-Panini-Donruss-Optic-Donovan-Mitchell-Silver-Holo-Prizm-PSA-10/372921569431?hash=item56d3db9097:g:j6IAAOSwJoBeBV7D
"
			Mar 07, 2020",N/A,549.99,2016-17 Panini Prizm Silver Prizms #131 Brandon Ingram ROOKIE PSA 10!  HOT!,https://www.ebay.com/itm/2016-17-Panini-Prizm-Silver-Prizms-131-Brandon-Ingram-ROOKIE-PSA-10-HOT/124094060117?hash=item1ce4951655:g:8SwAAOSwijBeUfvn
"
			Mar 07, 2020",N/A,880.0,2016 Brandon Ingram PRIZM Silver Refractor Rookie Card RC #131 PSA 10 Gem Mint,https://www.ebay.com/itm/2016-Brandon-Ingram-PRIZM-Silver-Refractor-Rookie-Card-RC-131-PSA-10-Gem-Mint/174160539778?hash=item288cc6f082:g:9BgAAOSwZwldqxmm
"
			Mar 07, 2020",N/A,229.99,ZION WILLIAMSON PSA 10 2019 PANINI PRIZM EMERGENT ROOKIE SILVER PRIZM 1095,https://www.ebay.com/itm/ZION-WILLIAMSON-PSA-10-2019-PANINI-PRIZM-EMERGENT-ROOKIE-SILVER-PRIZM-1095/174205310970?hash=item288f7217fa:g:6FsAAOSw8qBeWVPW
"
			Mar 07, 2020",N/A,1999.99,2018 Luka Doncic Prizm Silver PSA 10,https://www.ebay.com/itm/2018-Luka-Doncic-Prizm-Silver-PSA-10/293502762517?hash=item445620be15:g:NdQAAOSwl7peYuSk
N/A,N/A,61.19,"2018-19 Panini Prizm Silver Emergent Michael Porter Jr RC #14, PSA 10, Pop 23",https://www.ebay.com/itm/2018-19-Panini-Prizm-Silver-Emergent-Michael-Porter-Jr-RC-14-PSA-10-Pop-23/153753021956?hash=item23cc64ee04:g:HlcAAOSwIqpd62Kw
"
			Mar 07, 2020",N/A,299.0,2017-18 Prizm DONOVAN MITCHELL Rookie SILVER PRIZMS BGS 9.5 True Gem PSA 10?,https://www.ebay.com/itm/2017-18-Prizm-DONOVAN-MITCHELL-Rookie-SILVER-PRIZMS-BGS-9-5-True-Gem-PSA-10/293494562726?hash=item4455a39fa6:g:8GUAAOSwNOZeWIlj
"
			Mar 07, 2020",N/A,299.0,2019-20 PANINI PRIZM LEBRON JAMES PINK CRACKED ICE PSA 10 GEM MINT SILVER,https://www.ebay.com/itm/2019-20-PANINI-PRIZM-LEBRON-JAMES-PINK-CRACKED-ICE-PSA-10-GEM-MINT-SILVER/223937361807?hash=item3423b4f78f:g:je8AAOSwsEpeYUBg
"
			Mar 07, 2020",N/A,299.95,2019-20 Prizm LEBRON JAMES Silver Disco Prizm PSA 10 Gem Mint ** Pop 1 **,https://www.ebay.com/itm/2019-20-Prizm-LEBRON-JAMES-Silver-Disco-Prizm-PSA-10-Gem-Mint-Pop-1/333532623653?hash=item4da817f325:g:JUAAAOSwQFNeXGh2
"
			Mar 07, 2020",N/A,550.0,2017-18 Panini Prizm Silver #117 Donovan Mitchell Utah Jazz RC Rookie PSA 10,https://www.ebay.com/itm/2017-18-Panini-Prizm-Silver-117-Donovan-Mitchell-Utah-Jazz-RC-Rookie-PSA-10/184121206036?hash=item2ade7aa514:g:sg8AAOSw61BeF30Q
"
			Mar 06, 2020",N/A,119.99,STEPHEN CURRY 2016 Panini Prizm SILVER PRIZM PSA 10 #281,https://www.ebay.com/itm/STEPHEN-CURRY-2016-Panini-Prizm-SILVER-PRIZM-PSA-10-281/164097600102?hash=item2634faaa66:g:hFQAAOSw32FeVgSr
"
			Mar 06, 2020",N/A,599.0,15-16 PRIZM SILVER PRIZM KRISTAPS PORZINGIS RC PSA 10 VERY NICE!! HOT!!,https://www.ebay.com/itm/15-16-PRIZM-SILVER-PRIZM-KRISTAPS-PORZINGIS-RC-PSA-10-VERY-NICE-HOT/184181384146?hash=item2ae210e3d2:g:WK8AAOSwSUxeUOyB
"
			Mar 06, 2020",N/A,35.95,2018-19 Panini Prizm Silver #114 Aaron Holiday Indiana Pacers RC Rookie PSA 10,https://www.ebay.com/itm/2018-19-Panini-Prizm-Silver-114-Aaron-Holiday-Indiana-Pacers-RC-Rookie-PSA-10/333537674310?hash=item4da8650446:g:UFYAAOSwqIJeYsR8
"
			Mar 06, 2020",N/A,129.99,2018-19 Prizm DONTE DIVINCENZO Prizm Silver Rookie PSA 10 #246,https://www.ebay.com/itm/2018-19-Prizm-DONTE-DIVINCENZO-Prizm-Silver-Rookie-PSA-10-246/184192255906?hash=item2ae2b6c7a2:g:i9kAAOSw-B9eW1UH
"
			Mar 06, 2020",N/A,1788.0,2018-19 Panini Prizm Silver #280 Luka Doncic Mavericks RC Rookie PSA 10 GEM MINT,https://www.ebay.com/itm/2018-19-Panini-Prizm-Silver-280-Luka-Doncic-Mavericks-RC-Rookie-PSA-10-GEM-MINT/402144358282?hash=item5da1abef8a:g:~yYAAOSwvfxeYzFM
"
			Mar 06, 2020",N/A,1999.99,LUKA DONCIC 2018-19 PRIZM #280 SILVER REFRACTOR PSA 10 GEM MINT RC ROOKIE FRESH!,https://www.ebay.com/itm/LUKA-DONCIC-2018-19-PRIZM-280-SILVER-REFRACTOR-PSA-10-GEM-MINT-RC-ROOKIE-FRESH/392717857539?hash=item5b6fcef303:g:1v0AAOSwAPVeYxtI
"
			Mar 06, 2020",N/A,1849.99,PSA 10 2018-19 Panini Prizm #280 Luka Doncic Dallas Mavericks RC SILVER PRIZM,https://www.ebay.com/itm/PSA-10-2018-19-Panini-Prizm-280-Luka-Doncic-Dallas-Mavericks-RC-SILVER-PRIZM/362936671873?hash=item5480b61e81:g:7qQAAOSwutZeYsba
"
			Mar 06, 2020",N/A,350.0,2014-15 SELECT GIANNIS ANTETOKOUNMPO SILVER PRIZM #75 2ND YEAR PSA 10 Ready.🔥🔥,https://www.ebay.com/itm/2014-15-SELECT-GIANNIS-ANTETOKOUNMPO-SILVER-PRIZM-75-2ND-YEAR-PSA-10-Ready/383451348199?hash=item59477b3ce7:g:R-IAAOSwNsdeYwIu
"
			Mar 06, 2020",N/A,89.99,2017-18 SELECT SILVER PRIZM PSA 10 GIANNIS ANTETOKOUNMPO BUCKS,https://www.ebay.com/itm/2017-18-SELECT-SILVER-PRIZM-PSA-10-GIANNIS-ANTETOKOUNMPO-BUCKS/293501162680?hash=item44560854b8:g:sgQAAOSwQKleYNVJ
"
			Mar 06, 2020",N/A,37.0,2014-15 Panini Prizm Silver Freshman Phenoms Joel Embiid 76ers RC Rookie PSA 10,https://www.ebay.com/itm/2014-15-Panini-Prizm-Silver-Freshman-Phenoms-Joel-Embiid-76ers-RC-Rookie-PSA-10/274297415792?hash=item3fdd666870:g:lyEAAOSwzOleYapU
"
			Mar 06, 2020",N/A,75.0,2018-19 Panini Prizm Silver #227 Mitchell Robinson Knicks RC Rookie PSA 10,https://www.ebay.com/itm/2018-19-Panini-Prizm-Silver-227-Mitchell-Robinson-Knicks-RC-Rookie-PSA-10/264658584046?hash=item3d9ee181ee:g:108AAOSwE-VeYs~g
"
			Mar 06, 2020",N/A,19.99,2018-19 Panini Prizm Mosaic Grayson Allen Silver Prizm Rookie PSA 10,https://www.ebay.com/itm/2018-19-Panini-Prizm-Mosaic-Grayson-Allen-Silver-Prizm-Rookie-PSA-10/124085959951?hash=item1ce4197d0f:g:ZdwAAOSwFINeSWgN
"
			Mar 06, 2020",N/A,199.99,TRAE YOUNG RC Lot of 3 2018-19 Prizm Silver Base #78 Hawks PSA 10? CENTERED L@@K,https://www.ebay.com/itm/TRAE-YOUNG-RC-Lot-of-3-2018-19-Prizm-Silver-Base-78-Hawks-PSA-10-CENTERED-L-K/313017284153?hash=item48e148b639:g:OAAAAOSw3Y9eXqhn
"
			Mar 06, 2020",N/A,169.99,2018-19 Panini Prizm Jaren Jackson Jr Silver Prizm Rookie Rc PSA 10 GEM MINT,https://www.ebay.com/itm/2018-19-Panini-Prizm-Jaren-Jackson-Jr-Silver-Prizm-Rookie-Rc-PSA-10-GEM-MINT/312970826117?hash=item48de83d185:g:ZM4AAOSwApReL1DN
"
			Mar 06, 2020",N/A,34.99,2018 Panini Prizm Jaren Jackson Jr. luck of the lottery rookie silver PSA 10,https://www.ebay.com/itm/2018-Panini-Prizm-Jaren-Jackson-Jr-luck-of-the-lottery-rookie-silver-PSA-10/362840299495?hash=item547af797e7:g:tiMAAOSwE91d6W9d
"
			Mar 06, 2020",N/A,3999.0,2019-20 Panini Prizm 248 ZION WILLIAMSON Rookie SILVER Prizm PSA 10 GEM MINT,https://www.ebay.com/itm/2019-20-Panini-Prizm-248-ZION-WILLIAMSON-Rookie-SILVER-Prizm-PSA-10-GEM-MINT/293502638090?hash=item44561ed80a:g:eJwAAOSw7RJeYrnN
"
			Mar 06, 2020",N/A,30.0,2018-19 Panini Prizm DE'AARON FOX Rare SILVER PSA 10 Sacramento Kings,https://www.ebay.com/itm/2018-19-Panini-Prizm-DEAARON-FOX-Rare-SILVER-PSA-10-Sacramento-Kings/202913664134?hash=item2f3e98cc86:g:YEIAAOSwzoxeVBZA
"
			Mar 06, 2020",N/A,350.0,Trae Young 2018-2019 Panini Prizm Silver Rookie BGS 9 PSA 10?,https://www.ebay.com/itm/Trae-Young-2018-2019-Panini-Prizm-Silver-Rookie-BGS-9-PSA-10/202921393787?hash=item2f3f0ebe7b:g:RPsAAOSwmjZeTbgu
"
			Mar 06, 2020",N/A,49.99,2018 Panini Prizm Trae Young Emergent Silver Refractor Atlanta Hawks PSA 10 RC,https://www.ebay.com/itm/2018-Panini-Prizm-Trae-Young-Emergent-Silver-Refractor-Atlanta-Hawks-PSA-10-RC/283679169971?hash=item420c989db3:g:8hgAAOSw46Bdz4DF
"
			Mar 06, 2020",N/A,29.99,2017-18 Prizm Kyle Korver Silver Prizms Autograph Auto #199 PSA 10 - POP 1,https://www.ebay.com/itm/2017-18-Prizm-Kyle-Korver-Silver-Prizms-Autograph-Auto-199-PSA-10-POP-1/193286320475?hash=item2d00c3315b:g:i7sAAOSwh4BeERFy
"
			Mar 06, 2020",N/A,49.99,2014-15 PANINI PRIZM #52 RUSSELL WESTBROOK SILVER REFRACTOR SP PSA 10 GEM MINT,https://www.ebay.com/itm/2014-15-PANINI-PRIZM-52-RUSSELL-WESTBROOK-SILVER-REFRACTOR-SP-PSA-10-GEM-MINT/283791787791?hash=item42134f070f:g:N-EAAOSw9zxeULXd
"
			Mar 06, 2020",N/A,24.95,2019-20 Panini Prizm Kobe Bryant Silver #8 Refractor Lakers Mint PSA 10?,https://www.ebay.com/itm/2019-20-Panini-Prizm-Kobe-Bryant-Silver-8-Refractor-Lakers-Mint-PSA-10/362925100878?hash=item5480058f4e:g:7NEAAOSw5PleVBuZ
"
			Mar 06, 2020",N/A,550.0,LEBRON JAMES 2019-20 PANINI PRIZM SILVER REFRACTOR #129 GEM MINT PSA 10 * POP 16,https://www.ebay.com/itm/LEBRON-JAMES-2019-20-PANINI-PRIZM-SILVER-REFRACTOR-129-GEM-MINT-PSA-10-POP-16/303508155011?hash=item46aa7eea83:g:BOcAAOSwKsReYr~X
"
			Mar 06, 2020",N/A,159.96,"2017-18 SELECT #P-7 DONOVAN MITCHELL ""PHENOMENON SILVER PRIZM"" RC, PSA 10 (6984)",https://www.ebay.com/itm/2017-18-SELECT-P-7-DONOVAN-MITCHELL-PHENOMENON-SILVER-PRIZM-RC-PSA-10-6984/352838842835?hash=item5226d579d3:g:JRgAAOSwlE9dumqz
"
			Mar 06, 2020",N/A,4000.0,2019-20 Panini Prizm Silver #248 Zion Williamson RC Rookie PSA 10 CENTERED,https://www.ebay.com/itm/2019-20-Panini-Prizm-Silver-248-Zion-Williamson-RC-Rookie-PSA-10-CENTERED/223936400142?hash=item3423a64b0e:g:6kwAAOSwwnpeX~Pl
"
			Mar 06, 2020",N/A,149.99,Psa10 rookie lot CAM REDDISH LANDRY SHAMET silver Mitchell Robinson silver prizm,https://www.ebay.com/itm/Psa10-rookie-lot-CAM-REDDISH-LANDRY-SHAMET-silver-Mitchell-Robinson-silver-prizm/352992032992?hash=item522ff6f8e0:g:raAAAOSw12NeXsjM
"
			Mar 06, 2020",N/A,2500.0,Luka Doncic 2018 Silver Prizm and Base PSA 10 #280,https://www.ebay.com/itm/Luka-Doncic-2018-Silver-Prizm-and-Base-PSA-10-280/293502540030?hash=item44561d58fe:g:tgwAAOSwnWFeYdsw
"
			Mar 06, 2020",N/A,425.0,2019-20 Prizm ZION RC Silver Variation Disco RC🔥🔥🔥—cente,https://www.ebay.com/itm/2019-20-Prizm-ZION-RC-Silver-Variation-Disco-RC-centered-PSA-10/283806335956?hash=item42142d03d4:g:W68AAOSwJjteYm7d
"
			Mar 06, 2020",N/A,495.0,2016-17 Panini Prizm PSA 10 BRANDON INGRAM Rookie Silver Refractor Prizms RC!,https://www.ebay.com/itm/2016-17-Panini-Prizm-PSA-10-BRANDON-INGRAM-Rookie-Silver-Refractor-Prizms-RC/283760016778?hash=item42116a3d8a:g:uwUAAOSw4pteMJOc
"
			Mar 06, 2020",N/A,135.0,2019-20 Coby White Silver Prizm! Centered Great! Chicago Bulls. PSA 10?? 🔥,https://www.ebay.com/itm/2019-20-Coby-White-Silver-Prizm-Centered-Great-Chicago-Bulls-PSA-10/372976505850?hash=item56d721d3fa:g:x9sAAOSw8PNeWy4W
"
			Mar 06, 2020",N/A,1849.0,Luka Doncic 2018 19 Panini Prizm #280 Mavericks RC Rookie Silver Prizms PSA 10,https://www.ebay.com/itm/Luka-Doncic-2018-19-Panini-Prizm-280-Mavericks-RC-Rookie-Silver-Prizms-PSA-10/312889088696?hash=item48d9a49ab8:g:KPYAAOSwKdNd9ECp
"
			Mar 06, 2020",N/A,1849.0,Luka Doncic 2018 19 Panini Prizm #280 Mavericks RC Rookie Silver Prizms PSA 10,https://www.ebay.com/itm/Luka-Doncic-2018-19-Panini-Prizm-280-Mavericks-RC-Rookie-Silver-Prizms-PSA-10/312889088652?hash=item48d9a49a8c:g:kEwAAOSwepld9ECl
"
			Mar 06, 2020",N/A,32.44,2016 Panini SILVER PRIZM #191 ANTHONY DAVIS.........,https://www.ebay.com/itm/2016-Panini-SILVER-PRIZM-191-ANTHONY-DAVIS-PSA-10/184118601829?hash=item2ade52e865:g:XOgAAOSweI9eFOsz
"
			Mar 06, 2020",N/A,12.0,Mo Bamba Silver Prizm 2018-2019 Panini Threads Dazzle Rookie RC #189 PSA 10💎,https://www.ebay.com/itm/Mo-Bamba-Silver-Prizm-2018-2019-Panini-Threads-Dazzle-Rookie-RC-189-PSA-10/113971736491?hash=item1a893eafab:g:yWIAAOSw509d0Bys
"
			Mar 06, 2020",N/A,159.99,2018 Prizm JAREN JACKSON JR RC Hyper Silver Grizzlies PSA 10 GEM MT 411,https://www.ebay.com/itm/2018-Prizm-JAREN-JACKSON-JR-RC-Hyper-Silver-Grizzlies-PSA-10-GEM-MT-411/383450871308?hash=item594773f60c:g:KbAAAOSwsyNeWXMu
"
			Mar 06, 2020",N/A,325.0,2018 Panini Select Trae Young Silver Prizm #142 Atlanta Hawks PSA 10,https://www.ebay.com/itm/2018-Panini-Select-Trae-Young-Silver-Prizm-142-Atlanta-Hawks-PSA-10/352990964164?hash=item522fe6a9c4:g:ToEAAOSwIOdeVpKI
"
			Mar 05, 2020",N/A,135.0,2019-20 Coby White Silver Prizm! Centered Great! Chicago Bulls. PSA 10?? 🔥,https://www.ebay.com/itm/2019-20-Coby-White-Silver-Prizm-Centered-Great-Chicago-Bulls-PSA-10/372970408649?hash=item56d6c4cac9:g:x9sAAOSw8PNeWy4W
"
			Mar 05, 2020",N/A,39.0,2018-19 Prizm Lebron James Silver Prizm All Day Fast Break PSA 10- Lakers- 04,https://www.ebay.com/itm/2018-19-Prizm-Lebron-James-Silver-Prizm-All-Day-Fast-Break-PSA-10-Lakers-04/124056697784?hash=item1ce25afbb8:g:j98AAOSwA89eJ~9q
"
			Mar 05, 2020",N/A,345.0,PSA 10 2019-20 Panini Prizm COBY WHITE Silver Refractor RC Prizm Rookie!,https://www.ebay.com/itm/PSA-10-2019-20-Panini-Prizm-COBY-WHITE-Silver-Refractor-RC-Prizm-Rookie/274296304357?hash=item3fdd5572e5:g:O5EAAOSwZDleYGcR
"
			Mar 05, 2020",N/A,250.0,2019 Panini Prizm Draft Picks Zion Williamson Silver Prizm RC #64 PSA 10,https://www.ebay.com/itm/2019-Panini-Prizm-Draft-Picks-Zion-Williamson-Silver-Prizm-RC-64-PSA-10/223936719492?hash=item3423ab2a84:g:XjQAAOSwq4VeYF12
"
			Mar 05, 2020",N/A,599.99,LeBron James 2016-17 Select Silver Prizm #286 PSA 10 Gem Mint Cavaliers,https://www.ebay.com/itm/LeBron-James-2016-17-Select-Silver-Prizm-286-PSA-10-Gem-Mint-Cavaliers/174210767923?hash=item288fc55c33:g:or4AAOSwl0xeYBrH
"
			Mar 05, 2020",N/A,180.0,2018 Panini Prizm Jaren Jackson Jr. Silver Prizm Psa 10 Gem Mint Grizzlies,https://www.ebay.com/itm/2018-Panini-Prizm-Jaren-Jackson-Jr-Silver-Prizm-Psa-10-Gem-Mint-Grizzlies/392688226318?hash=item5b6e0ad00e:g:ArEAAOSwFQVeSGfD
"
			Mar 05, 2020",N/A,29.99,DENNIS SMITH JR. PSA 10 2017 PANINI PRIZM BASKETBALL #99 SILVER ROOKIE KNICKS,https://www.ebay.com/itm/DENNIS-SMITH-JR-PSA-10-2017-PANINI-PRIZM-BASKETBALL-99-SILVER-ROOKIE-KNICKS/153851740559?hash=item23d247418f:g:Kh8AAOSw-B9eXYDw
"
			Mar 05, 2020",N/A,300.0,2019-20 Panini NBA Brandon Clarke Silver Prizm Rookie #266 PSA 10 !!! LOOK!!!,https://www.ebay.com/itm/2019-20-Panini-NBA-Brandon-Clarke-Silver-Prizm-Rookie-266-PSA-10-LOOK/202916092539?hash=item2f3ebdda7b:g:pBcAAOSwN8JeWDMo
"
			Mar 05, 2020",N/A,607.0,2015-16 Panini Prizm Silver Prizms Kristaps Porzingis ROOKIE RC #348 PSA 10 ,https://www.ebay.com/itm/2015-16-Panini-Prizm-Silver-Prizms-Kristaps-Porzingis-ROOKIE-RC-348-PSA-10/202803978851?hash=item2f380f2263:g:J3cAAOSw3yNdrGef
"
			Mar 05, 2020",N/A,375.0,(6) 2018 Prizm Collin Sexton RC PSA  10 Lot -- Bonus -- SILVER Prizm PSA 9 - HOT,https://www.ebay.com/itm/6-2018-Prizm-Collin-Sexton-RC-PSA-10-Lot-Bonus-SILVER-Prizm-PSA-9-HOT/313017108610?hash=item48e1460882:g:Hx8AAOSw~9FeXnYS
"
			Mar 05, 2020",N/A,374.99,2003-04 Lebron James Topps 221 Rookie Matrix RC Kuzma Prizm Silver PSA 10 +LOT/4,https://www.ebay.com/itm/2003-04-Lebron-James-Topps-221-Rookie-Matrix-RC-Kuzma-Prizm-Silver-PSA-10-LOT-4/293501479726?hash=item44560d2b2e:g:7JYAAOSwipleYSyq
"
			Mar 05, 2020",N/A,900.0,2018 PSA 10 SILVER SCOPE PRIZM SELECT REFRACTOR LUKA DONCIC RC SSP. #25 LOW POP!,https://www.ebay.com/itm/2018-PSA-10-SILVER-SCOPE-PRIZM-SELECT-REFRACTOR-LUKA-DONCIC-RC-SSP-25-LOW-POP/124055274476?hash=item1ce24543ec:g:eFsAAOSwHfxeJkTG
"
			Mar 05, 2020",N/A,49.99,2018-19 Prizm Basketball Fast Break Silver Miles Bridges #278 PSA 10 RC,https://www.ebay.com/itm/2018-19-Prizm-Basketball-Fast-Break-Silver-Miles-Bridges-278-PSA-10-RC/254517929266?hash=item3b42736532:g:YHYAAOSwCOJeTe3v
"
			Mar 05, 2020",N/A,199.0,2019 Panini PRIZM Draft SILVER CRUSADE ZION WILLIAMSON Rookie PSA 10 GEM MT RC,https://www.ebay.com/itm/2019-Panini-PRIZM-Draft-SILVER-CRUSADE-ZION-WILLIAMSON-Rookie-PSA-10-GEM-MT-RC/333534735512?hash=item4da8382c98:g:QGcAAOSw40ZeXmn-
"
			Mar 05, 2020",N/A,119.99,DONTE DIVINCENZO ROOKIE SIGNATURES SILVER PRIZM PSA 10,https://www.ebay.com/itm/DONTE-DIVINCENZO-ROOKIE-SIGNATURES-SILVER-PRIZM-PSA-10/402134834296?hash=item5da11a9c78:g:PlIAAOSwbsFeXc0A
"
			Mar 05, 2020",N/A,1799.99,2018-19 PANINI PRIZM LUKA DONCIC SILVER PRIZMS PSA 10 - #280 - GEM MINT,https://www.ebay.com/itm/2018-19-PANINI-PRIZM-LUKA-DONCIC-SILVER-PRIZMS-PSA-10-280-GEM-MINT/114012222236?hash=item1a8ba8731c:g:e4UAAOSwdQhd8pKt
"
			Mar 05, 2020",N/A,167.5,Jaren Jackson Jr. 2018-19 Panini Prizm Silver Prizm RC PSA 10 GEM MINT,https://www.ebay.com/itm/Jaren-Jackson-Jr-2018-19-Panini-Prizm-Silver-Prizm-RC-PSA-10-GEM-MINT/223834056521?hash=item341d8ca749:g:wUwAAOSwooFeEVvJ
"
			Mar 05, 2020",N/A,1499.0,🔥2018-2019 Panini Prizm Silver Prizm Luka Doncic RC Refractor PSA 10🔥,https://www.ebay.com/itm/2018-2019-Panini-Prizm-Silver-Prizm-Luka-Doncic-RC-Refractor-PSA-10/202882077148?hash=item2f3cb6d1dc:g:PKkAAOSwRjteJL7R
"
			Mar 05, 2020",N/A,2150.0,Lot of (10) 2018-19 Panini Prizm Silver #32 Michael Porter Jr. RC Rookie PSA 10,https://www.ebay.com/itm/Lot-of-10-2018-19-Panini-Prizm-Silver-32-Michael-Porter-Jr-RC-Rookie-PSA-10/293498447043?hash=item4455dee4c3:g:DfUAAOSwUHleNEYp
"
			Mar 05, 2020",N/A,89.99,2018-19 Prizm Luka Doncic Emergent Silver Prizm PSA 10 Mavericks,https://www.ebay.com/itm/2018-19-Prizm-Luka-Doncic-Emergent-Silver-Prizm-PSA-10-Mavericks/133336676573?hash=item1f0b7c38dd:g:x5IAAOSw09peSlJc
"
			Mar 05, 2020",N/A,1495.0,PSA 10 2019-20 Panini Prizm JA MORANT Silver RC Refractor Prizm Rookie!,https://www.ebay.com/itm/PSA-10-2019-20-Panini-Prizm-JA-MORANT-Silver-RC-Refractor-Prizm-Rookie/274296149043?hash=item3fdd531433:g:xawAAOSwr6deYCmy
"
			Mar 05, 2020",N/A,199.95,LONZO BALL 2017/18 PANINI PRIZM SILVER RC BGS 9.5 GEM MINT TRUE PSA 10 ? ROOKIE,https://www.ebay.com/itm/LONZO-BALL-2017-18-PANINI-PRIZM-SILVER-RC-BGS-9-5-GEM-MINT-TRUE-PSA-10-ROOKIE/264656149385?hash=item3d9ebc5b89:g:qhMAAOSwRSBd0zSF
"
			Mar 05, 2020",N/A,99.99,Luka Doncic 2018-19 Panini Prizm Freshman Phenoms Silver #23 PSA 10 Gem Mint,https://www.ebay.com/itm/Luka-Doncic-2018-19-Panini-Prizm-Freshman-Phenoms-Silver-23-PSA-10-Gem-Mint/174204683340?hash=item288f68844c:g:Qc0AAOSwfkxeWHyV
"
			Mar 05, 2020",N/A,110.0,2018-19 Panini Prizm DONTE DIVINCENZO Silver Prizm Rookie 246 PSA 10 Gem Mint!,https://www.ebay.com/itm/2018-19-Panini-Prizm-DONTE-DIVINCENZO-Silver-Prizm-Rookie-246-PSA-10-Gem-Mint/233515092218?hash=item365e9588fa:g:KsYAAOSwj0NeYG0g
"
			Mar 05, 2020",N/A,290.0,Lonzo Ball 2017-18 Prizm *Silver* RC PSA 10 Gem Mint Lakers! Pelicans!,https://www.ebay.com/itm/Lonzo-Ball-2017-18-Prizm-Silver-RC-PSA-10-Gem-Mint-Lakers-Pelicans/402098624035?hash=item5d9ef21623:g:LxsAAOSwfEJeSYOd
"
			Mar 05, 2020",N/A,60.0,2019-20 OPTIC COBY WHITE HOLO SILVER PRIZM ROOKIE! PSA 10?,https://www.ebay.com/itm/2019-20-OPTIC-COBY-WHITE-HOLO-SILVER-PRIZM-ROOKIE-PSA-10/293499855361?hash=item4455f46201:g:tZkAAOSwYNpeXwNU
"
			Mar 05, 2020",N/A,99.99,2017-18 Panini Select Lonzo Ball Silver Prizm Premier Level RC LAKERS PSA 10,https://www.ebay.com/itm/2017-18-Panini-Select-Lonzo-Ball-Silver-Prizm-Premier-Level-RC-LAKERS-PSA-10/254518536941?hash=item3b427caaed:g:aJ0AAOSwq4leTstt
"
			Mar 05, 2020",N/A,400.0,2018 PERFECT PSA 10 LUKA DONCIC PRIZM SELECT TRI-COLOR RC ROOKIE CARD SSP #25,https://www.ebay.com/itm/2018-PERFECT-PSA-10-LUKA-DONCIC-PRIZM-SELECT-TRI-COLOR-RC-ROOKIE-CARD-SSP-25/124076801009?hash=item1ce38dbbf1:g:1UYAAOSwqwxeP0Gz
"
			Mar 05, 2020",N/A,185.0,2018 Collin Sexton Panini Prizm SILVER RC PSA 10,https://www.ebay.com/itm/2018-Collin-Sexton-Panini-Prizm-SILVER-RC-PSA-10/153849316488?hash=item23d2224488:g:4~oAAOSwTrZeWp-7
"
			Mar 05, 2020",N/A,259.99,2019-20 Prizm Draft Picks ZION WILLIAMSON Silver Prizm Rookie PSA 10 Gem Mint,https://www.ebay.com/itm/2019-20-Prizm-Draft-Picks-ZION-WILLIAMSON-Silver-Prizm-Rookie-PSA-10-Gem-Mint/274220316869?hash=item3fd8cdf8c5:g:wyYAAOSwBsleKLQN
"
			Mar 05, 2020",N/A,49.99,Josh Jackson 2017-18 Panini Prizm Mosaic Silver Refractor RC #46 PSA 10 Gem Mint,https://www.ebay.com/itm/Josh-Jackson-2017-18-Panini-Prizm-Mosaic-Silver-Refractor-RC-46-PSA-10-Gem-Mint/192680084128?hash=item2cdca0c2a0:g:8iwAAOSwlxxbt3RQ
"
			Mar 05, 2020",N/A,199.99,Zion Williamson Silver 2019 Panini Prizm Draft Picks Rookie RC PSA 10,https://www.ebay.com/itm/Zion-Williamson-Silver-2019-Panini-Prizm-Draft-Picks-Rookie-RC-PSA-10/164087827478?hash=item2634658c16:g:3HgAAOSwclFeTabv
"
			Mar 05, 2020",N/A,2500.0,2017-18 Panini Prizm Silver and Red #16 Jayson Tatum Rookie PSA 10 2 Card Lot,https://www.ebay.com/itm/2017-18-Panini-Prizm-Silver-and-Red-16-Jayson-Tatum-Rookie-PSA-10-2-Card-Lot/352991374972?hash=item522fecee7c:g:jeIAAOSwlANeX-Am
"
			Mar 05, 2020",N/A,119.99,2018-19 Panini Prizm Silver GIANNIS ANTETOKOUNMPO Refactor PSA 10 Gem Mint SP,https://www.ebay.com/itm/2018-19-Panini-Prizm-Silver-GIANNIS-ANTETOKOUNMPO-Refactor-PSA-10-Gem-Mint-SP/274129617715?hash=item3fd3660333:g:X6MAAOSweoRd6eC~
"
			Mar 05, 2020",N/A,19.99,2017-18 Donruss Optic Fast Break Holo Stephen Curry Silver Prizm PSA 10 Warriors,https://www.ebay.com/itm/2017-18-Donruss-Optic-Fast-Break-Holo-Stephen-Curry-Silver-Prizm-PSA-10-Warriors/383429050865?hash=item59462701f1:g:LKwAAOSwiDRdp86w
"
			Mar 05, 2020",N/A,5.0,2018-19 Panini Threads Dazzle #105 Kevin Knox Silver Prizm ICON RC 💎PSA 10 💎,https://www.ebay.com/itm/2018-19-Panini-Threads-Dazzle-105-Kevin-Knox-Silver-Prizm-ICON-RC-PSA-10/114028184910?hash=item1a8c9c054e:g:hQIAAOSwlyVeADUY
"
			Mar 05, 2020",N/A,5.0,2018-19 Panini Threads Dazzle #105 Kevin Knox Silver Prizm ICON RC 💎PSA 10 💎,https://www.ebay.com/itm/2018-19-Panini-Threads-Dazzle-105-Kevin-Knox-Silver-Prizm-ICON-RC-PSA-10/114028184407?hash=item1a8c9c0357:g:OHQAAOSwTh1eADTB
"
			Mar 05, 2020",N/A,24.99,2019-20 Panini donruss OPTIC HOLO SILVER WAVE prizm RJ BARRETT RC Psa 10?,https://www.ebay.com/itm/2019-20-Panini-donruss-OPTIC-HOLO-SILVER-WAVE-prizm-RJ-BARRETT-RC-Psa-10/392712411318?hash=item5b6f7bd8b6:g:UiMAAOSwp2xeVhKx
"
			Mar 04, 2020",N/A,29.0,RJ BARRETT 2019-20 PANINI PRIZM DRAFT PICKS SILVER PRIZM ROOKIE CARD #66 PSA 10,https://www.ebay.com/itm/RJ-BARRETT-2019-20-PANINI-PRIZM-DRAFT-PICKS-SILVER-PRIZM-ROOKIE-CARD-66-PSA-10/124090058861?hash=item1ce458086d:g:GDIAAOSwgFpeTX6v
"
			Mar 04, 2020",N/A,69.99,LEBRON JAMES Prizm REFRACTOR Tri Color  Select Silver Green 2017 PSA 10 GEM MINT,https://www.ebay.com/itm/LEBRON-JAMES-Prizm-REFRACTOR-Tri-Color-Select-Silver-Green-2017-PSA-10-GEM-MINT/283442350587?hash=item41fe7b09fb:g:S9oAAOSwCs1cp8Eu
"
			Mar 04, 2020",N/A,35.0,KEVIN DURANT 2018-19 PRIZM THATS SAVAGE SILVER PSA 10,https://www.ebay.com/itm/KEVIN-DURANT-2018-19-PRIZM-THATS-SAVAGE-SILVER-PSA-10/193305127591?hash=item2d01e22aa7:g:GK0AAOSwvgheIl5q
"
			Mar 04, 2020",N/A,14.0,2019 Panini Prizm Draft RJ Barrett #62 SILVER PSA 10,https://www.ebay.com/itm/2019-Panini-Prizm-Draft-RJ-Barrett-62-SILVER-PSA-10/223842989207?hash=item341e14f497:g:7vYAAOSwl2BeF05Y
"
			Mar 04, 2020",N/A,17.0,2019 Panini Prizm Draft RJ Barrett #72 SILVER PSA 10,https://www.ebay.com/itm/2019-Panini-Prizm-Draft-RJ-Barrett-72-SILVER-PSA-10/223843024765?hash=item341e157f7d:g:n~gAAOSw--9eF1rM
"
			Mar 04, 2020",N/A,3.99,2018-19 Prizm #170 COLLIN SEXTON RC Rookie NON SILVER/AUTO PSA 10? QTY AVAILABLE,https://www.ebay.com/itm/2018-19-Prizm-170-COLLIN-SEXTON-RC-Rookie-NON-SILVER-AUTO-PSA-10-QTY-AVAILABLE/264535692795?hash=item3d978e55fb:g:xWgAAOSwEFhd0GnL
"
			Mar 04, 2020",N/A,1600.0,Luka Doncic 2018-19 Panini Prizm Prizms Silver #280 Rookie Card PSA 10 Gem Mint,https://www.ebay.com/itm/Luka-Doncic-2018-19-Panini-Prizm-Prizms-Silver-280-Rookie-Card-PSA-10-Gem-Mint/124013904999?hash=item1cdfce0467:g:B-YAAOSwp5ld-IMG
"
			Mar 04, 2020",N/A,199.99,(2) 2018-19 Panini Prizm LUKA DONCIC Freshman Phenoms Silver PSA 10 Gem Mint!,https://www.ebay.com/itm/2-2018-19-Panini-Prizm-LUKA-DONCIC-Freshman-Phenoms-Silver-PSA-10-Gem-Mint/264596725515?hash=item3d9b319f0b:g:FIgAAOSwGEFeG1s4
"
			Mar 04, 2020",N/A,1600.0,LUKA DONCIC 2018/19 PANINI PRIZM #280 RC ROOKIE SILVER PRIZMS SP PSA 10 GEM MINT,https://www.ebay.com/itm/LUKA-DONCIC-2018-19-PANINI-PRIZM-280-RC-ROOKIE-SILVER-PRIZMS-SP-PSA-10-GEM-MINT/164083832062?hash=item26342894fe:g:bR8AAOSwhYNeSMPY
"
			Mar 04, 2020",N/A,74.95,2017 Panini Prizm BEN SIMMONS National Convention Silver Prizm Rookie RC PSA 10,https://www.ebay.com/itm/2017-Panini-Prizm-BEN-SIMMONS-National-Convention-Silver-Prizm-Rookie-RC-PSA-10/223888454492?hash=item3420cab35c:g:ackAAOSwZoVeNJaq
"
			Mar 04, 2020",N/A,1500.0,2018-19 Panini Prizm Silver #280 Luka Doncic Mavericks RC Rookie PSA 10 Gem,https://www.ebay.com/itm/2018-19-Panini-Prizm-Silver-280-Luka-Doncic-Mavericks-RC-Rookie-PSA-10-Gem/274227353029?hash=item3fd93955c5:g:0qYAAOSw5eNeLKzz
"
			Mar 04, 2020",N/A,1499.99,2018-19 Panini Prizm Silver #280 Luka Doncic Mavericks RC Rookie PSA 10 GEM MINT,https://www.ebay.com/itm/2018-19-Panini-Prizm-Silver-280-Luka-Doncic-Mavericks-RC-Rookie-PSA-10-GEM-MINT/303496134181?hash=item46a9c77e25:g:r8AAAOSwga9eTvyX
"
			Mar 05, 2020",N/A,749.95,ZION WILLIAMSON 2019-20 Panini Prizm Rookie #26 Fireworks Silver Prizm PSA 10,https://www.ebay.com/itm/ZION-WILLIAMSON-2019-20-Panini-Prizm-Rookie-26-Fireworks-Silver-Prizm-PSA-10/264625403469?hash=item3d9ce7364d:g:Xf8AAOSwQlZePDc0
"
			Mar 05, 2020",N/A,98.95,PSA 10 2019-20 Panini Prizm MATISSE THYBULLE Silver RC Refractor Prizm Rookie!,https://www.ebay.com/itm/PSA-10-2019-20-Panini-Prizm-MATISSE-THYBULLE-Silver-RC-Refractor-Prizm-Rookie/283804839628?hash=item4214162ecc:g:B84AAOSwk99eYGSd
"
			Mar 05, 2020",N/A,644.99,TRAE YOUNG PSA 10 2018 PANINI PRIZM BASKETBALL #78 SILVER ROOKIE RC HAWKS 1521,https://www.ebay.com/itm/TRAE-YOUNG-PSA-10-2018-PANINI-PRIZM-BASKETBALL-78-SILVER-ROOKIE-RC-HAWKS-1521/184199471138?hash=item2ae324e022:g:fLYAAOSwsyNeYao0
"
			Mar 05, 2020",N/A,1600.0,2018-19 Prizm Luka Doncic rc Silver Prizm PSA 10 GEM MINT Mavericks WOW,https://www.ebay.com/itm/2018-19-Prizm-Luka-Doncic-rc-Silver-Prizm-PSA-10-GEM-MINT-Mavericks-WOW/174211735182?hash=item288fd41e8e:g:6HwAAOSwEIBeYXdr
"
			Mar 05, 2020",N/A,349.99,PSA 10 2018-19 Panini Prizm #184 Shai Gilgeous-Alexa,https://www.ebay.com/itm/PSA-10-2018-19-Panini-Prizm-184-Shai-Gilgeous-Alexander-LA-Clippers-SILVER/303378654522?hash=item46a2c6e53a:g:CG8AAOSwE4hd3EDN
"
			Mar 05, 2020",N/A,70.0,2018-19 Panini Prizm Mitchell Robinson Silver Prizm Rookie Rc PSA 10 GEM MINT,https://www.ebay.com/itm/2018-19-Panini-Prizm-Mitchell-Robinson-Silver-Prizm-Rookie-Rc-PSA-10-GEM-MINT/383448341119?hash=item59474d5a7f:g:D~sAAOSwzRleYBzo
"
			Mar 05, 2020",N/A,1599.99,2014-15 Panini Silver Prizm Giannis Antetokounmpo (PSA 10) 2nd Yr.,https://www.ebay.com/itm/2014-15-Panini-Silver-Prizm-Giannis-Antetokounmpo-PSA-10-2nd-Yr/202907270476?hash=item2f3e373d4c:g:w~oAAOSw0Vhc4Uja
"
			Mar 05, 2020",N/A,99.99,PJ Washington - 2019 Panini Prizm Draft Picks SILVER Rookie RC Gem Mint PSA 10,https://www.ebay.com/itm/PJ-Washington-2019-Panini-Prizm-Draft-Picks-SILVER-Rookie-RC-Gem-Mint-PSA-10/352987889458?hash=item522fb7bf32:g:PJAAAOSwqNdeW05h
"
			Mar 05, 2020",N/A,49.0,Kawhi Leonard 2018-2019 Raptors SILVER PRIZM Panini Prizm PSA 10 Gem Mint,https://www.ebay.com/itm/Kawhi-Leonard-2018-2019-Raptors-SILVER-PRIZM-Panini-Prizm-PSA-10-Gem-Mint/372845521260?hash=item56cf53296c:g:GBUAAOSwOhxd0gf-
"
			Mar 05, 2020",N/A,299.99,2017-18 Prizm Lonzo Ball silver auto rookie RC PSA 10!! Pelicans,https://www.ebay.com/itm/2017-18-Prizm-Lonzo-Ball-silver-auto-rookie-RC-PSA-10-Pelicans/133352229662?hash=item1f0c698b1e:g:uzEAAOSwRYReYKbh
"
			Mar 05, 2020",N/A,100.0,KAWHI LEONARD 2015-16 PANINI PRIZM SILVER PRIZM PSA 10 GEM MINT WORLD CHAMPION,https://www.ebay.com/itm/KAWHI-LEONARD-2015-16-PANINI-PRIZM-SILVER-PRIZM-PSA-10-GEM-MINT-WORLD-CHAMPION/114060731770?hash=item1a8e8ca57a:g:bbcAAOSwnAJeGN5E
"
			Mar 05, 2020",N/A,71.99,2017-18 Prizm Fast Break LONZO BALL Silver RC Rookie PSA 10 GEM MINT Pelicans,https://www.ebay.com/itm/2017-18-Prizm-Fast-Break-LONZO-BALL-Silver-RC-Rookie-PSA-10-GEM-MINT-Pelicans/184195285414?hash=item2ae2e501a6:g:zwIAAOSwp0ZeXc0A
"
			Mar 05, 2020",N/A,19.99,2018 PANINI PRIZM 232 QUINN COOK SILVER PRIZM PSA 10 WARRIORS POP 1,https://www.ebay.com/itm/2018-PANINI-PRIZM-232-QUINN-COOK-SILVER-PRIZM-PSA-10-WARRIORS-POP-1/254532295547?hash=item3b434e9b7b:g:uegAAOSwnIleYWFX
"
			Mar 05, 2020",N/A,259.99,2017 Panini Prizm Silver Bam Adebayo RC PSA 10 Gem Mint,https://www.ebay.com/itm/2017-Panini-Prizm-Silver-Bam-Adebayo-RC-PSA-10-Gem-Mint/193360487318?hash=item2d052ee396:g:PL4AAOSwMmheV2aQ
N/A,N/A,25.0,2018 19 Panini Prizm Jaren Jackson Jr RC Emergent Silver Prizm PSA 10,https://www.ebay.com/itm/2018-19-Panini-Prizm-Jaren-Jackson-Jr-RC-Emergent-Silver-Prizm-PSA-10/193319156083?hash=item2d02b83973:g:kiYAAOSwZ~peLlJp
"
			Mar 05, 2020",N/A,200.0,2019-20 PANINI PRIZM TYLER HERRO ROOKIE RC SILVER PSA 10 GEM MINT #15,https://www.ebay.com/itm/2019-20-PANINI-PRIZM-TYLER-HERRO-ROOKIE-RC-SILVER-PSA-10-GEM-MINT-15/133349092365?hash=item1f0c39ac0d:g:NRQAAOSwOM5eXDCq
"
			Mar 05, 2020",N/A,69.99,KEVIN KNOX 2018-19 PRIZM SILVER REFRACTOR RC #217 FRESH PSA 10 GEM! KNICKS! ^$,https://www.ebay.com/itm/KEVIN-KNOX-2018-19-PRIZM-SILVER-REFRACTOR-RC-217-FRESH-PSA-10-GEM-KNICKS/392465869150?hash=item5b60c9e95e:g:dAkAAOSwSRBdmTlD
"
			Mar 05, 2020",N/A,300.0,2018 Panini Prizm Allonzo Trier Silver PSA 10 Gem Mint Rookie Lot 11!  RWB Hyper,https://www.ebay.com/itm/2018-Panini-Prizm-Allonzo-Trier-Silver-PSA-10-Gem-Mint-Rookie-Lot-11-RWB-Hyper/254524399087?hash=item3b42d61def:g:5yMAAOSw2tFeV06-
"
			Mar 05, 2020",N/A,49.99,2018-19 Panini Prizm DION WAITERS #166 Miami Heat Signatures Silver PSA 10,https://www.ebay.com/itm/2018-19-Panini-Prizm-DION-WAITERS-166-Miami-Heat-Signatures-Silver-PSA-10/254415251208?hash=item3b3c54a708:g:zeoAAOSwsAtdxcyj
"
			Mar 05, 2020",N/A,45.0,Luka Doncic 2019-20 Panini Prizm Silver Refractor Dallas Mavericks #75 PSA 10?,https://www.ebay.com/itm/Luka-Doncic-2019-20-Panini-Prizm-Silver-Refractor-Dallas-Mavericks-75-PSA-10/164092528805?hash=item2634ad48a5:g:rVwAAOSwXA9eTvXD
"
			Mar 05, 2020",N/A,599.99,LeBron James 2016-17 Select Silver Prizm #286 PSA 10 Gem Mint Cavaliers,https://www.ebay.com/itm/LeBron-James-2016-17-Select-Silver-Prizm-286-PSA-10-Gem-Mint-Cavaliers/174211640111?hash=item288fd2ab2f:g:or4AAOSwl0xeYBrH
"
			Mar 05, 2020",N/A,749.99,LUKA DONCIC RC 2018-19 PANINI PRIZM #280 ROOKIE SILVER PRIZMS SP PSA 10?,https://www.ebay.com/itm/LUKA-DONCIC-RC-2018-19-PANINI-PRIZM-280-ROOKIE-SILVER-PRIZMS-SP-PSA-10/313018525032?hash=item48e15ba568:g:YToAAOSwQJ1eYDqq
"
			Mar 05, 2020",N/A,135.0,2019-20 Coby White Silver Prizm! Centered Great! Chicago Bulls. PSA 10?? 🔥,https://www.ebay.com/itm/2019-20-Coby-White-Silver-Prizm-Centered-Great-Chicago-Bulls-PSA-10/372970408649?hash=item56d6c4cac9:g:x9sAAOSw8PNeWy4W
"
			Mar 05, 2020",N/A,39.0,2018-19 Prizm Lebron James Silver Prizm All Day Fast Break PSA 10- Lakers- 04,https://www.ebay.com/itm/2018-19-Prizm-Lebron-James-Silver-Prizm-All-Day-Fast-Break-PSA-10-Lakers-04/124056697784?hash=item1ce25afbb8:g:j98AAOSwA89eJ~9q
"
			Mar 05, 2020",N/A,699.0,2015-16 Panini Prizm Silver #348 Kristaps Porzingis RC Rookie PSA 10 Dallas,https://www.ebay.com/itm/2015-16-Panini-Prizm-Silver-348-Kristaps-Porzingis-RC-Rookie-PSA-10-Dallas/202813487803?hash=item2f38a03abb:g:2C0AAOSwlTldvei7
"
			Mar 05, 2020",N/A,345.0,PSA 10 2019-20 Panini Prizm COBY WHITE Silver Refractor RC Prizm Rookie!,https://www.ebay.com/itm/PSA-10-2019-20-Panini-Prizm-COBY-WHITE-Silver-Refractor-RC-Prizm-Rookie/274296304357?hash=item3fdd5572e5:g:O5EAAOSwZDleYGcR
"
			Mar 05, 2020",N/A,250.0,2019 Panini Prizm Draft Picks Zion Williamson Silver Prizm RC #64 PSA 10,https://www.ebay.com/itm/2019-Panini-Prizm-Draft-Picks-Zion-Williamson-Silver-Prizm-RC-64-PSA-10/223936719492?hash=item3423ab2a84:g:XjQAAOSwq4VeYF12
"
			Mar 05, 2020",N/A,109.99,"Luka Doncic 2018 Panini Prizm Rookie ""Emergent"" ** PSA 10 ** SILVER Prizm",https://www.ebay.com/itm/Luka-Doncic-2018-Panini-Prizm-Rookie-Emergent-PSA-10-SILVER-Prizm/153750133866?hash=item23cc38dc6a:g:g3kAAOSwB75d6EMB
"
			Mar 05, 2020",N/A,599.99,LeBron James 2016-17 Select Silver Prizm #286 PSA 10 Gem Mint Cavaliers,https://www.ebay.com/itm/LeBron-James-2016-17-Select-Silver-Prizm-286-PSA-10-Gem-Mint-Cavaliers/174210767923?hash=item288fc55c33:g:or4AAOSwl0xeYBrH
"
			Mar 05, 2020",N/A,1600.0,PSA 10 GEM MINT 2018-19 Panini Prizm #280 Luka Doncic Mavericks RC SILVER PRIZM,https://www.ebay.com/itm/PSA-10-GEM-MINT-2018-19-Panini-Prizm-280-Luka-Doncic-Mavericks-RC-SILVER-PRIZM/362836374426?hash=item547abbb39a:g:5c4AAOSwafJd5t2Z
"
			Mar 05, 2020",N/A,200.0,Collin Sexton 2018 Panini Prizm Silver Prizm #170 PSA 10 Rookie card,https://www.ebay.com/itm/Collin-Sexton-2018-Panini-Prizm-Silver-Prizm-170-PSA-10-Rookie-card/143515226287?hash=item216a2c90af:g:M~sAAOSw4qNeL5oE
"
			Mar 05, 2020",N/A,180.0,2018 Panini Prizm Jaren Jackson Jr. Silver Prizm Psa 10 Gem Mint Grizzlies,https://www.ebay.com/itm/2018-Panini-Prizm-Jaren-Jackson-Jr-Silver-Prizm-Psa-10-Gem-Mint-Grizzlies/392688226318?hash=item5b6e0ad00e:g:ArEAAOSwFQVeSGfD
"
			Mar 05, 2020",N/A,29.99,DENNIS SMITH JR. PSA 10 2017 PANINI PRIZM BASKETBALL #99 SILVER ROOKIE KNICKS,https://www.ebay.com/itm/DENNIS-SMITH-JR-PSA-10-2017-PANINI-PRIZM-BASKETBALL-99-SILVER-ROOKIE-KNICKS/153851740559?hash=item23d247418f:g:Kh8AAOSw-B9eXYDw
"
			Mar 05, 2020",N/A,300.0,2019-20 Panini NBA Brandon Clarke Silver Prizm Rookie #266 PSA 10 !!! LOOK!!!,https://www.ebay.com/itm/2019-20-Panini-NBA-Brandon-Clarke-Silver-Prizm-Rookie-266-PSA-10-LOOK/202916092539?hash=item2f3ebdda7b:g:pBcAAOSwN8JeWDMo
"
			Mar 05, 2020",N/A,607.0,2015-16 Panini Prizm Silver Prizms Kristaps Porzingis ROOKIE RC #348 PSA 10 ,https://www.ebay.com/itm/2015-16-Panini-Prizm-Silver-Prizms-Kristaps-Porzingis-ROOKIE-RC-348-PSA-10/202803978851?hash=item2f380f2263:g:J3cAAOSw3yNdrGef
"
			Mar 05, 2020",N/A,375.0,(6) 2018 Prizm Collin Sexton RC PSA  10 Lot -- Bonus -- SILVER Prizm PSA 9 - HOT,https://www.ebay.com/itm/6-2018-Prizm-Collin-Sexton-RC-PSA-10-Lot-Bonus-SILVER-Prizm-PSA-9-HOT/313017108610?hash=item48e1460882:g:Hx8AAOSw~9FeXnYS
"
			Mar 05, 2020",N/A,374.99,2003-04 Lebron James Topps 221 Rookie Matrix RC Kuzma Prizm Silver PSA 10 +LOT/4,https://www.ebay.com/itm/2003-04-Lebron-James-Topps-221-Rookie-Matrix-RC-Kuzma-Prizm-Silver-PSA-10-LOT-4/293501479726?hash=item44560d2b2e:g:7JYAAOSwipleYSyq
"
			Mar 05, 2020",N/A,900.0,2018 PSA 10 SILVER SCOPE PRIZM SELECT REFRACTOR LUKA DONCIC RC SSP. #25 LOW POP!,https://www.ebay.com/itm/2018-PSA-10-SILVER-SCOPE-PRIZM-SELECT-REFRACTOR-LUKA-DONCIC-RC-SSP-25-LOW-POP/124055274476?hash=item1ce24543ec:g:eFsAAOSwHfxeJkTG
"
			Mar 05, 2020",N/A,950.0,2018 PERFECT PSA 10 LUKA DONCIC SILVER PRIZM CHOICE REFRACTOR RC SSP LOW POP!!,https://www.ebay.com/itm/2018-PERFECT-PSA-10-LUKA-DONCIC-SILVER-PRIZM-CHOICE-REFRACTOR-RC-SSP-LOW-POP/124061776525?hash=item1ce2a87a8d:g:tmcAAOSwdvxeH65U
"
			Mar 05, 2020",N/A,49.99,2018-19 Prizm Basketball Fast Break Silver Miles Bridges #278 PSA 10 RC,https://www.ebay.com/itm/2018-19-Prizm-Basketball-Fast-Break-Silver-Miles-Bridges-278-PSA-10-RC/254517929266?hash=item3b42736532:g:YHYAAOSwCOJeTe3v
"
			Mar 05, 2020",N/A,199.0,2019 Panini PRIZM Draft SILVER CRUSADE ZION WILLIAMSON Rookie PSA 10 GEM MT RC,https://www.ebay.com/itm/2019-Panini-PRIZM-Draft-SILVER-CRUSADE-ZION-WILLIAMSON-Rookie-PSA-10-GEM-MT-RC/333534735512?hash=item4da8382c98:g:QGcAAOSw40ZeXmn-
"
			Mar 05, 2020",N/A,119.99,DONTE DIVINCENZO ROOKIE SIGNATURES SILVER PRIZM PSA 10,https://www.ebay.com/itm/DONTE-DIVINCENZO-ROOKIE-SIGNATURES-SILVER-PRIZM-PSA-10/402134834296?hash=item5da11a9c78:g:PlIAAOSwbsFeXc0A
"
			Mar 05, 2020",N/A,1799.99,2018-19 PANINI PRIZM LUKA DONCIC SILVER PRIZMS PSA 10 - #280 - GEM MINT,https://www.ebay.com/itm/2018-19-PANINI-PRIZM-LUKA-DONCIC-SILVER-PRIZMS-PSA-10-280-GEM-MINT/114012222236?hash=item1a8ba8731c:g:e4UAAOSwdQhd8pKt
"
			Mar 05, 2020",N/A,269.99,2018-19 Michael Porter Jr Panini Silver Prizm #32 PSA 10 Gem Mint RC Rookie Ref,https://www.ebay.com/itm/2018-19-Michael-Porter-Jr-Panini-Silver-Prizm-32-PSA-10-Gem-Mint-RC-Rookie-Ref/293438373009?hash=item44524a3c91:g:hrMAAOSwd1teKPN-
"
			Mar 05, 2020",N/A,167.5,Jaren Jackson Jr. 2018-19 Panini Prizm Silver Prizm RC PSA 10 GEM MINT,https://www.ebay.com/itm/Jaren-Jackson-Jr-2018-19-Panini-Prizm-Silver-Prizm-RC-PSA-10-GEM-MINT/223834056521?hash=item341d8ca749:g:wUwAAOSwooFeEVvJ
"
			Mar 05, 2020",N/A,1499.0,🔥2018-2019 Panini Prizm Silver Prizm Luka Doncic RC Refractor PSA 10🔥,https://www.ebay.com/itm/2018-2019-Panini-Prizm-Silver-Prizm-Luka-Doncic-RC-Refractor-PSA-10/202882077148?hash=item2f3cb6d1dc:g:PKkAAOSwRjteJL7R
"
			Mar 05, 2020",N/A,42.0,Stephen Curry 2015 Panini Prizm SILVER PRIZM #364 PSA 10 GEM MINT,https://www.ebay.com/itm/Stephen-Curry-2015-Panini-Prizm-SILVER-PRIZM-364-PSA-10-GEM-MINT/114073033780?hash=item1a8f485c34:g:xT8AAOSw5PleIz9S
"
			Mar 05, 2020",N/A,1500.0,Jayson Tatum 2017-18 Panini Prizm base Rookie RC PSA 10 Gem Mint non-silver,https://www.ebay.com/itm/Jayson-Tatum-2017-18-Panini-Prizm-base-Rookie-RC-PSA-10-Gem-Mint-non-silver/202919515307?hash=item2f3ef214ab:g:di8AAOSwqSteXZIB
"
			Mar 05, 2020",N/A,2150.0,Lot of (10) 2018-19 Panini Prizm Silver #32 Michael Porter Jr. RC Rookie PSA 10,https://www.ebay.com/itm/Lot-of-10-2018-19-Panini-Prizm-Silver-32-Michael-Porter-Jr-RC-Rookie-PSA-10/293498447043?hash=item4455dee4c3:g:DfUAAOSwUHleNEYp
"
			Mar 05, 2020",N/A,49.99,STEPHEN CURRY 2018-19 Panini Prizm SILVER PRIZM PSA 10 #222,https://www.ebay.com/itm/STEPHEN-CURRY-2018-19-Panini-Prizm-SILVER-PRIZM-PSA-10-222/164097599121?hash=item2634faa691:g:DzYAAOSwKpdeVgQo
"
			Mar 05, 2020",N/A,1495.0,PSA 10 2019-20 Panini Prizm JA MORANT Silver RC Refractor Prizm Rookie!,https://www.ebay.com/itm/PSA-10-2019-20-Panini-Prizm-JA-MORANT-Silver-RC-Refractor-Prizm-Rookie/274296149043?hash=item3fdd531433:g:xawAAOSwr6deYCmy
"
			Mar 05, 2020",N/A,199.95,LONZO BALL 2017/18 PANINI PRIZM SILVER RC BGS 9.5 GEM MINT TRUE PSA 10 ? ROOKIE,https://www.ebay.com/itm/LONZO-BALL-2017-18-PANINI-PRIZM-SILVER-RC-BGS-9-5-GEM-MINT-TRUE-PSA-10-ROOKIE/264656149385?hash=item3d9ebc5b89:g:qhMAAOSwRSBd0zSF
"
			Mar 05, 2020",N/A,99.99,Luka Doncic 2018-19 Panini Prizm Freshman Phenoms Silver #23 PSA 10 Gem Mint,https://www.ebay.com/itm/Luka-Doncic-2018-19-Panini-Prizm-Freshman-Phenoms-Silver-23-PSA-10-Gem-Mint/174204683340?hash=item288f68844c:g:Qc0AAOSwfkxeWHyV
"
			Mar 05, 2020",N/A,110.0,2018-19 Panini Prizm DONTE DIVINCENZO Silver Prizm Rookie 246 PSA 10 Gem Mint!,https://www.ebay.com/itm/2018-19-Panini-Prizm-DONTE-DIVINCENZO-Silver-Prizm-Rookie-246-PSA-10-Gem-Mint/233515092218?hash=item365e9588fa:g:KsYAAOSwj0NeYG0g
"
			Mar 05, 2020",N/A,95.0,PSA 10 2019-20 Panini Prizm CHUMA OKEKE Silver Refractor RC Prizm Rookie!,https://www.ebay.com/itm/PSA-10-2019-20-Panini-Prizm-CHUMA-OKEKE-Silver-Refractor-RC-Prizm-Rookie/283804885657?hash=item421416e299:g:DgYAAOSwkz1eYHiN
"
			Mar 05, 2020",N/A,290.0,Lonzo Ball 2017-18 Prizm *Silver* RC PSA 10 Gem Mint Lakers! Pelicans!,https://www.ebay.com/itm/Lonzo-Ball-2017-18-Prizm-Silver-RC-PSA-10-Gem-Mint-Lakers-Pelicans/402098624035?hash=item5d9ef21623:g:LxsAAOSwfEJeSYOd
"
			Mar 05, 2020",N/A,49.99,2018-19 Prizm Jalen Brunson Silver Prizm Rookie RC PSA 10,https://www.ebay.com/itm/2018-19-Prizm-Jalen-Brunson-Silver-Prizm-Rookie-RC-PSA-10/293466355220?hash=item4453f53614:g:hxkAAOSwB05ePtBX
"
			Mar 05, 2020",N/A,60.0,2019-20 OPTIC COBY WHITE HOLO SILVER PRIZM ROOKIE! PSA 10?,https://www.ebay.com/itm/2019-20-OPTIC-COBY-WHITE-HOLO-SILVER-PRIZM-ROOKIE-PSA-10/293499855361?hash=item4455f46201:g:tZkAAOSwYNpeXwNU
"
			Mar 05, 2020",N/A,99.99,2017-18 Panini Select Lonzo Ball Silver Prizm Premier Level RC LAKERS PSA 10,https://www.ebay.com/itm/2017-18-Panini-Select-Lonzo-Ball-Silver-Prizm-Premier-Level-RC-LAKERS-PSA-10/254518536941?hash=item3b427caaed:g:aJ0AAOSwq4leTstt
"
			Mar 05, 2020",N/A,400.0,2018 PERFECT PSA 10 LUKA DONCIC PRIZM SELECT TRI-COLOR RC ROOKIE CARD SSP #25,https://www.ebay.com/itm/2018-PERFECT-PSA-10-LUKA-DONCIC-PRIZM-SELECT-TRI-COLOR-RC-ROOKIE-CARD-SSP-25/124076801009?hash=item1ce38dbbf1:g:1UYAAOSwqwxeP0Gz
"
			Mar 05, 2020",N/A,185.0,2018 Collin Sexton Panini Prizm SILVER RC PSA 10,https://www.ebay.com/itm/2018-Collin-Sexton-Panini-Prizm-SILVER-RC-PSA-10/153849316488?hash=item23d2224488:g:4~oAAOSwTrZeWp-7
"
			Mar 05, 2020",N/A,259.99,2019-20 Prizm Draft Picks ZION WILLIAMSON Silver Prizm Rookie PSA 10 Gem Mint,https://www.ebay.com/itm/2019-20-Prizm-Draft-Picks-ZION-WILLIAMSON-Silver-Prizm-Rookie-PSA-10-Gem-Mint/274220316869?hash=item3fd8cdf8c5:g:wyYAAOSwBsleKLQN
"
			Mar 05, 2020",N/A,49.99,Josh Jackson 2017-18 Panini Prizm Mosaic Silver Refractor RC #46 PSA 10 Gem Mint,https://www.ebay.com/itm/Josh-Jackson-2017-18-Panini-Prizm-Mosaic-Silver-Refractor-RC-46-PSA-10-Gem-Mint/192680084128?hash=item2cdca0c2a0:g:8iwAAOSwlxxbt3RQ
"
			Mar 05, 2020",N/A,199.99,Zion Williamson Silver 2019 Panini Prizm Draft Picks Rookie RC PSA 10,https://www.ebay.com/itm/Zion-Williamson-Silver-2019-Panini-Prizm-Draft-Picks-Rookie-RC-PSA-10/164087827478?hash=item2634658c16:g:3HgAAOSwclFeTabv
"
			Mar 05, 2020",N/A,2500.0,2017-18 Panini Prizm Silver and Red #16 Jayson Tatum Rookie PSA 10 2 Card Lot,https://www.ebay.com/itm/2017-18-Panini-Prizm-Silver-and-Red-16-Jayson-Tatum-Rookie-PSA-10-2-Card-Lot/352991374972?hash=item522fecee7c:g:jeIAAOSwlANeX-Am
"
			Mar 05, 2020",N/A,119.99,2018-19 Panini Prizm Silver GIANNIS ANTETOKOUNMPO Refactor PSA 10 Gem Mint SP,https://www.ebay.com/itm/2018-19-Panini-Prizm-Silver-GIANNIS-ANTETOKOUNMPO-Refactor-PSA-10-Gem-Mint-SP/274129617715?hash=item3fd3660333:g:X6MAAOSweoRd6eC~
"
			Mar 05, 2020",N/A,19.99,2017-18 Donruss Optic Fast Break Holo Stephen Curry Silver Prizm PSA 10 Warriors,https://www.ebay.com/itm/2017-18-Donruss-Optic-Fast-Break-Holo-Stephen-Curry-Silver-Prizm-PSA-10-Warriors/383429050865?hash=item59462701f1:g:LKwAAOSwiDRdp86w
"
			Mar 05, 2020",N/A,5.0,2018-19 Panini Threads Dazzle #105 Kevin Knox Silver Prizm ICON RC 💎PSA 10 💎,https://www.ebay.com/itm/2018-19-Panini-Threads-Dazzle-105-Kevin-Knox-Silver-Prizm-ICON-RC-PSA-10/114028184910?hash=item1a8c9c054e:g:hQIAAOSwlyVeADUY
"
			Mar 05, 2020",N/A,5.0,2018-19 Panini Threads Dazzle #105 Kevin Knox Silver Prizm ICON RC 💎PSA 10 💎,https://www.ebay.com/itm/2018-19-Panini-Threads-Dazzle-105-Kevin-Knox-Silver-Prizm-ICON-RC-PSA-10/114028184407?hash=item1a8c9c0357:g:OHQAAOSwTh1eADTB
"
			Mar 05, 2020",N/A,24.99,2019-20 Panini donruss OPTIC HOLO SILVER WAVE prizm RJ BARRETT RC Psa 10?,https://www.ebay.com/itm/2019-20-Panini-donruss-OPTIC-HOLO-SILVER-WAVE-prizm-RJ-BARRETT-RC-Psa-10/392712411318?hash=item5b6f7bd8b6:g:UiMAAOSwp2xeVhKx
"
			Mar 04, 2020",N/A,29.0,RJ BARRETT 2019-20 PANINI PRIZM DRAFT PICKS SILVER PRIZM ROOKIE CARD #66 PSA 10,https://www.ebay.com/itm/RJ-BARRETT-2019-20-PANINI-PRIZM-DRAFT-PICKS-SILVER-PRIZM-ROOKIE-CARD-66-PSA-10/124090058861?hash=item1ce458086d:g:GDIAAOSwgFpeTX6v
"
			Mar 04, 2020",N/A,69.99,LEBRON JAMES Prizm REFRACTOR Tri Color  Select Silver Green 2017 PSA 10 GEM MINT,https://www.ebay.com/itm/LEBRON-JAMES-Prizm-REFRACTOR-Tri-Color-Select-Silver-Green-2017-PSA-10-GEM-MINT/283442350587?hash=item41fe7b09fb:g:S9oAAOSwCs1cp8Eu
"
			Mar 04, 2020",N/A,35.0,KEVIN DURANT 2018-19 PRIZM THATS SAVAGE SILVER PSA 10,https://www.ebay.com/itm/KEVIN-DURANT-2018-19-PRIZM-THATS-SAVAGE-SILVER-PSA-10/193305127591?hash=item2d01e22aa7:g:GK0AAOSwvgheIl5q
"
			Mar 04, 2020",N/A,14.0,2019 Panini Prizm Draft RJ Barrett #62 SILVER PSA 10,https://www.ebay.com/itm/2019-Panini-Prizm-Draft-RJ-Barrett-62-SILVER-PSA-10/223842989207?hash=item341e14f497:g:7vYAAOSwl2BeF05Y
"
			Mar 04, 2020",N/A,17.0,2019 Panini Prizm Draft RJ Barrett #72 SILVER PSA 10,https://www.ebay.com/itm/2019-Panini-Prizm-Draft-RJ-Barrett-72-SILVER-PSA-10/223843024765?hash=item341e157f7d:g:n~gAAOSw--9eF1rM
"
			Mar 04, 2020",N/A,3.99,2018-19 Prizm #170 COLLIN SEXTON RC Rookie NON SILVER/AUTO PSA 10? QTY AVAILABLE,https://www.ebay.com/itm/2018-19-Prizm-170-COLLIN-SEXTON-RC-Rookie-NON-SILVER-AUTO-PSA-10-QTY-AVAILABLE/264535692795?hash=item3d978e55fb:g:xWgAAOSwEFhd0GnL
"
			Mar 04, 2020",N/A,95.0,LUKA DONCIC 2018-19 PRIZM FRESHMAN PHENOMS SILVER RC #23 GEM MINT PSA 10,https://www.ebay.com/itm/LUKA-DONCIC-2018-19-PRIZM-FRESHMAN-PHENOMS-SILVER-RC-23-GEM-MINT-PSA-10/133350750484?hash=item1f0c52f914:g:fKgAAOSwRBpeXoYt
"
			Mar 04, 2020",N/A,1600.0,Luka Doncic 2018-19 Panini Prizm Prizms Silver #280 Rookie Card PSA 10 Gem Mint,https://www.ebay.com/itm/Luka-Doncic-2018-19-Panini-Prizm-Prizms-Silver-280-Rookie-Card-PSA-10-Gem-Mint/124013904999?hash=item1cdfce0467:g:B-YAAOSwp5ld-IMG
"
			Mar 04, 2020",N/A,199.99,(2) 2018-19 Panini Prizm LUKA DONCIC Freshman Phenoms Silver PSA 10 Gem Mint!,https://www.ebay.com/itm/2-2018-19-Panini-Prizm-LUKA-DONCIC-Freshman-Phenoms-Silver-PSA-10-Gem-Mint/264596725515?hash=item3d9b319f0b:g:FIgAAOSwGEFeG1s4
"
			Mar 04, 2020",N/A,1600.0,LUKA DONCIC 2018/19 PANINI PRIZM #280 RC ROOKIE SILVER PRIZMS SP PSA 10 GEM MINT,https://www.ebay.com/itm/LUKA-DONCIC-2018-19-PANINI-PRIZM-280-RC-ROOKIE-SILVER-PRIZMS-SP-PSA-10-GEM-MINT/164083832062?hash=item26342894fe:g:bR8AAOSwhYNeSMPY
"
			Mar 04, 2020",N/A,149.38,2016-17 Prizm Mosaic BEN SIMMONS Rookie Silver Prizm PSA 10 #6,https://www.ebay.com/itm/2016-17-Prizm-Mosaic-BEN-SIMMONS-Rookie-Silver-Prizm-PSA-10-6/193198576820?hash=item2cfb8854b4:g:rakAAOSwwlJeIrNR
"
			Mar 04, 2020",N/A,74.95,2017 Panini Prizm BEN SIMMONS National Convention Silver Prizm Rookie RC PSA 10,https://www.ebay.com/itm/2017-Panini-Prizm-BEN-SIMMONS-National-Convention-Silver-Prizm-Rookie-RC-PSA-10/223888454492?hash=item3420cab35c:g:ackAAOSwZoVeNJaq
"
			Mar 04, 2020",N/A,1500.0,2018-19 Panini Prizm Silver #280 Luka Doncic Mavericks RC Rookie PSA 10 Gem,https://www.ebay.com/itm/2018-19-Panini-Prizm-Silver-280-Luka-Doncic-Mavericks-RC-Rookie-PSA-10-Gem/274227353029?hash=item3fd93955c5:g:0qYAAOSw5eNeLKzz
"
			Mar 04, 2020",N/A,1499.99,2018-19 Panini Prizm Silver #280 Luka Doncic Mavericks RC Rookie PSA 10 GEM MINT,https://www.ebay.com/itm/2018-19-Panini-Prizm-Silver-280-Luka-Doncic-Mavericks-RC-Rookie-PSA-10-GEM-MINT/303496134181?hash=item46a9c77e25:g:r8AAAOSwga9eTvyX
"
			Mar 04, 2020",N/A,65.0,Kevin Porter Jr. 2019-20 Donruss Optic RC Holo Silver Prizm Cavaliers SP PSA 10?,https://www.ebay.com/itm/Kevin-Porter-Jr-2019-20-Donruss-Optic-RC-Holo-Silver-Prizm-Cavaliers-SP-PSA-10/233511342565?hash=item365e5c51e5:g:cUcAAOSwHP1eRWwh
"
			Mar 04, 2020",N/A,1499.99,2018 PANINI PRIZM SILVER REFRACTOR #280 LUKA DONCIC RC PSA 10 GEM MINT,https://www.ebay.com/itm/2018-PANINI-PRIZM-SILVER-REFRACTOR-280-LUKA-DONCIC-RC-PSA-10-GEM-MINT/233514090825?hash=item365e864149:g:fqMAAOSwePleWhq0
"
			Mar 04, 2020",N/A,1500.0,2018-19 Prizm LUKA DONCIC SILVER Prizm Rookie PSA 10 DALLAS MAVERICKS,https://www.ebay.com/itm/2018-19-Prizm-LUKA-DONCIC-SILVER-Prizm-Rookie-PSA-10-DALLAS-MAVERICKS/324034755466?hash=item4b71f9fb8a:g:AoYAAOSwqMteFAcr
"
			Mar 04, 2020",N/A,750.0,TRAE YOUNG 2018-19 Panini Prizm Silver Refractor Rookie RC PSA 10 GEM MINT #78,https://www.ebay.com/itm/TRAE-YOUNG-2018-19-Panini-Prizm-Silver-Refractor-Rookie-RC-PSA-10-GEM-MINT-78/293494547276?hash=item4455a3634c:g:WukAAOSwnm1eWIZt
"
			Mar 04, 2020",N/A,58.0,PSA 10 2019-20 Panini Prizm DARIUS BAZLEY Silver Refractor RC Prizm Rookie!,https://www.ebay.com/itm/PSA-10-2019-20-Panini-Prizm-DARIUS-BAZLEY-Silver-Refractor-RC-Prizm-Rookie/274296342274?hash=item3fdd560702:g:YAcAAOSwu1deYHdY
"
			Mar 04, 2020",N/A,455.0,PSA 10 2017-18 Panini Prizm LONZO BALL Silver Auto Rookie Refractor Lakers RC,https://www.ebay.com/itm/PSA-10-2017-18-Panini-Prizm-LONZO-BALL-Silver-Auto-Rookie-Refractor-Lakers-RC/283798229850?hash=item4213b1535a:g:GHgAAOSwyWFeJlf~
"
			Mar 04, 2020",N/A,29.99,2018/19 Panini Prizm Collin Sexton RC LOTL Silver Prizm PSA 10,https://www.ebay.com/itm/2018-19-Panini-Prizm-Collin-Sexton-RC-LOTL-Silver-Prizm-PSA-10/264409878187?hash=item3d900e8eab:g:LvYAAOSwHkZdOmrV
"
			Mar 04, 2020",N/A,245.0,PSA 10 2019-20 Panini Prizm LEBRON JAMES Finalists Silver Prizm Lakers,https://www.ebay.com/itm/PSA-10-2019-20-Panini-Prizm-LEBRON-JAMES-Finalists-Silver-Prizm-Lakers/283804825523?hash=item421415f7b3:g:q8AAAOSwN1deYF4r
"
			Mar 04, 2020",N/A,4.49,2014/15 Panini Prizm JOHNNY O'BRYANT SILVER REFRACTOR ROOKIE BUCKS #279 PSA 10,https://www.ebay.com/itm/2014-15-Panini-Prizm-JOHNNY-OBRYANT-SILVER-REFRACTOR-ROOKIE-BUCKS-279-PSA-10/333425196748?hash=item4da1b0becc:g:EogAAOSw2ChcNUM8
"
			Mar 04, 2020",N/A,159.99,Collin Sexton RC 2018 Prizm Rookie SILVER PRIZM PSA 10 GEM MT Cavaliers,https://www.ebay.com/itm/Collin-Sexton-RC-2018-Prizm-Rookie-SILVER-PRIZM-PSA-10-GEM-MT-Cavaliers/143547493860?hash=item216c18ede4:g:NEMAAOSwm-deYAHg
"
			Mar 04, 2020",N/A,259.99,LONZO BALL 2017-18 PANINI SILVER PRIZM ROOKIE RC PSA 10 GEM MINT,https://www.ebay.com/itm/LONZO-BALL-2017-18-PANINI-SILVER-PRIZM-ROOKIE-RC-PSA-10-GEM-MINT/312991342600?hash=item48dfbce008:g:Cd4AAOSwIW9eKDXR
"
			Mar 04, 2020",N/A,21.99,2016-17 Panini Prizm First Step Prizms Silver #5 John Wall PSA 10 Gem PMJS,https://www.ebay.com/itm/2016-17-Panini-Prizm-First-Step-Prizms-Silver-5-John-Wall-PSA-10-Gem-PMJS/163986228943?hash=item262e5746cf:g:I2gAAOSwN~Vd8ney
"
			Mar 04, 2020",N/A,22.99,2018 Collin Sexton Panini Prizm LUCK OF THE LOTTERY SILVER RC Cavaliers PSA 10,https://www.ebay.com/itm/2018-Collin-Sexton-Panini-Prizm-LUCK-OF-THE-LOTTERY-SILVER-RC-Cavaliers-PSA-10/193337084180?hash=item2d03c9c914:g:rUYAAOSwYA5ePuyE
"
			Mar 04, 2020",N/A,17.95,2017-2018 Panini Prizm Bam Adebayo Silver Mosaic #86 RC Refractor Mint PSA 10?,https://www.ebay.com/itm/2017-2018-Panini-Prizm-Bam-Adebayo-Silver-Mosaic-86-RC-Refractor-Mint-PSA-10/362919660815?hash=item547fb28d0f:g:KOsAAOSwTpheTOcU
"
			Mar 04, 2020",N/A,26.99,COLLIN SEXTON RC SILVER PRIZM 2018 19 PRIZM MOSAIC PSA 10 GEM MINT,https://www.ebay.com/itm/COLLIN-SEXTON-RC-SILVER-PRIZM-2018-19-PRIZM-MOSAIC-PSA-10-GEM-MINT/312875729110?hash=item48d8d8c0d6:g:77EAAOSw7gpd6XJ~
"
			Mar 04, 2020",N/A,359.99,2019 Panini JA MORANT Silver Prizm SGC 10 + Zion Williamson Pink Pulsar PSA 10,https://www.ebay.com/itm/2019-Panini-JA-MORANT-Silver-Prizm-SGC-10-Zion-Williamson-Pink-Pulsar-PSA-10/274296157633?hash=item3fdd5335c1:g:I4sAAOSwPlFeYC0t
"
			Mar 04, 2020",N/A,1495.0,2018-19 LUKA DONCIC PANINI PRIZM Silver #280 Rookie Card PSA 10 Gem Mint,https://www.ebay.com/itm/2018-19-LUKA-DONCIC-PANINI-PRIZM-Silver-280-Rookie-Card-PSA-10-Gem-Mint/174210014021?hash=item288fb9db45:g:734AAOSwKI5eXxmH
"
			Mar 04, 2020",N/A,285.0,Lonzo Ball 2017-18 Prizm *Silver* RC PSA 10 Gem Mint Lakers! Pelicans! Hot,https://www.ebay.com/itm/Lonzo-Ball-2017-18-Prizm-Silver-RC-PSA-10-Gem-Mint-Lakers-Pelicans-Hot/164096912470?hash=item2634f02c56:g:oLkAAOSwOX1eVXD9
"
			Mar 04, 2020",N/A,99.87,2019-20 Panini Prizm Instant Impact Silver Rookie RJ Barrett RC PSA 10 Gem Mint,https://www.ebay.com/itm/2019-20-Panini-Prizm-Instant-Impact-Silver-Rookie-RJ-Barrett-RC-PSA-10-Gem-Mint/303501462998?hash=item46aa18cdd6:g:tacAAOSw91teWKM~
"
			Mar 04, 2020",N/A,15.0,2019-20 Panini Prizm Bol Bol Silver Prizm Rookie RC PSA 10?,https://www.ebay.com/itm/2019-20-Panini-Prizm-Bol-Bol-Silver-Prizm-Rookie-RC-PSA-10/324088633492?hash=item4b75301894:g:s0kAAOSwMEleWxz6
"
			Mar 04, 2020",N/A,1500.0,2018 Panini Prizm Luka Doncic Silver Prizm RC PSA 10 Gem Mint Mavericks,https://www.ebay.com/itm/2018-Panini-Prizm-Luka-Doncic-Silver-Prizm-RC-PSA-10-Gem-Mint-Mavericks/164111005409?hash=item2635c736e1:g:8uUAAOSwkbReYEP-
"
			Mar 04, 2020",N/A,299.99,SHAI-GILGEOUS ALEXANDER 2018 PRIZM SILVER REFRACTOR ROOKIE RC #184 PSA 10 *HOT*,https://www.ebay.com/itm/SHAI-GILGEOUS-ALEXANDER-2018-PRIZM-SILVER-REFRACTOR-ROOKIE-RC-184-PSA-10-HOT/124035447252?hash=item1ce116b9d4:g:PCsAAOSw4qNeEr6A
"
			Mar 04, 2020",N/A,259.99,LONZO BALL 2017-18 PANINI SILVER PRIZM ROOKIE RC PSA 10 GEM MINT,https://www.ebay.com/itm/LONZO-BALL-2017-18-PANINI-SILVER-PRIZM-ROOKIE-RC-PSA-10-GEM-MINT/312991341325?hash=item48dfbcdb0d:g:tZAAAOSwoPJeKDVO
"
			Mar 04, 2020",N/A,149.99,JAREN JACKSON JR 2018 19 PANINI PRIZM SILVER PRIZM ROOKIE RC PSA 10- GEM MINT,https://www.ebay.com/itm/JAREN-JACKSON-JR-2018-19-PANINI-PRIZM-SILVER-PRIZM-ROOKIE-RC-PSA-10-GEM-MINT/202920770459?hash=item2f3f053b9b:g:x8wAAOSwSQheXwiE
"
			Mar 04, 2020",N/A,1349.99,2017 Jayson Tatum Silver Prizm PSA 10,https://www.ebay.com/itm/2017-Jayson-Tatum-Silver-Prizm-PSA-10/293499881124?hash=item4455f4c6a4:g:1aUAAOSweqpeXwxI
"
			Mar 04, 2020",N/A,1299.99,2017-18 Jayson Tatum Panini Silver Prizm RC #16 Refractor PSA 10 Rookie Holo HOT,https://www.ebay.com/itm/2017-18-Jayson-Tatum-Panini-Silver-Prizm-RC-16-Refractor-PSA-10-Rookie-Holo-HOT/293499877327?hash=item4455f4b7cf:g:mRsAAOSwrIxeXwn4
"
			Mar 04, 2020",N/A,1450.0,2018 Luka Doncic Panini Prizm Silver Prizms Refractor RC Rookie #280 PSA 10 Gem,https://www.ebay.com/itm/2018-Luka-Doncic-Panini-Prizm-Silver-Prizms-Refractor-RC-Rookie-280-PSA-10-Gem/223930761031?hash=item3423503f47:g:5fAAAOSw4uleWTgp
"
			Mar 04, 2020",N/A,499.95,KRISTAPS PORZINGIS 2015-16 PANINI PRIZM SILVER PRIZMS RC #348 PSA 10 MAVERICKS,https://www.ebay.com/itm/KRISTAPS-PORZINGIS-2015-16-PANINI-PRIZM-SILVER-PRIZMS-RC-348-PSA-10-MAVERICKS/383445939959?hash=item594728b6f7:g:me4AAOSw-AFeXdXU
"
			Mar 04, 2020",N/A,179.99,2017-18 Panini Prizm Silver #283 Kyle Kuzma Lakers RC Rookie PSA 10 GEM MINT,https://www.ebay.com/itm/2017-18-Panini-Prizm-Silver-283-Kyle-Kuzma-Lakers-RC-Rookie-PSA-10-GEM-MINT/293270128240?hash=item4448430670:g:h20AAOSwWbVdneys
"
			Mar 04, 2020",N/A,29.99,2018 PANINI PRIZM 248 D'ANGELO RUSSELL SILVER PRIZM BROOKLYN NETS PSA 10,https://www.ebay.com/itm/2018-PANINI-PRIZM-248-DANGELO-RUSSELL-SILVER-PRIZM-BROOKLYN-NETS-PSA-10/254524215605?hash=item3b42d35135:g:XT8AAOSwR7ReVw-w
"
			Mar 04, 2020",N/A,29.99,2018 PANINI PRIZM 247 FRANK NTILIKINA SILVER PRIZM NY Knicks PSA 10 POP 1,https://www.ebay.com/itm/2018-PANINI-PRIZM-247-FRANK-NTILIKINA-SILVER-PRIZM-NY-Knicks-PSA-10-POP-1/254524220862?hash=item3b42d365be:g:AwAAAOSw07JeVxJ~
"
			Mar 04, 2020",N/A,29.99,2018 PANINI PRIZM 221 WILLIE CAULEY-STEIN SILVER PRIZM PSA 10 POPULATION 1,https://www.ebay.com/itm/2018-PANINI-PRIZM-221-WILLIE-CAULEY-STEIN-SILVER-PRIZM-PSA-10-POPULATION-1/254524222422?hash=item3b42d36bd6:g:k90AAOSwaqFeVxOA
"
			Mar 04, 2020",N/A,29.99,2018-19 Panini Prizm Basketball Silver #154 Thaddeus Young Indiana Pacers PSA 10,https://www.ebay.com/itm/2018-19-Panini-Prizm-Basketball-Silver-154-Thaddeus-Young-Indiana-Pacers-PSA-10/254524209380?hash=item3b42d338e4:g:kr4AAOSw9PNeVw2~
"
			Mar 04, 2020",N/A,137.95,PSA 10 2018-19 Panini Prizm DEVONTE GRAHAM Silver Rookie Refractor RC,https://www.ebay.com/itm/PSA-10-2018-19-Panini-Prizm-DEVONTE-GRAHAM-Silver-Rookie-Refractor-RC/274244531443?hash=item3fda3f74f3:g:fugAAOSwn1JeNf9g
"
			Mar 04, 2020",N/A,389.0,2018 PSA 10 RED WHITE &  BLUE PRIZM SILVER REFRACTOR LUKA DONCIC RC/ROOKIE CARD,https://www.ebay.com/itm/2018-PSA-10-RED-WHITE-BLUE-PRIZM-SILVER-REFRACTOR-LUKA-DONCIC-RC-ROOKIE-CARD/124086428020?hash=item1ce420a174:g:MbkAAOSw74ReSdTx
"
			Mar 04, 2020",N/A,40.0,2018-19 Panini Prizm ROBERT WILLIAMS III Silver Prizm Rookie RC PSA 10 Celtics,https://www.ebay.com/itm/2018-19-Panini-Prizm-ROBERT-WILLIAMS-III-Silver-Prizm-Rookie-RC-PSA-10-Celtics/133316602535?hash=item1f0a49eaa7:g:SnoAAOSwLWBeLhCo
"
			Mar 04, 2020",N/A,249.99,MITCHELL ROBINSON 2018-19 Panini Prizm 3 SILVER REFRACTOR LOT GEM MINT PSA 10,https://www.ebay.com/itm/MITCHELL-ROBINSON-2018-19-Panini-Prizm-3-SILVER-REFRACTOR-LOT-GEM-MINT-PSA-10/333474095448?hash=item4da49ae158:g:gDwAAOSwkcleGCSs
"
			Mar 04, 2020",N/A,649.99,2018 PANINI PRIZM SILVER REFRACTOR #78 TRAE YOUNG RC PSA 10 GEM MINT,https://www.ebay.com/itm/2018-PANINI-PRIZM-SILVER-REFRACTOR-78-TRAE-YOUNG-RC-PSA-10-GEM-MINT/233514089043?hash=item365e863a53:g:36UAAOSwRsJeXejZ
"
			Mar 04, 2020",N/A,15.0,2018 Collin Sexton Panini Prizm LUCK OF THE LOTTERY SILVER Rc Cavaliers PSA 10,https://www.ebay.com/itm/2018-Collin-Sexton-Panini-Prizm-LUCK-OF-THE-LOTTERY-SILVER-Rc-Cavaliers-PSA-10/113773337865?hash=item1a7d6b5d09:g:mlIAAOSwWMRdQ2tl
"
			Mar 04, 2020",N/A,649.99,2019-20 SILVER PRIZM ZION WILLIAMSON #248 PELICANS PACK FRESH PSA 10?,https://www.ebay.com/itm/2019-20-SILVER-PRIZM-ZION-WILLIAMSON-248-PELICANS-PACK-FRESH-PSA-10/233507337984?hash=item365e1f3700:g:4AUAAOSw1mZeVqx9
"
			Mar 04, 2020",N/A,59.99,2017-18 Select Lonzo Ball Gem Mint PSA 10 Prizm Silver Pelicans Rookie RC,https://www.ebay.com/itm/2017-18-Select-Lonzo-Ball-Gem-Mint-PSA-10-Prizm-Silver-Pelicans-Rookie-RC/254528538499?hash=item3b43154783:g:P60AAOSwvFteXJhr
"
			Mar 04, 2020",N/A,249.99,Zion Williamson 2019 Prizm Draft Silver PSA 10 RC Rookie,https://www.ebay.com/itm/Zion-Williamson-2019-Prizm-Draft-Silver-PSA-10-RC-Rookie/114138166749?hash=item1a932a35dd:g:DMYAAOSwiiheXols
"
			Mar 04, 2020",N/A,19.55,2018 Prizm Basketball - #17 Kevin Knox Freshman Phenom Silver Prizm RC PSA 10,https://www.ebay.com/itm/2018-Prizm-Basketball-17-Kevin-Knox-Freshman-Phenom-Silver-Prizm-RC-PSA-10/273816573838?hash=item3fc0bd578e:g:WqgAAOSwqUdcvPEr
"
			Mar 04, 2020",N/A,149.99,2017-18 Donruss Optic BEN SIMMONS Silver HOLO PRIZM #114 PSA 10 GEM MINT 76ers,https://www.ebay.com/itm/2017-18-Donruss-Optic-BEN-SIMMONS-Silver-HOLO-PRIZM-114-PSA-10-GEM-MINT-76ers/333473953716?hash=item4da498b7b4:g:lzIAAOSw9SdeGALW
"
			Mar 04, 2020",N/A,74.99,2016 Panini Prizm Jakob Poeltl #216 Silver Prizm Raptors SP PSA 10 Gem Mint,https://www.ebay.com/itm/2016-Panini-Prizm-Jakob-Poeltl-216-Silver-Prizm-Raptors-SP-PSA-10-Gem-Mint/362306192169?hash=item545b21c329:g:RoEAAOSw~Bha5Tty
"
			Mar 04, 2020",N/A,24.95,2018 PRIZM LEBRON JAMES Dominance Silver #29 PSA 10 LAKERS,https://www.ebay.com/itm/2018-PRIZM-LEBRON-JAMES-Dominance-Silver-29-PSA-10-LAKERS/293421344970?hash=item44514668ca:g:20MAAOSww~heG7iW
"
			Mar 04, 2020",N/A,99.99,COLLIN SEXTON 2018 PANINI PRIZM FAST BREAK SILVER PRIZMS RC #170 PSA 10 POP 7,https://www.ebay.com/itm/COLLIN-SEXTON-2018-PANINI-PRIZM-FAST-BREAK-SILVER-PRIZMS-RC-170-PSA-10-POP-7/114118440641?hash=item1a91fd36c1:g:mBcAAOSwcaZeSeM1
"
			Mar 04, 2020",N/A,99.95,1x 2015 Panini Prizm Norman Powell #337 Silver Raptors RC SP PSA 10 Gem Mint 💎,https://www.ebay.com/itm/1x-2015-Panini-Prizm-Norman-Powell-337-Silver-Raptors-RC-SP-PSA-10-Gem-Mint/164079841654?hash=item2633ebb176:g:4K8AAOSwWy5eRLBa
"
			Mar 04, 2020",N/A,49.95,1x 2015-16 Prizm Basketball Bobby Portis Rookie Card RC Silver Parallel PSA 10,https://www.ebay.com/itm/1x-2015-16-Prizm-Basketball-Bobby-Portis-Rookie-Card-RC-Silver-Parallel-PSA-10/164079820382?hash=item2633eb5e5e:g:wt8AAOSwXRleRKqq
"
			Mar 04, 2020",N/A,149.99,Psa10 rookie lot CAM REDDISH LANDRY SHAMET silver Mitchell Robinson silver prizm,https://www.ebay.com/itm/Psa10-rookie-lot-CAM-REDDISH-LANDRY-SHAMET-silver-Mitchell-Robinson-silver-prizm/352991212948?hash=item522fea7594:g:raAAAOSw12NeXsjM
"
			Mar 04, 2020",N/A,149.99,🏀2017 PANINI SELECT SILVER PRIZM DE’AARON FOX RC PSA 10 CARDREGISTRYIN,https://www.ebay.com/itm/2017-PANINI-SELECT-SILVER-PRIZM-DE-AARON-FOX-RC-PSA-10-CARDREGISTRYINC/392713760426?hash=item5b6f906eaa:g:tcoAAOSwX2teWmnR
"
			Mar 04, 2020",N/A,39.99,2017 Dalvin Cook Panini Select SILVER PRIZM ROOKIE Rc #51 Vikings PSA 10 GEM MT,https://www.ebay.com/itm/2017-Dalvin-Cook-Panini-Select-SILVER-PRIZM-ROOKIE-Rc-51-Vikings-PSA-10-GEM-MT/383406316552?hash=item5944cc1c08:g:jlMAAOSwjydeOZ-U
"
			Mar 04, 2020",N/A,54.99,De’Aaron Fox 2017 Select Silver Prizm Rookie PSA 10 RC Sacramento Kings,https://www.ebay.com/itm/De-Aaron-Fox-2017-Select-Silver-Prizm-Rookie-PSA-10-RC-Sacramento-Kings/323995640766?hash=item4b6fa523be:g:wK4AAOSwtqNeGjqE
"
			Mar 04, 2020",N/A,49.99,DE'AARON FOX 2017-18 PANINI SELECT SILVER PRIZM ROOKIE RC PSA 10 GEM MINT (#1),https://www.ebay.com/itm/DEAARON-FOX-2017-18-PANINI-SELECT-SILVER-PRIZM-ROOKIE-RC-PSA-10-GEM-MINT-1/362803397176?hash=item5478c48238:g:kzoAAOSwfBVdwX24
"
			Mar 04, 2020",N/A,49.99,DE'AARON FOX 2017-18 PANINI SELECT SILVER PRIZM ROOKIE RC PSA 10 GEM MINT (#2),https://www.ebay.com/itm/DEAARON-FOX-2017-18-PANINI-SELECT-SILVER-PRIZM-ROOKIE-RC-PSA-10-GEM-MINT-2/362803398079?hash=item5478c485bf:g:t1AAAOSwLtZdwX4n
"
			Mar 04, 2020",N/A,159.99,SHAI GILGEOUS ALEXANDER 2018 SELECT SILVER PRIZM ROOKIE RC #7 PSA 10 GEM POP 7,https://www.ebay.com/itm/SHAI-GILGEOUS-ALEXANDER-2018-SELECT-SILVER-PRIZM-ROOKIE-RC-7-PSA-10-GEM-POP-7/114102376594?hash=item1a91081892:g:SxwAAOSwe2JePJen
"
			Mar 04, 2020",N/A,125.0,2019-20 Ja Morant Prizm Draft Silver #2 PSA 10,https://www.ebay.com/itm/2019-20-Ja-Morant-Prizm-Draft-Silver-2-PSA-10/193363907173?hash=item2d05631265:g:rKAAAOSw1PNeWtt4
"
			Mar 04, 2020",N/A,129.99,2018 PANINI PRIZM SILVER MARVIN BAGLEY III PSA 10 GEM MINT,https://www.ebay.com/itm/2018-PANINI-PRIZM-SILVER-MARVIN-BAGLEY-III-PSA-10-GEM-MINT/274286380797?hash=item3fdcbe06fd:g:IiMAAOSwxR1eVVPX
"
			Mar 04, 2020",N/A,899.99,2017-18 PRIZM JAYSON TATUM ROOKIE SILVER RC BGS 9.5 TRUE GEM PSA 10?,https://www.ebay.com/itm/2017-18-PRIZM-JAYSON-TATUM-ROOKIE-SILVER-RC-BGS-9-5-TRUE-GEM-PSA-10/274294134177?hash=item3fdd3455a1:g:E4oAAOSwA9xeXeJ9
"
			Mar 04, 2020",N/A,1400.0,Luka Doncic 2018-19 Panini Prizm Silver #280 RC PSA 10 GEM MINT,https://www.ebay.com/itm/Luka-Doncic-2018-19-Panini-Prizm-Silver-280-RC-PSA-10-GEM-MINT/402115934387?hash=item5d9ffa38b3:g:7OIAAOSwSwdeUzgt
"
			Mar 04, 2020",N/A,1500.0,LUKA DONCIC 2018-19 Panini Prizm SILVER PRIZM PSA 10 RC #280 Refractor. INVEST!,https://www.ebay.com/itm/LUKA-DONCIC-2018-19-Panini-Prizm-SILVER-PRIZM-PSA-10-RC-280-Refractor-INVEST/333444539777?hash=item4da2d7e581:g:TvAAAOSws65d~Agd
"
			Mar 04, 2020",N/A,1399.0,PSA 10 2018-19 Panini Prizm LUKA DONCIC Silver Rookie RC!,https://www.ebay.com/itm/PSA-10-2018-19-Panini-Prizm-LUKA-DONCIC-Silver-Rookie-RC/254528281416?hash=item3b43115b48:g:FyEAAOSwHgdeXEIV
"
			Mar 04, 2020",N/A,25.0,2017-18 PRIZM EMERGENT #28 HARRY GILES SILVER PSA 10 GEM MINT,https://www.ebay.com/itm/2017-18-PRIZM-EMERGENT-28-HARRY-GILES-SILVER-PSA-10-GEM-MINT/223827840991?hash=item341d2dcfdf:g:lvMAAOSwq1ldyDQL
"
			Mar 04, 2020",N/A,129.9,2018 Panini Prizm Silver #6 LeBron James Los Angeles Lakers PSA 10 GEM MINT,https://www.ebay.com/itm/2018-Panini-Prizm-Silver-6-LeBron-James-Los-Angeles-Lakers-PSA-10-GEM-MINT/362932500821?hash=item5480767955:g:DqgAAOSwvuxeXa~Z
"
			Mar 04, 2020",N/A,126.5,2018 Panini PRIZM LeBRON JAMES SILVER Prizm #6 PSA 10 GEM MT Lakers,https://www.ebay.com/itm/2018-Panini-PRIZM-LeBRON-JAMES-SILVER-Prizm-6-PSA-10-GEM-MT-Lakers/233513613624?hash=item365e7ef938:g:JxkAAOSwg0deXqqz
"
			Mar 03, 2020",N/A,49.99,STEPHEN CURRY 2018-19 PRIZM SILVER PRIZM WARRIORS PSA 10 GEM MINT,https://www.ebay.com/itm/STEPHEN-CURRY-2018-19-PRIZM-SILVER-PRIZM-WARRIORS-PSA-10-GEM-MINT/264652973946?hash=item3d9e8be77a:g:glUAAOSw8~1eXCgX
"
			Mar 03, 2020",N/A,60.0,HOT 2017-18 Select DE'AARON FOX SILVER PRIZM Concourse ROOKIE 49 Kings RC PSA 10,https://www.ebay.com/itm/HOT-2017-18-Select-DEAARON-FOX-SILVER-PRIZM-Concourse-ROOKIE-49-Kings-RC-PSA-10/223931136625?hash=item342355fa71:g:EF0AAOSwfkxeWa4T
"
			Mar 03, 2020",N/A,251.99,DE'AARON FOX (KINGS) 2017 PANINI PRIZM (SILVER PRIZM) #24 PSA 10 (GEM MINT),https://www.ebay.com/itm/DEAARON-FOX-KINGS-2017-PANINI-PRIZM-SILVER-PRIZM-24-PSA-10-GEM-MINT/164035584791?hash=item2631486317:g:LUoAAOSwq4leIahw
"
			Mar 03, 2020",N/A,39.99,2015-16 Norman Powell RC Prizm Silver Refractor SP #337! PSA 10 GEM MINT!,https://www.ebay.com/itm/2015-16-Norman-Powell-RC-Prizm-Silver-Refractor-SP-337-PSA-10-GEM-MINT/124086425389?hash=item1ce420972d:g:dSgAAOSwStheSdUw
"
			Mar 03, 2020",N/A,249.99,PSA 10 2016-17 PRIZM SILVER PRIZMS CARIS LEVERT NETS RC GEM MINT ROOKIE,https://www.ebay.com/itm/PSA-10-2016-17-PRIZM-SILVER-PRIZMS-CARIS-LEVERT-NETS-RC-GEM-MINT-ROOKIE/114138611203?hash=item1a9330fe03:g:q7sAAOSwu-teXx3f
"
			Mar 03, 2020",N/A,235.99,2016-17 Panini Prizm CARIS LEVERT Rookie Card RC SILVER REFRACTOR #165 PSA 10,https://www.ebay.com/itm/2016-17-Panini-Prizm-CARIS-LEVERT-Rookie-Card-RC-SILVER-REFRACTOR-165-PSA-10/313017657663?hash=item48e14e693f:g:daEAAOSwxzleXyll
"
			Mar 03, 2020",N/A,239.99,2017-18 Panini Prizm Silver #24 De'Aaron Fox Sacramento Kings RC Rookie PSA 10,https://www.ebay.com/itm/2017-18-Panini-Prizm-Silver-24-DeAaron-Fox-Sacramento-Kings-RC-Rookie-PSA-10/223927791677?hash=item342322f03d:g:MbwAAOSwrzBeVZ6g
"
			Mar 03, 2020",N/A,229.0,2017-18 Panini Prizm Silver #24 De'Aaron Fox Sacramento Kings RC Rookie PSA 10,https://www.ebay.com/itm/2017-18-Panini-Prizm-Silver-24-DeAaron-Fox-Sacramento-Kings-RC-Rookie-PSA-10/362926990891?hash=item548022662b:g:Wg8AAOSwA2NeVqb2
"
			Mar 03, 2020",N/A,249.99,De'Aaron Fox 2017 2017-18 Prizm Silver Refractor RC #24 PSA 10 GEM,https://www.ebay.com/itm/DeAaron-Fox-2017-2017-18-Prizm-Silver-Refractor-RC-24-PSA-10-GEM/372906940007?hash=item56d2fc5667:g:uJ8AAOSwv8FdzJSL
"
			Mar 03, 2020",N/A,119.99,2018 Panini PRIZM DEVONTE GRAHAM SILVER Prizm #288 ROOKIE PSA 10 GEM MT HORNETS,https://www.ebay.com/itm/2018-Panini-PRIZM-DEVONTE-GRAHAM-SILVER-Prizm-288-ROOKIE-PSA-10-GEM-MT-HORNETS/333534530556?hash=item4da8350bfc:g:nQoAAOSwr6deXqe4
"
			Mar 03, 2020",N/A,49.95,2017-18 Panini Prizm Lauri Markkanen Emergent Hyper Silver Prizm PSA 10 GEM MINT,https://www.ebay.com/itm/2017-18-Panini-Prizm-Lauri-Markkanen-Emergent-Hyper-Silver-Prizm-PSA-10-GEM-MINT/293201170305?hash=item444426cf81:g:pbMAAOSwUGddYvGS
"
			Mar 03, 2020",N/A,90.0,2018-19 Panini Prizm Silver Freshman Phenoms Luka Doncic RC Rookie PSA 10,https://www.ebay.com/itm/2018-19-Panini-Prizm-Silver-Freshman-Phenoms-Luka-Doncic-RC-Rookie-PSA-10/184180970258?hash=item2ae20a9312:g:BNIAAOSw6zheUIBN
"
			Mar 03, 2020",N/A,149.0,2016-17 Panini Prizm Caris Levert Silver Rookie Refractor RC PSA 10 Nets,https://www.ebay.com/itm/2016-17-Panini-Prizm-Caris-Levert-Silver-Rookie-Refractor-RC-PSA-10-Nets/254519369808?hash=item3b42896050:g:JCIAAOSwFN9eUBud
"
			Mar 03, 2020",N/A,149.99,2016-17 Panini Prizm Caris Levert Silver Rookie Refractor RC PSA 10,https://www.ebay.com/itm/2016-17-Panini-Prizm-Caris-Levert-Silver-Rookie-Refractor-RC-PSA-10/323993663852?hash=item4b6f86f96c:g:6MsAAOSw7q5dy7WW
"
			Mar 03, 2020",N/A,248.99,2017-18 Panini Prizm BAM ADEBAYO SILVER PSA 10! HOT! ALL STAR! HEAT!,https://www.ebay.com/itm/2017-18-Panini-Prizm-BAM-ADEBAYO-SILVER-PSA-10-HOT-ALL-STAR-HEAT/143539455392?hash=item216b9e45a0:g:5WIAAOSwi-heSd4d
"
			Mar 03, 2020",N/A,69.99,PSA 10 2016-17 OPTIC HOLO SILVER PRIZMS CARIS LEVERT AUTO AUTOGRAPH RC GEM MINT,https://www.ebay.com/itm/PSA-10-2016-17-OPTIC-HOLO-SILVER-PRIZMS-CARIS-LEVERT-AUTO-AUTOGRAPH-RC-GEM-MINT/114123048081?hash=item1a92438491:g:hZ4AAOSwqMteTfRO
"
			Mar 03, 2020",N/A,99.99,Tyler Herro - 2019 Panini Prizm Draft Picks SILVER Rookie RC Gem Mint PSA 10,https://www.ebay.com/itm/Tyler-Herro-2019-Panini-Prizm-Draft-Picks-SILVER-Rookie-RC-Gem-Mint-PSA-10/254527342152?hash=item3b43030648:g:EXgAAOSwOfxeW05n
"
			Mar 03, 2020",N/A,139.99,PSA 10 2016-17 PRIZM SILVER PRIZMS CARIS LEVERT NETS RC GEM MINT ROOKIE,https://www.ebay.com/itm/PSA-10-2016-17-PRIZM-SILVER-PRIZMS-CARIS-LEVERT-NETS-RC-GEM-MINT-ROOKIE/114007128871?hash=item1a8b5abb27:g:YO4AAOSw6h9do87g
"
			Mar 03, 2020",N/A,299.99,2019-20 Panini Prizm Instant Impact Silver Rookie Zion Williamson RC SP PSA 10,https://www.ebay.com/itm/2019-20-Panini-Prizm-Instant-Impact-Silver-Rookie-Zion-Williamson-RC-SP-PSA-10/193368056966?hash=item2d05a26486:g:kCcAAOSwZJReXuhs
"
			Mar 03, 2020",N/A,199.99,ZION WILLIAMSON 2019-20 Prizm Draft Picks SILVER PRIZM card #64 PSA 10 Gem Mint,https://www.ebay.com/itm/ZION-WILLIAMSON-2019-20-Prizm-Draft-Picks-SILVER-PRIZM-card-64-PSA-10-Gem-Mint/184195198077?hash=item2ae2e3ac7d:g:xrkAAOSw~15eXbqH
"
			Mar 03, 2020",N/A,175.0,2015 Panini Prizm Karl Anthony Towns Rookie PSA 10 & Silver Select RC PSA 10,https://www.ebay.com/itm/2015-Panini-Prizm-Karl-Anthony-Towns-Rookie-PSA-10-Silver-Select-RC-PSA-10/264537015818?hash=item3d97a2860a:g:dZUAAOSwR8hd0hzT
"
			Mar 03, 2020",N/A,125.0,2017 Panini Prizm Silver Lonnie Walker IV Rookie Card RC PSA 10 San Antonio Spur,https://www.ebay.com/itm/2017-Panini-Prizm-Silver-Lonnie-Walker-IV-Rookie-Card-RC-PSA-10-San-Antonio-Spur/333425217359?hash=item4da1b10f4f:g:5LQAAOSwMi5d6IUX
"
			Mar 03, 2020",N/A,275.0,Lonzo Ball 2017-18 Prizm *Silver* RC PSA 10 Gem Mint Lakers! Pelicans!,https://www.ebay.com/itm/Lonzo-Ball-2017-18-Prizm-Silver-RC-PSA-10-Gem-Mint-Lakers-Pelicans/352986388873?hash=item522fa0d989:g:BXUAAOSwPf1eWyrS
"
			Mar 03, 2020",N/A,1400.0,2018-19 Panini Prizm Prizms Silver #280 Luka Doncic Rookie Card PSA 10 Gem Mint,https://www.ebay.com/itm/2018-19-Panini-Prizm-Prizms-Silver-280-Luka-Doncic-Rookie-Card-PSA-10-Gem-Mint/313012206845?hash=item48e0fb3cfd:g:9QkAAOSwqNdeWF4D
"
			Mar 03, 2020",N/A,249.0,2019-20 Prizm Draft Picks ZION WILLIAMSON Silver Prizm Rookie PSA 10 Gem Mint 💎,https://www.ebay.com/itm/2019-20-Prizm-Draft-Picks-ZION-WILLIAMSON-Silver-Prizm-Rookie-PSA-10-Gem-Mint/184175146379?hash=item2ae1b1b58b:g:3roAAOSw7aBeSxJN
"
			Mar 03, 2020",N/A,319.0,2018-19 Panini Prizm #184 SHAI GILGEOUS-ALEXA,https://www.ebay.com/itm/2018-19-Panini-Prizm-184-SHAI-GILGEOUS-ALEXANDERS-Silver-Prizm-PSA-10-Gem-Mint/153850216048?hash=item23d22ffe70:g:3i4AAOSwVyheW8eH
"
			Mar 03, 2020",N/A,299.99,SHAI GILGEOUS ALEXANDER 2018 19 PANINI PRIZM SILVER PRIZM ROOKIE PSA 10,https://www.ebay.com/itm/SHAI-GILGEOUS-ALEXANDER-2018-19-PANINI-PRIZM-SILVER-PRIZM-ROOKIE-PSA-10/293384902902?hash=item444f1a58f6:g:5gkAAOSw8q9d~BOU
"
			Mar 03, 2020",N/A,275.0,2017-18 Panini Prizm De’Aaron Fox Silver Refractor Rc Rookie PSA 10,https://www.ebay.com/itm/2017-18-Panini-Prizm-De-Aaron-Fox-Silver-Refractor-Rc-Rookie-PSA-10/303442509990?hash=item46a69540a6:g:9QMAAOSwM6ZdteTU
"
			Mar 03, 2020",N/A,160.0,2018-19 Prizm DeANDRE AYTON SILVER Prizm Auto Rookie PSA 10 PHOENIX SUNS,https://www.ebay.com/itm/2018-19-Prizm-DeANDRE-AYTON-SILVER-Prizm-Auto-Rookie-PSA-10-PHOENIX-SUNS/223935464624?hash=item34239804b0:g:VAYAAOSwc1JeXsI~
"
			Mar 03, 2020",N/A,55.0,2017-18 SELECT DE'AARON FOX SILVER PRIZM PREMIER LEVEL RC PSA 10 Qty Avail,https://www.ebay.com/itm/2017-18-SELECT-DEAARON-FOX-SILVER-PRIZM-PREMIER-LEVEL-RC-PSA-10-Qty-Avail/333477855882?hash=item4da4d4428a:g:2JgAAOSw4qZeG4jZ
"
			Mar 03, 2020",N/A,27.5,2019 Panini PRIZM Dp #4 DE’ANDRE HUNTER SILVER PRIZM RC PSA 10 GEM -Hawks Rookie,https://www.ebay.com/itm/2019-Panini-PRIZM-Dp-4-DE-ANDRE-HUNTER-SILVER-PRIZM-RC-PSA-10-GEM-Hawks-Rookie/184146231375?hash=item2adff8804f:g:kK4AAOSwgN5eLRmw
"
			Mar 03, 2020",N/A,379.9,2018 Panini Select Silver Prizm #122 Luka Doncic RC Rookie PSA 10 GEM MINT,https://www.ebay.com/itm/2018-Panini-Select-Silver-Prizm-122-Luka-Doncic-RC-Rookie-PSA-10-GEM-MINT/383445754485?hash=item594725e275:g:yV8AAOSwvVZeXasC
"
			Mar 03, 2020",N/A,596.0,LeBRON JAMES 2019-20 PRIZM SILVER PRIZM SP PSA 10 GEM MINT LOS ANGELES LAKERS,https://www.ebay.com/itm/LeBRON-JAMES-2019-20-PRIZM-SILVER-PRIZM-SP-PSA-10-GEM-MINT-LOS-ANGELES-LAKERS/372970849204?hash=item56d6cb83b4:g:ddQAAOSw~KxeW8h6
"
			Mar 03, 2020",N/A,49.99,2017-18 Select DE'AARON FOX SILVER Prizm Rookie PSA 10 SACRAMENTO KINGS,https://www.ebay.com/itm/2017-18-Select-DEAARON-FOX-SILVER-Prizm-Rookie-PSA-10-SACRAMENTO-KINGS/362867837327?hash=item547c9bc98f:g:NrYAAOSw6tNeC5cB
"
			Mar 03, 2020",N/A,110.0,2018-19 Panini Prizm Silver # 251 Lonnie Walker IV Rookie PSA 10 Gem Mint🔥,https://www.ebay.com/itm/2018-19-Panini-Prizm-Silver-251-Lonnie-Walker-IV-Rookie-PSA-10-Gem-Mint/402053488619?hash=item5d9c415feb:g:QnsAAOSwmjZeLj46
"
			Mar 03, 2020",N/A,169.95,PSA 10 2017-18 Panini Prizm KYLE KUZMA Silver Rookie Refractor RC,https://www.ebay.com/itm/PSA-10-2017-18-Panini-Prizm-KYLE-KUZMA-Silver-Rookie-Refractor-RC/274198519214?hash=item3fd7815dae:g:zCoAAOSwG5teGpcD
"
			Mar 03, 2020",N/A,149.99,Dejounte Murray RC 2016-17 Panini Prizm Rookie Silver PSA 10,https://www.ebay.com/itm/Dejounte-Murray-RC-2016-17-Panini-Prizm-Rookie-Silver-PSA-10/143489579803?hash=item2168a53b1b:g:XnEAAOSwyWFeDe3y
"
			Mar 03, 2020",N/A,224.99,2017 Panini Prizm Silver #51 Bam Adebayo Heat RC PSA 10 GEM MINT,https://www.ebay.com/itm/2017-Panini-Prizm-Silver-51-Bam-Adebayo-Heat-RC-PSA-10-GEM-MINT/313007933815?hash=item48e0ba0977:g:N1kAAOSwhZheUsoR
"
			Mar 03, 2020",N/A,299.99,2019-20 Panini Prizm Silver #249 Ja Morant Grizzlies RC BGS 9 .5 Away PSA 10?,https://www.ebay.com/itm/2019-20-Panini-Prizm-Silver-249-Ja-Morant-Grizzlies-RC-BGS-9-5-Away-PSA-10/184193550413?hash=item2ae2ca884d:g:mLYAAOSwovFeXG6g
"
			Mar 03, 2020",N/A,105.72,2017-18 PRIZM SILVER PRIZM REFRACTOR PSA 10 GEM MINT ROOKIE OG ANUNOBY RC #38,https://www.ebay.com/itm/2017-18-PRIZM-SILVER-PRIZM-REFRACTOR-PSA-10-GEM-MINT-ROOKIE-OG-ANUNOBY-RC-38/223927357510?hash=item34231c5046:g:ntsAAOSw4TVeH0DT
"
			Mar 03, 2020",N/A,649.99,TRAE YOUNG 2018/19 PANINI PRIZM #78 RC ROOKIE SILVER PRIZMS SP PSA 10 GEM MINT,https://www.ebay.com/itm/TRAE-YOUNG-2018-19-PANINI-PRIZM-78-RC-ROOKIE-SILVER-PRIZMS-SP-PSA-10-GEM-MINT/313012250185?hash=item48e0fbe649:g:98UAAOSwLB5eWGoU
"
			Mar 03, 2020",N/A,29.99,2017-18 PANINI PRIZM FRANK MASON III #26 ROOKIE SILVER PARALLEL PSA 10 GEM MINT,https://www.ebay.com/itm/2017-18-PANINI-PRIZM-FRANK-MASON-III-26-ROOKIE-SILVER-PARALLEL-PSA-10-GEM-MINT/114097693358?hash=item1a90c0a2ae:g:zIkAAOSwgedeLfvV
"
			Mar 03, 2020",N/A,3299.0,2019 Panini Prizm Zion Williamson SILVER Prizm ROOKIE RC #248 PSA 10 GEM MINT,https://www.ebay.com/itm/2019-Panini-Prizm-Zion-Williamson-SILVER-Prizm-ROOKIE-RC-248-PSA-10-GEM-MINT/274293580083?hash=item3fdd2be133:g:RLoAAOSwlBteXUfU
"
			Mar 03, 2020",N/A,124.99,2018-19 Panini Prizm Lonnie Walker IV Fast Break Silver Prizm PSA 10 RC Rookie,https://www.ebay.com/itm/2018-19-Panini-Prizm-Lonnie-Walker-IV-Fast-Break-Silver-Prizm-PSA-10-RC-Rookie/283730178948?hash=item420fa2f384:g:oF4AAOSwpbheDjV8
"
			Mar 03, 2020",N/A,469.99,PSA 10 LeBron James 2019-20 Silver Prizm #129 Gem Mint Lakers,https://www.ebay.com/itm/PSA-10-LeBron-James-2019-20-Silver-Prizm-129-Gem-Mint-Lakers/114137649617?hash=item1a932251d1:g:KeQAAOSwhgxeXd48
"
			Mar 03, 2020",N/A,450.0,2019 Panini Prizm #129 Lebron James SILVER PRIZM PSA 10 GEM MINT,https://www.ebay.com/itm/2019-Panini-Prizm-129-Lebron-James-SILVER-PRIZM-PSA-10-GEM-MINT/254529518685?hash=item3b43243c5d:g:OncAAOSwsKNeXarQ
"
			Mar 03, 2020",N/A,40.0,LeBron James 2018 Panini Prizm Dominance Silver Prizm Refractor PSA 10 Gem Mt,https://www.ebay.com/itm/LeBron-James-2018-Panini-Prizm-Dominance-Silver-Prizm-Refractor-PSA-10-Gem-Mt/223889819311?hash=item3420df86af:g:B6wAAOSwpI5eNeFX
"
			Mar 03, 2020",N/A,650.0,2018-19 Panini Prizm Silver #78 TRAE YOUNG Hawks RC Rookie PSA 10 GEM MINT 🔥🔥,https://www.ebay.com/itm/2018-19-Panini-Prizm-Silver-78-TRAE-YOUNG-Hawks-RC-Rookie-PSA-10-GEM-MINT/133325136808?hash=item1f0acc23a8:g:F2YAAOSwZDxeOb6p
"
			Mar 03, 2020",N/A,64.9,2018 Panini Prizm Silver Mitchell Robinson RC Rookie PSA 10 GEM MINT,https://www.ebay.com/itm/2018-Panini-Prizm-Silver-Mitchell-Robinson-RC-Rookie-PSA-10-GEM-MINT/372972478538?hash=item56d6e4604a:g:ulQAAOSwNOxeXWeR
"
			Mar 03, 2020",N/A,59.0,2018 Panini Silver Prizm Lonnie Walker IV #251 PSA 10 San Antonio Spurs,https://www.ebay.com/itm/2018-Panini-Silver-Prizm-Lonnie-Walker-IV-251-PSA-10-San-Antonio-Spurs/153848718561?hash=item23d21924e1:g:G9oAAOSwDkleWc1D
"
			Mar 02, 2020",N/A,22.99,2018-19 Panini Prizm OMARI SPELLMAN Silver Prizm PSA 10 Gem Mint!,https://www.ebay.com/itm/2018-19-Panini-Prizm-OMARI-SPELLMAN-Silver-Prizm-PSA-10-Gem-Mint/264636742275?hash=item3d9d943a83:g:H58AAOSwTRZeSWYd
"
			Mar 02, 2020",N/A,74.99,2014 Panini Prizm 101 Derrick Rose Silver Prizm PSA 10 POP 1,https://www.ebay.com/itm/2014-Panini-Prizm-101-Derrick-Rose-Silver-Prizm-PSA-10-POP-1/174144294827?hash=item288bcf0fab:g:PZ4AAOSwOA9eDsam
"
			Mar 02, 2020",N/A,249.99,Trae Young Panini Prizm Psa 10 Rookie Hawks Nom Silver Base Hot,https://www.ebay.com/itm/Trae-Young-Panini-Prizm-Psa-10-Rookie-Hawks-Nom-Silver-Base-Hot/202919333211?hash=item2f3eef4d5b:g:ixkAAOSwxVteXWdi
N/A,N/A,1500.0,JAYSON TATUM 2017/18 PANINI PRIZM #16 RC ROOKIE SILVER PRIZM  PSA 10 GEM MINT,https://www.ebay.com/itm/JAYSON-TATUM-2017-18-PANINI-PRIZM-16-RC-ROOKIE-SILVER-PRIZM-PSA-10-GEM-MINT/193364992356?hash=item2d0573a164:g:twsAAOSwckdeXAl1
"
			Mar 02, 2020",N/A,154.0,JAREN JACKSON JR 2018 19 PANINI PRIZM SILVER PRIZM ROOKIE RC PSA 10,https://www.ebay.com/itm/JAREN-JACKSON-JR-2018-19-PANINI-PRIZM-SILVER-PRIZM-ROOKIE-RC-PSA-10/274286486589?hash=item3fdcbfa43d:g:DBoAAOSwB05eVW3m
"
			Mar 02, 2020",N/A,189.0,2018 Panini Silver Prizm Michael Porter Jr #32 PSA 10 Denver Nuggets,https://www.ebay.com/itm/2018-Panini-Silver-Prizm-Michael-Porter-Jr-32-PSA-10-Denver-Nuggets/153848718167?hash=item23d2192357:g:9W4AAOSwyyleWczx
"
			Mar 02, 2020",N/A,26.99,Omari Spellman 2018-19 Panini Prizm Silver Prizm PSA 10 Gem Mint,https://www.ebay.com/itm/Omari-Spellman-2018-19-Panini-Prizm-Silver-Prizm-PSA-10-Gem-Mint/143534310414?hash=item216b4fc40e:g:jUEAAOSwyKZeSO1M
"
			Mar 02, 2020",N/A,149.0,2018 Panini Prizm DeAndre Ayton Silver Prizm PSA 10 #279 Suns RC Rookie Suns,https://www.ebay.com/itm/2018-Panini-Prizm-DeAndre-Ayton-Silver-Prizm-PSA-10-279-Suns-RC-Rookie-Suns/283800134306?hash=item4213ce62a2:g:hlkAAOSw0bleWwbL
"
			Mar 02, 2020",N/A,580.0,Trae Young 2018 Panini Prizm Silver RC Gen Mint PSA 10,https://www.ebay.com/itm/Trae-Young-2018-Panini-Prizm-Silver-RC-Gen-Mint-PSA-10/174110013930?hash=item2889c3f9ea:g:ojIAAOSwGshd4DNZ
"
			Mar 02, 2020",N/A,154.99,2018 Panini Prizm DeAndre Ayton Silver Prizm PSA 10 #279 Suns RC Rookie Suns,https://www.ebay.com/itm/2018-Panini-Prizm-DeAndre-Ayton-Silver-Prizm-PSA-10-279-Suns-RC-Rookie-Suns/392701481519?hash=item5b6ed5122f:g:ICEAAOSw00JeVRmn
"
			Mar 02, 2020",N/A,649.99,2018-19 Panini Prizm Trae Young Silver Prizm Rookie RC PSA 10 Hawks 🔥,https://www.ebay.com/itm/2018-19-Panini-Prizm-Trae-Young-Silver-Prizm-Rookie-RC-PSA-10-Hawks/143546074933?hash=item216c034735:g:AQkAAOSwlLReXcfU
"
			Mar 02, 2020",N/A,619.99,2018-19 PANINI PRIZM TRAE YOUNG SILVER PRIZMS PSA 10 - GEM MINT,https://www.ebay.com/itm/2018-19-PANINI-PRIZM-TRAE-YOUNG-SILVER-PRIZMS-PSA-10-GEM-MINT/114136841743?hash=item1a9315fe0f:g:EQcAAOSwO8xeXRXY
"
			Mar 02, 2020",N/A,699.99,2019-20 Panini Prizm COBY WHITE Silver Prizm Auto Rookie RC PSA 10 POP 1! 🔥🔥,https://www.ebay.com/itm/2019-20-Panini-Prizm-COBY-WHITE-Silver-Prizm-Auto-Rookie-RC-PSA-10-POP-1/143541622526?hash=item216bbf56fe:g:Q-MAAOSwsEteVgeK
"
			Mar 02, 2020",N/A,80.0,2018-19 Panini Prizm Silver #68 Kevin Huerter Atlanta Hawks RC Rookie PSA 10,https://www.ebay.com/itm/2018-19-Panini-Prizm-Silver-68-Kevin-Huerter-Atlanta-Hawks-RC-Rookie-PSA-10/223933189519?hash=item3423754d8f:g:jhsAAOSwO5BeXCEa
"
			Mar 02, 2020",N/A,650.0,2017-18 Panini Prizm Donovan Mitchell Silver Auto RC PSA 10 low pop low bin hig$,https://www.ebay.com/itm/2017-18-Panini-Prizm-Donovan-Mitchell-Silver-Auto-RC-PSA-10-low-pop-low-bin-hig/164049891298?hash=item263222afe2:g:W2AAAOSwwRReOK7r
"
			Mar 02, 2020",N/A,19.99,2015-16 Panini Prizm LARRY NANCE JR #302 Silver PSA 10 Gem Mint Rookie RC Lakers,https://www.ebay.com/itm/2015-16-Panini-Prizm-LARRY-NANCE-JR-302-Silver-PSA-10-Gem-Mint-Rookie-RC-Lakers/113707390610?hash=item1a797d1692:g:WUAAAOSwUGxdZYWv
"
			Mar 02, 2020",N/A,21.5,2018-19 Panini Prizm Silver Prizm Refractor #39 Russell Westbrook PSA 10 Gem MT,https://www.ebay.com/itm/2018-19-Panini-Prizm-Silver-Prizm-Refractor-39-Russell-Westbrook-PSA-10-Gem-MT/283695949327?hash=item420d98a60f:g:~-IAAOSwd2deCHcr
"
			Mar 02, 2020",N/A,22.1,2018-19 Panini Prizm Silver Luck Of The Lottery DeAndre Ayton RC Rookie PSA 10,https://www.ebay.com/itm/2018-19-Panini-Prizm-Silver-Luck-Of-The-Lottery-DeAndre-Ayton-RC-Rookie-PSA-10/402113560519?hash=item5d9fd5ffc7:g:DG8AAOSw6INeUeRd
"
			Mar 02, 2020",N/A,1399.99,Jayson Tatum 2017-18 Panini Prizm Silver - PSA 10,https://www.ebay.com/itm/Jayson-Tatum-2017-18-Panini-Prizm-Silver-PSA-10/233508958727?hash=item365e37f207:g:cOYAAOSw69BeWP~c
"
			Mar 02, 2020",N/A,19.99,POP 10 2018 PRIZM RUSSELL WESTBROOK SILVER REFRACTOR PSA 10 #39 ROCKETS,https://www.ebay.com/itm/POP-10-2018-PRIZM-RUSSELL-WESTBROOK-SILVER-REFRACTOR-PSA-10-39-ROCKETS/303400703650?hash=item46a41756a2:g:dOgAAOSwdndd8pbt
"
			Mar 02, 2020",N/A,30.0,2017-18 Panini Prizm Frank Mason III Silver Prizm RC PSA 10 Gem Mint! INVEST!,https://www.ebay.com/itm/2017-18-Panini-Prizm-Frank-Mason-III-Silver-Prizm-RC-PSA-10-Gem-Mint-INVEST/362925366198?hash=item5480099bb6:g:bkEAAOSwce1eVGuu
"
			Mar 02, 2020",N/A,249.99,Coby White 2019-20 Prizm Silver RC Refractor PSA 10 Gem Mint Chicago Bulls #253,https://www.ebay.com/itm/Coby-White-2019-20-Prizm-Silver-RC-Refractor-PSA-10-Gem-Mint-Chicago-Bulls-253/193366044216?hash=item2d0583ae38:g:APMAAOSwTw1eXP3g
"
			Mar 02, 2020",N/A,49.99,LeBRON JAMES 2016-17 PRIZM MOSIAC SILVER REFRACTOR INSERT #64 PSA 10 *LAKERS*,https://www.ebay.com/itm/LeBRON-JAMES-2016-17-PRIZM-MOSIAC-SILVER-REFRACTOR-INSERT-64-PSA-10-LAKERS/114071791508?hash=item1a8f356794:g:vy0AAOSwFR5eIlob
"
			Mar 02, 2020",N/A,34.99,2018 Panini Prizm Shai Gilgeous-Alexa,https://www.ebay.com/itm/2018-Panini-Prizm-Shai-Gilgeous-Alexander-Silver-RC-Fresh-Silver-PSA-10-Thunder/133190610140?hash=item1f02c76cdc:g:46MAAOSwubddlVn9
"
			Mar 02, 2020",N/A,249.95,JOHN COLLINS 2017-18 PANINI PRIZM SILVER AUTO AUTOGRAPH ROOKIE RC HAWKS PSA 10,https://www.ebay.com/itm/JOHN-COLLINS-2017-18-PANINI-PRIZM-SILVER-AUTO-AUTOGRAPH-ROOKIE-RC-HAWKS-PSA-10/264582121921?hash=item3d9a52c9c1:g:RV0AAOSwG11eCOrX
"
			Mar 02, 2020",N/A,69.99,2017-18 Select Silver Prizm Lonzo Ball Los Angeles Lakers RC Rookie PSA 10,https://www.ebay.com/itm/2017-18-Select-Silver-Prizm-Lonzo-Ball-Los-Angeles-Lakers-RC-Rookie-PSA-10/254520999195?hash=item3b42a23d1b:g:GhkAAOSw8hReUqJM
"
			Mar 02, 2020",N/A,124.95,DARIUS GARLAND 2019-20 PANINI PRIZM SILVER PRIZMS RC #288 GEM PSA 10 CAVALIERS,https://www.ebay.com/itm/DARIUS-GARLAND-2019-20-PANINI-PRIZM-SILVER-PRIZMS-RC-288-GEM-PSA-10-CAVALIERS/352988978970?hash=item522fc85f1a:g:JDsAAOSwm8teXIOC
"
			Mar 02, 2020",N/A,199.95,D'ANGELO RUSSELL 2015-16 PANINI PRIZM SILVER PRIZMS RC #322 GEM PSA 10,https://www.ebay.com/itm/DANGELO-RUSSELL-2015-16-PANINI-PRIZM-SILVER-PRIZMS-RC-322-GEM-PSA-10/383444303446?hash=item59470fbe56:g:XIQAAOSwo~BeXHuY
"
			Mar 02, 2020",N/A,24.99,2018 PANINI PRIZM SILVER #225 TIM DUNCAN POP 6 PSA 10 K2851498-356,https://www.ebay.com/itm/2018-PANINI-PRIZM-SILVER-225-TIM-DUNCAN-POP-6-PSA-10-K2851498-356/362925089786?hash=item54800563fa:g:8GwAAOSwssdeXUd5
"
			Mar 02, 2020",N/A,74.99,PSA 10 John Collins 2018 Select Signatures Silver Prizm #JCL Auto Gem Mint /199,https://www.ebay.com/itm/PSA-10-John-Collins-2018-Select-Signatures-Silver-Prizm-JCL-Auto-Gem-Mint-199/124103479141?hash=item1ce524cf65:g:48UAAOSw3e5eXJjd
"
			Mar 02, 2020",N/A,59.99,2014/15 PANINI PRIZM JERAMI GRANT SILVER PRIZM RC PSA 10,https://www.ebay.com/itm/2014-15-PANINI-PRIZM-JERAMI-GRANT-SILVER-PRIZM-RC-PSA-10/233487784561?hash=item365cf4da71:g:8KkAAOSwRS9ePMv0
"
			Mar 02, 2020",N/A,695.0,2012-13 Panini Select Silver Prizm #66 LeBron James Miami Heat PSA 10 GEM MINT,https://www.ebay.com/itm/2012-13-Panini-Select-Silver-Prizm-66-LeBron-James-Miami-Heat-PSA-10-GEM-MINT/223910455484?hash=item34221a68bc:g:FaUAAOSwGIJeRsmY
"
			Mar 02, 2020",N/A,350.0,2018 Panini Select #142 Trae Young Silver Prizm Premier Level RC PSA 10 GEM MINT,https://www.ebay.com/itm/2018-Panini-Select-142-Trae-Young-Silver-Prizm-Premier-Level-RC-PSA-10-GEM-MINT/124103786357?hash=item1ce5297f75:g:Uj4AAOSwqJReNSIq
"
			Mar 02, 2020",N/A,39.99,2018-19 Panini Prizm TRAE YOUNG Freshman Phenoms Silver Prizm PSA 10 Gem Mint!,https://www.ebay.com/itm/2018-19-Panini-Prizm-TRAE-YOUNG-Freshman-Phenoms-Silver-Prizm-PSA-10-Gem-Mint/293349481305?hash=item444cfddb59:g:HuMAAOSw1qVd3VtZ
"
			Mar 02, 2020",N/A,39.99,TRAE YOUNG 2018-19 PRIZM EMERGENT SILVER ROOKIE RC PSA 10 GEM MINT ATLANTA HAWKS,https://www.ebay.com/itm/TRAE-YOUNG-2018-19-PRIZM-EMERGENT-SILVER-ROOKIE-RC-PSA-10-GEM-MINT-ATLANTA-HAWKS/362919189616?hash=item547fab5c70:g:yZEAAOSwzWFeTDkW
"
			Mar 02, 2020",N/A,100.0,DWYANE WADE 2013-14 Prizm Silver SP PSA 10 POP 8 Miami Heat,https://www.ebay.com/itm/DWYANE-WADE-2013-14-Prizm-Silver-SP-PSA-10-POP-8-Miami-Heat/352980167337?hash=item522f41eaa9:g:H1QAAOSw6INeIOpc
"
			Mar 02, 2020",N/A,244.99,2017-18 Panini Prizm Silver #24 De'Aaron Fox Sacramento Kings RC Rookie PSA 10,https://www.ebay.com/itm/2017-18-Panini-Prizm-Silver-24-DeAaron-Fox-Sacramento-Kings-RC-Rookie-PSA-10/274292688699?hash=item3fdd1e473b:g:mXMAAOSwD2leXFbu
"
			Mar 02, 2020",N/A,300.0,2018-2019 Panini Prizm Marvin Bagley SILVER Lot (2 PSA 10 Silvers!!!),https://www.ebay.com/itm/2018-2019-Panini-Prizm-Marvin-Bagley-SILVER-Lot-2-PSA-10-Silvers/114136361601?hash=item1a930eaa81:g:X5cAAOSw-uFeXImk
"
			Mar 02, 2020",N/A,195.0,Deandre Ayton 2018-19 Panini Prizm Silver Refractor PSA 10 Gem Mint RC Rookie 🔥,https://www.ebay.com/itm/Deandre-Ayton-2018-19-Panini-Prizm-Silver-Refractor-PSA-10-Gem-Mint-RC-Rookie/293478109370?hash=item4454a890ba:g:R14AAOSwEhleSFob
"
			Mar 02, 2020",N/A,39.95,2018-19 Panini Prizm Silver Emergent Trae Young Hawks RC Rookie PSA 10 GEM MINT,https://www.ebay.com/itm/2018-19-Panini-Prizm-Silver-Emergent-Trae-Young-Hawks-RC-Rookie-PSA-10-GEM-MINT/254526686247?hash=item3b42f90427:g:RKQAAOSw-F1eWoGo
"
			Mar 02, 2020",N/A,149.99,Marvin Bagley 2018-19 Panini Prizm Prizms Silver Rookie Rc #181 PSA 10 GEM MT,https://www.ebay.com/itm/Marvin-Bagley-2018-19-Panini-Prizm-Prizms-Silver-Rookie-Rc-181-PSA-10-GEM-MT/164088017568?hash=item26346872a0:g:Dm8AAOSw5eNeTKlI
"
			Mar 02, 2020",N/A,2400.0,🔥 2019-20 Panini Prizm Silver #248 Zion Williamson RC Rookie PSA 10 INVEST!🔥,https://www.ebay.com/itm/2019-20-Panini-Prizm-Silver-248-Zion-Williamson-RC-Rookie-PSA-10-INVEST/333533172271?hash=item4da820522f:g:XIEAAOSwHP5eXRNn
"
			Mar 02, 2020",N/A,39.99,RJ Barrett RC 2019-20 Prizm Red White Blue & PJ Washington Silver Prizm PSA 10,https://www.ebay.com/itm/RJ-Barrett-RC-2019-20-Prizm-Red-White-Blue-PJ-Washington-Silver-Prizm-PSA-10/293495309222?hash=item4455af03a6:g:rn4AAOSwl4xeWW~G
"
			Mar 02, 2020",N/A,2200.0,2019-20 Panini Prizm Silver #248 Zion Williamson RC Rookie PSA 10,https://www.ebay.com/itm/2019-20-Panini-Prizm-Silver-248-Zion-Williamson-RC-Rookie-PSA-10/233511992100?hash=item365e663b24:g:HF0AAOSwHwReXL6W
"
			Mar 02, 2020",N/A,449.99,DONOVAN MITCHELL 2017-18 PANINI SILVER PRIZM ROOKE RC PSA 10 GEM MINT,https://www.ebay.com/itm/DONOVAN-MITCHELL-2017-18-PANINI-SILVER-PRIZM-ROOKE-RC-PSA-10-GEM-MINT/313011805826?hash=item48e0f51e82:g:1vgAAOSwdWZeV9k2
"
			Mar 02, 2020",N/A,49.99,2018 PRIZM ALLONZO TRIER SILVER PRIZM SP RC #209 PSA 10 GEM MINT KNICKS NICE!,https://www.ebay.com/itm/2018-PRIZM-ALLONZO-TRIER-SILVER-PRIZM-SP-RC-209-PSA-10-GEM-MINT-KNICKS-NICE/324010614982?hash=item4b7089a0c6:g:LowAAOSwkt9cmlDp
"
			Mar 02, 2020",N/A,245.0,TRAE YOUNG 2018-19 PANINI PRIZM ROOKIE RC #78 PSA 10 GEM MINT Base Not Silver,https://www.ebay.com/itm/TRAE-YOUNG-2018-19-PANINI-PRIZM-ROOKIE-RC-78-PSA-10-GEM-MINT-Base-Not-Silver/274292461939?hash=item3fdd1ad173:g:9MIAAOSwScNeXBWJ
"
			Mar 02, 2020",N/A,1399.0,Jayson Tatum Prizm Silver RC PSA 10 Rookie BGS 10?,https://www.ebay.com/itm/Jayson-Tatum-Prizm-Silver-RC-PSA-10-Rookie-BGS-10/372969421281?hash=item56d6b5b9e1:g:Lr4AAOSwZPVeWdVc
"
			Mar 02, 2020",N/A,245.0,2017 Bam Adebayo Miami Heat Rookie RC Prizm Silver PSA 10 Gem Mt,https://www.ebay.com/itm/2017-Bam-Adebayo-Miami-Heat-Rookie-RC-Prizm-Silver-PSA-10-Gem-Mt/174205303285?hash=item288f71f9f5:g:9VcAAOSwRYReWU-H
"
			Mar 02, 2020",N/A,289.0,2016 Jaylen Brown Panini Prizm Silver Prizm Refractor RC Rookie #44 PSA 10,https://www.ebay.com/itm/2016-Jaylen-Brown-Panini-Prizm-Silver-Prizm-Refractor-RC-Rookie-44-PSA-10/223932845978?hash=item3423700f9a:g:6fEAAOSwETxeW-AA
"
			Mar 01, 2020",N/A,135.99,Lot of (2) 2018-19 Panini Prizm MITCHELL ROBINSON Silver Prizm PSA 10 Gem Mint!,https://www.ebay.com/itm/Lot-of-2-2018-19-Panini-Prizm-MITCHELL-ROBINSON-Silver-Prizm-PSA-10-Gem-Mint/264635905145?hash=item3d9d877479:g:UI8AAOSwXqpeSF8u
